Title ID	Region	Name	PKG direct link	RAP	Content ID	Last Modification Date	Download .RAP file	File Size	SHA256
BCUS98227	US	Puppeteer™ Moon Bear King Avatar	http://zeus.dl.playstation.net/cdn/UP9000/BCUS98227_00/HKmDwUuYsIlenitOqywVxWydcJiSXwEFLYiBtUCFFMqMmFclzWisfQHpajwEBwtF.pkg	MISSING	UP9000-BCUS98227_00-UAPPMOONBEARKING			102400	
BCUS98227	US	Puppeteer™ Kutaro Avatar	http://zeus.dl.playstation.net/cdn/UP9000/BCUS98227_00/mTaLbpLDZZOIXFlrqWzUzIcZdeCSrzFPeXvCtBCRHgekMrRqZjPWaaezSymgDBXL.pkg	MISSING	UP9000-BCUS98227_00-UAPPKUTARO000000			102400	
BCUS98227	US	Puppeteer™ Moon Witch Avatar	http://zeus.dl.playstation.net/cdn/UP9000/BCUS98227_00/kNYoqoALMcNuHYfNtKnbxrxcMXVIErlfVkwBCGOKzSEbqkvdzZzmVHFIUSlRKNiW.pkg	MISSING	UP9000-BCUS98227_00-UAPPMOONWITCH000			109776	
ULES01505	EU	Cloud Strife	http://zeus.dl.playstation.net/cdn/EP0082/ULES01505_00/ujPWlPTQIMImvdiFRCvmvjKxTwHNiJrQnBHQcZXvqdIffCIJiUDAUxLRTvYjFWDh.pkg	c57498105516fc6ddd8cdacf48cadec5	EP0082-ULES01505_00-AVDISSIDIA000020			130800	
ULES01505	EU	Sephiroth	http://zeus.dl.playstation.net/cdn/EP0082/ULES01505_00/jiaULkzNJQLdUvGQoupchroevtcXxVLZgKKdWaKQYXTAUhArSWEevIpYcfIinfpE.pkg	55a7423583e682b8314fec1923844d73	EP0082-ULES01505_00-AVDISSIDIA000024			118144	
BLES00485	EU	Resident Evil® 5 Barry	http://zeus.dl.playstation.net/cdn/EP0102/BLES00485_00/BDMlTdyDVbIMGSeQuaazkDhMFWkoyoUEJnCCuHlrMMPCXHNNVeJEIbFqUXZCSmWd.pkg	c19d60a999a0820431cd0336e16267ef	EP0102-BLES00485_00-AVRESIDENT000006			102400	
BLES00485	EU	Resident Evil® 5 Jill BSAA	http://zeus.dl.playstation.net/cdn/EP0102/BLES00485_00/byeRngYBrBEaHgeTtHbvywEvdRhKsUzUtACoKejwXcexFcGUZJbdawLRrADyTUEc.pkg	8404983b2931289dcb91f8c4bf670aa2	EP0102-BLES00485_00-AVRESIDENT000007			102400	
BLES00485	EU	Resident Evil® 5 Wesker	http://zeus.dl.playstation.net/cdn/EP0102/BLES00485_00/idnuZSykscvFozSbCkeADHoKjIuOoZMPxRoYegzBqhhWTzfaXldwehiyBZoDKViU.pkg	3dd22d31281bfda3ea6353a70be13653	EP0102-BLES00485_00-AVRESIDENT000017			102400	
NPEB00342	EU	Resident Evil 4 Ada 2 Avatar	http://zeus.dl.playstation.net/cdn/EP0102/NPEB00342_00/AmivGURqrFjbdLzyAKqCeWLFLARygZJIysAxAPhYiKPYQzIscvAelHNfjpEpPzGF.pkg	20a2b909ba9be337b339fceb660f3604	EP0102-NPEB00342_00-AVRESIDENT000002			102400	
NPEB00342	EU	Resident Evil 4 Leon Avatar	http://zeus.dl.playstation.net/cdn/EP0102/NPEB00342_00/cHphTfXaAimJJCyTjaikjLHvPKpptzfWQMTOWqzezAUnVeXPSCvnLFGUrGCgLOxP.pkg	1a373cabbb60330243dbc4f53a1e019f	EP0102-NPEB00342_00-AVRESIDENT000007			102400	
NPEB00831	EU	Bomber Bee	http://zeus.dl.playstation.net/cdn/EP0177/NPEB00831_00/dQpfZGSLONCvNRHNSfFNnocVCPjdzMBTgJAXgvvZiUeSKNxXgdqLTPKNlFvJKRRh.pkg	8e4889c496eb0e497b88485f0aec59c2	EP0177-NPEB00831_00-AVHELLYEAH000002			109728	
NPEB00831	EU	Pogorilla	http://zeus.dl.playstation.net/cdn/EP0177/NPEB00831_00/EytmEZHTuIAsoFesMiCHSjMGluTmoMAgSZEEHTbsklKSmLepRFdoVvKBrdyuKCNZ.pkg	d5e2f6309e776d36284dcdb17691c1ac	EP0177-NPEB00831_00-AVHELLYEAH000007			103536	
NPEB00831	EU	Ash 1	http://zeus.dl.playstation.net/cdn/EP0177/NPEB00831_00/TYdeJAOnZkbEvQYbazNJmmTitBKQcQMqmxgZuTkAVyPAWnhnSRqOKWTYotJelZor.pkg	90b5232ed3760a49d04c0f4779bc7d54	EP0177-NPEB00831_00-AVHELLYEAH000009			129184	
NPEB00831	EU	Mickey Coral 2	http://zeus.dl.playstation.net/cdn/EP0177/NPEB00831_00/aWpMiCdMVCPFakCYYhYaxxagHmowHkGaCEdYIYVAKpGFlzsOuNHJaMwnoiqiZisW.pkg	1f0d912522cd93930584256158707572	EP0177-NPEB00831_00-AVHELLYEAH000013			102400	
NPEB00913	EU	Dural	http://zeus.dl.playstation.net/cdn/EP0177/NPEB00913_00/zJNtRHDOiClzbucflpsbKTYtazQWopJvyaZKlQlKrpDzchqwbrQbhjdyhjNZhOVi.pkg	f9a0309dd18071d2a9b51139ec3f401a	EP0177-NPEB00913_00-AVVIRTUAFI000005			102400	
NPEB00924	EU	Beat	http://zeus.dl.playstation.net/cdn/EP0177/NPEB00924_00/BXGlcFYNKiZDWdqsWLiwVhMGeQJKJVCSKFMctqSftnMZvQXxIuGhnMfUnrNjKmTY.pkg	8d6e3dbfa6c37245f9a9011c1a4c7195	EP0177-NPEB00924_00-AVJETSETRA000001			102400	
NPEB00924	EU	Corn	http://zeus.dl.playstation.net/cdn/EP0177/NPEB00924_00/cjICRzyztiVrxkdPCgJUUiSpcTTgeuDukcvYWLMXkTxsRejaAejkjaOaTspvfhCC.pkg	25fd87adec1f6a713ec7cd25741ae52b	EP0177-NPEB00924_00-AVJETSETRA000002			102400	
NPEB00924	EU	DJ	http://zeus.dl.playstation.net/cdn/EP0177/NPEB00924_00/KarFZfJQhmIXcFcvjSPhZtbHykrZJTtZChJHcrwDBpsYIisTaXlizapyoGxfqzbT.pkg	5cc7e8c104893f0514d343083c018218	EP0177-NPEB00924_00-AVJETSETRA000003			102400	
NPEB00924	EU	Loading Dude	http://zeus.dl.playstation.net/cdn/EP0177/NPEB00924_00/SslawieQRxaWiXydpdDNacmeVwuLODLcQIlhtmxUBVCERzIKtZzetKpQzOaiVcmh.pkg	fb4421a4b8e833df6ca144ebbbabf64c	EP0177-NPEB00924_00-AVJETSETRA000005			102400	
NPEB00924	EU	Gum	http://zeus.dl.playstation.net/cdn/EP0177/NPEB00924_00/WbvKYvuKiorgqfkAsOqOVIQupGDeAmZRvPeHtRJZhEILlruppjHgMBsjFTbbyVgQ.pkg	304538d1afd1defc7d8b081906771a77	EP0177-NPEB00924_00-AVJETSETRA000004			102400	
NPEB00924	EU	Logo	http://zeus.dl.playstation.net/cdn/EP0177/NPEB00924_00/FpXNxOUxqfZpJjvfpiwLEtHqXJfMQwvIOcLHNepDjAjENvWgnTxUvkemNbrfdikS.pkg	53d630e84200e00752e1078553b025a6	EP0177-NPEB00924_00-AVJETSETRA000006			102400	
NPEB00924	EU	Pots	http://zeus.dl.playstation.net/cdn/EP0177/NPEB00924_00/rDCogopEEzfesbTrBbaeZwnMPUVyEdSvYJPJmqaXVRtKsFMxUGCHclfWiXKCISBR.pkg	79434efcf89e9588ab1c0785caa32825	EP0177-NPEB00924_00-AVJETSETRA000007			102400	
NPEB00325	EU	Landit Bandit Female Avatar	http://zeus.dl.playstation.net/cdn/EP4142/NPEB00325_00/ls1WUSlHL54fFj9e8Pd1g26KL6O3NrnMTFSOBSfuU0fM5mUWHrigPPfuK4kmuoY2.pkg	ad58a6845aa87065dfcaca140be8fc78	EP4142-NPEB00325_00-AVFIRSTPLA000004			102400	
NPEB00325	EU	Landit Bandit Lander Avatar	http://zeus.dl.playstation.net/cdn/EP4142/NPEB00325_00/7JiVxLCgfxV7QWTcCYQCCB1MHMMJaV2D6PBGB55NtF4N1G7DHixGnUcsv2heGbUB.pkg	55a52ec5b011b04cc4eadb732b53dfa3	EP4142-NPEB00325_00-AVFIRSTPLA000005			102400	
NPEB00325	EU	Swords & Soldiers Rocketeer Avatar	http://zeus.dl.playstation.net/cdn/EP4142/NPEB00325_00/kUFwOGfEgWECosBkaEXNWXTzjTGjfaQPOKBLGEXaZEpQOFbDniNAsNKcKBzwkIqj.pkg	d38130ad3a89b46fde76acbc961e39c9	EP4142-NPEB00325_00-AVFIRSTPLA000011			102400	
NPEB00325	EU	Swords & Soldiers Berserker Avatar	http://zeus.dl.playstation.net/cdn/EP4142/NPEB00325_00/CtbMsNXZmCZEbGCahrVgtcjGHrQyYjRzDdKkrVsRrcPGHGWwSTvrXMarsOybYING.pkg	65641939af8931486c116e66cc614f68	EP4142-NPEB00325_00-AVFIRSTPLA000013			102400	
NPEB00325	EU	Swords & Soldiers Frosthammer Avatar	http://zeus.dl.playstation.net/cdn/EP4142/NPEB00325_00/ZuxHdaQgbkjbWYHdtqbqOzCVXEPtUcVSGZXFyaGAUyzGeqNAoWDeJlKyLiJMkkil.pkg	b5a61c73d2c4b5a1d020c3b1330e0404	EP4142-NPEB00325_00-AVFIRSTPLA000015			102400	
NPEB00325	EU	Swords & Soldiers Chief Redbeard Avatar	http://zeus.dl.playstation.net/cdn/EP4142/NPEB00325_00/TIaHOCqVLuOaVBXLTkjyzztxoNKkQZEdxncSJtNXESqHQmaUrOTvlDJsKDCYbfNx.pkg	4e3f2d7072e2e9fcd03e955ccf84890e	EP4142-NPEB00325_00-AVFIRSTPLA000016			102400	
BCES01175	EU	'Uncharted 3' logo Avatar	http://zeus.dl.playstation.net/cdn/EP9000/BCES01175_00/LBzDjdwBRuKUQxeutjILwunALWcEKckfcBELKuZZyEaETwpGQDEMoqQaqDBkGGlZ.pkg	7677c5d19b7de88ca4acb6c4724e464e	EP9000-BCES01175_00-AVAU3LOGO0000000			102400	
BCES01436	EU	Awatar PlayStation® All-Stars Fat Princess	http://zeus.dl.playstation.net/cdn/EP9000/BCES01436_00/YQkQOPNzPBgXBfLOxNtryYuyGoiXxXzpPtFdxBJPjQVfVfJzaymYPqNvQfJknAVm.pkg	ad74e5f2d4959500bb63e5f54d755b3b	EP9000-BCES01436_00-UAPASFATPRINCESS			102400	
BCES01436	EU	Awatar PlayStation® All-Stars Kratos	http://zeus.dl.playstation.net/cdn/EP9000/BCES01436_00/LliYsULhZdgfjdijywYYbVblqjMpvOCRrjdxdRzzstzCtudatSYgyfMXRLRofuKf.pkg	5d9c2d502597ca5e57e2bfd275f4c07c	EP9000-BCES01436_00-UAPASKRATOS00000			102400	
BCES01436	EU	Awatar PlayStation® All-Stars Nariko	http://zeus.dl.playstation.net/cdn/EP9000/BCES01436_00/jPrRiRrpxsGtyfABUcbeSYkOMJaTlMoYJVWAvOXsOnOsxgSvWwmIADPiGDljgyDH.pkg	060d000511247cba7d4b472ce7f2d227	EP9000-BCES01436_00-UAPASNARIKO00000			102400	
BCES01436	EU	Awatar PlayStation® All-Stars Parappa	http://zeus.dl.playstation.net/cdn/EP9000/BCES01436_00/qlYqnAAhSzYMAsSMEVyscRnDzrqofaASYMnaEUPIesQYWlQouDUTxwCsgJYAvalR.pkg	0ccdf95f72fb202ee91086fc6f47996c	EP9000-BCES01436_00-UAPASPARAPPA0000			102400	
BCES01436	EU	Awatar PlayStation® All-Stars Sir Daniel Fortesque	http://zeus.dl.playstation.net/cdn/EP9000/BCES01436_00/bkCYlnCQqyPqhJMpCyhKKmKWhSchRKibrdZuoyDxaKSuZqXGOtkpKSRynUFZCWkh.pkg	76639a2a7f4d59b883f80d9956479b94	EP9000-BCES01436_00-UAPASSIRDANIELFO			102400	
BCES01436	EU	Awatar PlayStation® All-Stars Sweet Tooth	http://zeus.dl.playstation.net/cdn/EP9000/BCES01436_00/CriLIbDRANTwfCVJYsEXHHkjCxaHLdFpVBryamCdyVuqxAKKIwWHHLADTMaDQFCs.pkg	e74e86781440831c7f72c432d5e97bb9	EP9000-BCES01436_00-UAPASSWEETTOOTH0			102400	
BCES01741	EU	Symbol of Sparta Avatar	http://zeus.dl.playstation.net/cdn/EP9000/BCES01741_00/alOYzFUGuXDSWrRFDsZqrtISkaFBNPwWiXinmEZoSAYCWUFzzAYVUmLVtmvCsvbx.pkg	8db404ed5e98c85009e53fc900468545	EP9000-BCES01741_00-UAGODWARSPARTA00			102400	
BCES01741	EU	Symbol of Troy Avatar	http://zeus.dl.playstation.net/cdn/EP9000/BCES01741_00/lQouWHyCYWlCRjkBPxWcKyAfcLNYWTRfsHSqfTNWGtghfNoeqgzMfRNFDVjQjcpu.pkg	8829e47ad4a3c6ee1fb5575a689a400e	EP9000-BCES01741_00-UAGODWARTROY0000			102400	
BCES01741	EU	Kratos the Man Avatar	http://zeus.dl.playstation.net/cdn/EP9000/BCES01741_00/QLtrafoaBbYdOOoQrnwoEEEFTIkkmRjgTvOSMKCpHHQapmZlAUlXsVXpGCMNvTsl.pkg	deb4698627dd64e83cc70fda9d8d39f3	EP9000-BCES01741_00-UAGOWAKRATOSMAN0			104544	
NPEA00316	EU	Burger Face Avatar	http://zeus.dl.playstation.net/cdn/EP9000/NPEA00316_00/HRArRjZEcQSrESPIWPEFQgqtwqKioxSESRAnqQkEcfdKAFKBaCWtwnHJGHheBMwt.pkg	fdb5e4e2657a294e770867c7c38b4226	EP9000-NPEA00316_00-AVAPLUSBURGRFACE			102400	
NPEA00316	EU	Careless Sushi Avatar	http://zeus.dl.playstation.net/cdn/EP9000/NPEA00316_00/jTkjkHhBTKwGeVWnBifyaZLEofGiTwzdfYMTIhuuNDjufyssbbrLakJaESwXYfoc.pkg	030671dfa0291e5ff7f238c7b5f6cda9	EP9000-NPEA00316_00-AVAPLUSCARESUSHI			102400	
NPEA00316	EU	Crazy Television Avatar	http://zeus.dl.playstation.net/cdn/EP9000/NPEA00316_00/SbxrueyYROsPiZQdHEKEIsrjdvUnlVVIkgaTzWJcFaZDqmZitDMkQqecXkNwmrNA.pkg	beda391ddfcfb607742f0481ceb7c5c3	EP9000-NPEA00316_00-AVAPLUSCRZYTELEV			102400	
NPEA00316	EU	Evil Graffiti Cat Avatar	http://zeus.dl.playstation.net/cdn/EP9000/NPEA00316_00/WqkGgAyFaBmKxfgydxOamQhhLMRZJZTRCZGKfCycCeYsfVzFagBJDTmwyZACUkIU.pkg	48365b0046c0a147fc2b322de740c6e3	EP9000-NPEA00316_00-AVAPLUSEVLGFAFCT			102400	
NPEA00316	EU	Ice Cream Sandwich Avatar	http://zeus.dl.playstation.net/cdn/EP9000/NPEA00316_00/JpKOloETsDRcNWYnCMOopnInwEBxNwjUpbPFKJYMEIQxRbkxtPHaedyPsFVwNmFs.pkg	8427b36685b08e2da8ae617576adb187	EP9000-NPEA00316_00-AVAPLUSICECRMSND			102400	
NPEA00316	EU	Evil Graffiti Mouse Avatar	http://zeus.dl.playstation.net/cdn/EP9000/NPEA00316_00/TiiapEEiaRUOoVQMNqPDkjHTkVfArHBtKotcdSrExKZWygJQTuxTfRHcAmEUdfHU.pkg	7a125a637f68b152822da21f8829cf9d	EP9000-NPEA00316_00-AVAPLUSEVLGRAFMS			102400	
NPEA00316	EU	Hockey Mask Avatar	http://zeus.dl.playstation.net/cdn/EP9000/NPEA00316_00/rpsOPKgyYVmHLRiirlFPwXuFclpfxweJywTBUVMQpixqBPvBGUyCQBOaUsEfwCLg.pkg	22671ae977bd807c03150c3654b16eff	EP9000-NPEA00316_00-AVAPLUSHOCKEYMAS			102400	
NPEA00316	EU	Ice Cream Swirl Cone Avatar	http://zeus.dl.playstation.net/cdn/EP9000/NPEA00316_00/JlUPsYErfuOIIrvUxTdOOpouBgKldXNcIYXoHIgxhlPbhmvkiLNUjKHIsnChUvgD.pkg	ab35c260667c3af283f719c37cb4c1c6	EP9000-NPEA00316_00-AVAPLUSICECRMSWR			102400	
NPEA00316	EU	Ice Cream Truck Avatar	http://zeus.dl.playstation.net/cdn/EP9000/NPEA00316_00/AsznPrtabkuzrhgIJBVpUozdhaPCsSiouHctEsHuSKQbeZSKgjfqKGmfQmxWOMXW.pkg	7dc08ab73fbfb297198656c0ffd8a9a2	EP9000-NPEA00316_00-AVAPLUSICECRMTRK			102400	
NPEA00316	EU	Robo Cyclops Avatar	http://zeus.dl.playstation.net/cdn/EP9000/NPEA00316_00/wWlzcaMeUpnQIngySZPRfwfrFvMwTGNwIMLHcjTsYtvbrLPmrxxUgkjvwuEIanie.pkg	f912550e536a01a25bf9264f6bf7c3fd	EP9000-NPEA00316_00-AVAPLUSROBOCYCLO			102400	
NPEA00316	EU	Robo Transmitter Avatar	http://zeus.dl.playstation.net/cdn/EP9000/NPEA00316_00/zqnHRhpTJqysjKcrWvprDFWIMkQyvZgHDoazaHsCrsDmyBQhsuhYchHflSgySEtI.pkg	826f797d0d89e424cb9408b1bb45f356	EP9000-NPEA00316_00-AVAPLUSROBOTRANS			102400	
NPEA00316	EU	Until Dawn - Sam Avatar	http://zeus.dl.playstation.net/cdn/EP9000/NPEA00316_00/EP9000-NPEA00316_00-AVUNTILDAWN00001_bg_1_162f507858279821badb058982aab618c06a9f66.pkg	a19602231d204b6165e4b7433e5f897d	EP9000-NPEA00316_00-AVUNTILDAWN00001			102400	
NPEA00316	EU	Sleepy Taco Avatar	http://zeus.dl.playstation.net/cdn/EP9000/NPEA00316_00/VEHZkxnpficTMTZSzzgWZbbMioMbHUnmhLLkYWfPTnTsFDlzmDwenhAjNakGNflo.pkg	115f1abb0b081b0041f1085df55c517c	EP9000-NPEA00316_00-AVAPLUSSLEEPYTAC			102400	
NPEA00316	EU	Until Dawn - Chris Avatar	http://zeus.dl.playstation.net/cdn/EP9000/NPEA00316_00/EP9000-NPEA00316_00-AVUNTILDAWN00002_bg_1_d7a9d46186769e469fae4c734b667240e1696947.pkg	ac6765cc882671e51215f47260e2bdc3	EP9000-NPEA00316_00-AVUNTILDAWN00002			102400	
NPEA00316	EU	Until Dawn - Emily Avatar	http://zeus.dl.playstation.net/cdn/EP9000/NPEA00316_00/EP9000-NPEA00316_00-AVUNTILDAWN00003_bg_1_93743481bb9fc1e9b9fac8ad5ffca5d360cbe21c.pkg	4660e0b14e5f5a6a5ef5a7787cc1e2f2	EP9000-NPEA00316_00-AVUNTILDAWN00003			102400	
NPEA00316	EU	Until Dawn - Ashley Avatar	http://zeus.dl.playstation.net/cdn/EP9000/NPEA00316_00/EP9000-NPEA00316_00-AVUNTILDAWN00005_bg_1_490886f196311828f0a554389cadef01ba403358.pkg	f24aa9d4658a6563bee656d47bf19d9f	EP9000-NPEA00316_00-AVUNTILDAWN00005			102400	
NPEA00316	EU	Until Dawn - Jess Avatar	http://zeus.dl.playstation.net/cdn/EP9000/NPEA00316_00/EP9000-NPEA00316_00-AVUNTILDAWN00004_bg_1_bbf361976769e48cc2bb0942bd3e470f31d22d1f.pkg	9a5c217cbfbc4bf72c3e3e04a3f79ad4	EP9000-NPEA00316_00-AVUNTILDAWN00004			102400	
NPEA00316	EU	Until Dawn - Josh Avatar	http://zeus.dl.playstation.net/cdn/EP9000/NPEA00316_00/EP9000-NPEA00316_00-AVUNTILDAWN00006_bg_1_d591fc2bac17061b04afd1dcf0bae833a65ba79e.pkg	d321ee46a9d5886c74cc90d96a8bd2c5	EP9000-NPEA00316_00-AVUNTILDAWN00006			102400	
NPEA00316	EU	Until Dawn - Mike Avatar	http://zeus.dl.playstation.net/cdn/EP9000/NPEA00316_00/EP9000-NPEA00316_00-AVUNTILDAWN00007_bg_1_9da1a6c53d3fce2f56524f6c86adb47884932291.pkg	3d3fffa889d7b5502ff56b390a0f2f06	EP9000-NPEA00316_00-AVUNTILDAWN00007			102400	
NPEA00316	EU	Until Dawn - Matt Avatar	http://zeus.dl.playstation.net/cdn/EP9000/NPEA00316_00/EP9000-NPEA00316_00-AVUNTILDAWN00008_bg_1_214ffeac0fe390aebf6451d7eac50976933fff8f.pkg	97d8632a39e763ad7620df03d8f8ec50	EP9000-NPEA00316_00-AVUNTILDAWN00008			102400	
NPEA00316	EU	Until Dawn - Killer Avatar	http://zeus.dl.playstation.net/cdn/EP9000/NPEA00316_00/EP9000-NPEA00316_00-AVUNTILDAWN00009_bg_1_e459829fe6d8bcde66122e2a9ba63d92ee79f2a5.pkg	8f6c5cc4120ba7b732f6d40e73951424	EP9000-NPEA00316_00-AVUNTILDAWN00009			102400	
NPEA00316	EU	Until Dawn - Butterfly Effect Avatar	http://zeus.dl.playstation.net/cdn/EP9000/NPEA00316_00/EP9000-NPEA00316_00-AVUNTILDAWN00010_bg_1_39cf76a175418118eba782c187e6503040a8bb62.pkg	b8d30ab09949e58474d642da6ff74c6e	EP9000-NPEA00316_00-AVUNTILDAWN00010			102400	
NPEA00316	EU	Until Dawn - Hour Glass Avatar	http://zeus.dl.playstation.net/cdn/EP9000/NPEA00316_00/EP9000-NPEA00316_00-AVUNTILDAWN00011_bg_1_36f8d7b76f0b6f3f619936ce52661c4a6f585264.pkg	17ff7a3ca811b1cabf80d63b205a0dc0	EP9000-NPEA00316_00-AVUNTILDAWN00011			108768	
NPUB30672	US	Guacamelee! Avatar - Tostada	http://zeus.dl.playstation.net/cdn/UP2045/NPUB30672_00/jdsNaPoEJPciXBXLFzjSbXzxNorIhYVwenJglWTjlzdxlAKgnvaGIlhxFWvcZdkc.pkg	cabd6bb4011fb6b8e5913ebe74dc26bf	UP2045-NPUB30672_00-UAGUACAMEL000004			102400	
NPUB30672	US	Guacamelee! Avatar - Fray Ayayay	http://zeus.dl.playstation.net/cdn/UP2045/NPUB30672_00/clqocBWBYBLIwTvYYZAcbfWKnELhhRKCkMfvGzWKaIkNqzlsJpiyBelTLNOhWgUb.pkg	1c266ebe79db3989ed12cd9c541c65c3	UP2045-NPUB30672_00-UAGUACAMEL000006			102400	
NPUB30672	US	Guacamelee! Avatar - Uay Chivo	http://zeus.dl.playstation.net/cdn/UP2045/NPUB30672_00/NszuwGRUHnDDEsBQaZJmwoSOryHDszQQiAaPCCjfUEwdDkYhooKfIGQPcFGCOyBE.pkg	ef17818d351800d84ac22f255298b502	UP2045-NPUB30672_00-UAGUACAMEL000007			102400	
NPUB30672	US	Guacamelee! Flame Face Avatar	http://zeus.dl.playstation.net/cdn/UP2045/NPUB30672_00/KRYeNOgskLtrgezbAvvmPaMHQgTSFRYlxpNVEOMzUgjlZsNGOgoxXqDAtAkDjiOi.pkg	22579cd5b7b7a9c58b88195fdcad8df5	UP2045-NPUB30672_00-UAGUACAMEL000013			102400	
NPUB30672	US	Guacamelee! Javier Jaguar Avatar	http://zeus.dl.playstation.net/cdn/UP2045/NPUB30672_00/cmDoNSUByGuSBTcHVCuWnOwclXDTTmNjASNaNRzcybubKdPHayHPFkrzvVPvKeve.pkg	5e03a83e6823555350d53e19fdcb112c	UP2045-NPUB30672_00-UAGUACAMEL000014			102400	
NPUB30672	US	Guacamelee! Carlos Calaca Avatar	http://zeus.dl.playstation.net/cdn/UP2045/NPUB30672_00/WWmvgBwPvGbMcGXbPKnXmEcVVAeGJBYDbOvERxyxGfmafOHYmjltkMREGEMyDfiS.pkg	bb5de3b8e828c388ed7eba03ff158188	UP2045-NPUB30672_00-UAGUACAMEL000011			102400	
NPUB30672	US	Guacamelee! Diablito Avatar	http://zeus.dl.playstation.net/cdn/UP2045/NPUB30672_00/QohmUpPJsOUeOwoeQFBXwsXuTbQHZxqvObPsjkFanYZYYRKacxDNfVYJiJxQiedQ.pkg	c21f4da7c1b2fc2ecbcc09104da66059	UP2045-NPUB30672_00-UAGUACAMEL000021			102400	
NPUB30672	US	Guacamelee! Combo Chicken Avatar	http://zeus.dl.playstation.net/cdn/UP2045/NPUB30672_00/PdBUasqBMVgnXJRttdKWTSOvhtmmXKGhVmTLJyvIrogTXBROqlHOkgRYhLjwYLox.pkg	194ac0e38cf533a05e8e3a5fef2a5720	UP2045-NPUB30672_00-UAGUACAMEL000022			102400	
NPEA00333	EU	MotorStorm® RC Avatar 7	http://zeus.dl.playstation.net/cdn/EP9000/NPEA00333_00/zLHOfovSzRhLeRisanXATSXRpRqiOywzfxkKrfGBeYKxfJKUZwWePqUOyuWRuYTg.pkg	334eefb19a4cfa67d634241b16dce334	EP9000-NPEA00333_00-AVAMOTORSTRC0005			102400	
NPEA00333	EU	MotorStorm® RC Avatar 6	http://zeus.dl.playstation.net/cdn/EP9000/NPEA00333_00/VTBLtgIihKxcDpCHoEkDEWaAuXXOYrfTDFRSbUJlWBbNVtEhPHSiWxIZGqdpHHdJ.pkg	207b9955b0e1d64822a7ca8920c39571	EP9000-NPEA00333_00-AVAMOTORSTRC0006			102400	
NPEA00394	EU	Avatar 1	http://zeus.dl.playstation.net/cdn/EP9000/NPEA00394_00/IdAgbYjgVeSGllHrmGYneUjoCqrBuHkjtSwaJkoZvoPBcuLSPMuCeNysVLBsUXFExNJSVWsLOnaAaPfXSxxSnEocdRBNlXbPzOTLI.pkg	e14c87282bb03d51fa2c8046e7cb0649	EP9000-NPEA00394_00-AVARAIN000000001			102400	
NPEA00394	EU	Avatar 2	http://zeus.dl.playstation.net/cdn/EP9000/NPEA00394_00/sIJlNwrUWDIlJOtKEHQQKKalKNoKHkMnAAZozPlhRXFOSXeCcoWEnwEevdsetuNhatbmpCWiFBexZgEBQyvVUkdKgEgQcEQlIWsdD.pkg	f23160e07fea3c15694b63425917d8ed	EP9000-NPEA00394_00-AVARAIN000000002			102400	
NPEA00394	EU	Avatar 3	http://zeus.dl.playstation.net/cdn/EP9000/NPEA00394_00/ZvnTDHWFWvJbOQNFyUAZtSPLdjKYiBBESzPzynHphBrixgzScoBrQENXhAfjdPAjcOUXmBRwgSrLcgxdIBPTCGUcRMkgKUYlCGepi.pkg	f014db49e3bb34f9448124c388542be7	EP9000-NPEA00394_00-AVARAIN000000003			102400	
NPEA00394	EU	Avatar 4	http://zeus.dl.playstation.net/cdn/EP9000/NPEA00394_00/ZuZtKdnSRMroJUqdCTcezxTmvTDQlGsDOMloOtsdCmNOkdjfjrVFgisetfRTQDrVAIZckPAdssInWkUFsCbjSRQkKqwePGulzDypi.pkg	974418f2403acea96496aefc6536123c	EP9000-NPEA00394_00-AVARAIN000000004			102400	
NPEA00394	EU	Avatar 5	http://zeus.dl.playstation.net/cdn/EP9000/NPEA00394_00/rBtHOpgzJaSiwpZiRMCIXGqZkKpFrtYulwUdvZOYoISFdTvIEyeRxiPWaoDfASwcOvwTORnnikuVFKduNFOXxEduVNYwZbOivUDJg.pkg	1d47f391be9100149318a827a1506e3d	EP9000-NPEA00394_00-AVARAIN000000005			102400	
UCES01421	EU	Papaton Bowmunk Avatar	http://zeus.dl.playstation.net/cdn/EP9000/UCES01421_00/ytvVzlNLNQmCQRZuNahJuqUPiYgiqaDFnUnrgqVyiaPJFGpfIdycoyDjTrIHGeaj.pkg	9992581136ff6e53238dc1f8b7205689	EP9000-UCES01421_00-AVAPATAP3BOWMUNK			102400	
BCES01893	EU	Gran Turismo® 6 Avatar 2	http://zeus.dl.playstation.net/cdn/EP9001/BCES01893_00/XXWidfYLcloBYayEVHNLbydDSgZRXhdvESANFowxndSReclczqnOJibIMqYPWmPKgoUgOgRsOADhSNiNChyfsxXjLaGWfCtlUgEKL.pkg	16bd05677a54d58f4be0cc5b471f9010	EP9001-BCES01893_00-AVAGT6000000BLUE			102400	
BCES01893	EU	Gran Turismo® 6 Avatar 4	http://zeus.dl.playstation.net/cdn/EP9001/BCES01893_00/aieYqmDNLWqvZtMcXNHMJatQwZIYJcaYnlryIiGuplRttTWgqWvlrGSdvrjUTPkMmEzLSePTTdVbKMIBumQzBaRDWOQhunGMuUljf.pkg	dea8f61e4f34157c40ff2b9eb77a11fb	EP9001-BCES01893_00-AVAGT6000000GREY			102400	
BCES01893	EU	Gran Turismo® 6 Avatar 1	http://zeus.dl.playstation.net/cdn/EP9001/BCES01893_00/gdpaxOgPGhwYmiVAtbYommvbABGlSxMHPoSzbawfgKHZYEWCEoWQkiRFcdqoxkLdthvXlpjrAviUfoadZkMRBHHEgpIvniuJyLWCu.pkg	cdafc32358b4e412b828630f1d9903e9	EP9001-BCES01893_00-AVAGT60000HELMET			109856	
BCES01893	EU	Gran Turismo® 6 Avatar 3	http://zeus.dl.playstation.net/cdn/EP9001/BCES01893_00/owpYcXFBtbGtWTnsXFsaVSQrFyTNaBxTGGVacgXsRIxZtdAuaOOTgQPXKMxthjSUYqovaaMVaqIEFNSQbfPuFXuyMqiTcbYFaehuz.pkg	5d9f1b5c4403f508f89b01b929f20229	EP9001-BCES01893_00-AVAGT6ANNIVERSAR			102400	
BLUS30836	US	Rayman® Origins Darktoon Avatar	http://zeus.dl.playstation.net/cdn/UP0001/BLUS30836_00/DPgjsGzOHtJrkYLuVxRDSnngMpllGUVGrnKzrVhbJAdPPfUsBNPvNDXbirkoUzJDYNHnrexlxeTjPuhkZyTElUraIZRdISynxTrvr.pkg	1d5fc07186330ffea37857d5c362777c	UP0001-BLUS30836_00-AVARAYODARKTOON0			102400	
BLUS30836	US	Rayman® Origins Baby Dragon Chef Avatar	http://zeus.dl.playstation.net/cdn/UP0001/BLUS30836_00/NiXYCnkfneiCgeDPtvgnHVeTckBIdheLWCcXrDdLZmDXqoVxMtGVXIWhkYERxHjELGZWYOZogNUjiWLprInBGlDASIWvwVivBdAYo.pkg	72588df5cfcfac075eeacd4f4b3144d7	UP0001-BLUS30836_00-AVARAYORBABYDRAG			102400	
BLUS30836	US	Rayman® Origins Globox Toe-Grab Avatar	http://zeus.dl.playstation.net/cdn/UP0001/BLUS30836_00/bDAmqNixLsSjJQrCUjuvCETkwfTGyrIHwJQnuwPXBZtSAnmwtaxHCNwSnpEJTmrUDmOSnNwgnROxVNldiTvNwotkwhyWbTNzMwHAH.pkg	1a651a16e76e4142e77d7d71e2d0ac3e	UP0001-BLUS30836_00-AVARAYORGLOBOXTO			102400	
BLUS31437	US	Diablo III: Reaper of Souls - Tyrael Avatar	http://zeus.dl.playstation.net/cdn/UP0002/BLUS31437_00/citQVFfDfWnSIjvMpPseYcQYkhsIbyBSaZPxHbNvWsDvmZkwrJWkztXHhGTPDDVm.pkg	95f4fb5e6311b987feded595603a8fdb	UP0002-BLUS31437_00-UADIABLOII000001			102400	
BLUS31437	US	Diablo III: Reaper of Souls - Ithereal Avatar	http://zeus.dl.playstation.net/cdn/UP0002/BLUS31437_00/gWzfvbAXPewHqrBacaGHAjrXMeAnFcpLyYFklUYTVFRrXEPFHCUgVfpjzqXbNEmW.pkg	c6e2458bda72719f0c2d75a678132053	UP0002-BLUS31437_00-UADIABLOII000002			102400	
BLUS31437	US	Diablo III: Reaper of Souls - Inarius Avatar	http://zeus.dl.playstation.net/cdn/UP0002/BLUS31437_00/KlHKSbUAFvtAYIhwDGFZLMahaFnMYKpLRllqyVDBQuKzKVHscarizodzDqKbVimS.pkg	f48c17345c84b2f6ccc673326c0f431f	UP0002-BLUS31437_00-UADIABLOII000003			102400	
BLUS31437	US	Diablo III: Reaper of Souls - Urzael Avatar	http://zeus.dl.playstation.net/cdn/UP0002/BLUS31437_00/XPPtvpxEdeLieQGPtuZZQkgtVFzoCytusrjMkkhMrlLjLGqVbQYiRVqLeBXjgzdR.pkg	af4ea7ca1c41d4f353f12a4589aa38a0	UP0002-BLUS31437_00-UADIABLOII000006			102400	
BLUS31437	US	Diablo III: Reaper of Souls - Diablo Avatar	http://zeus.dl.playstation.net/cdn/UP0002/BLUS31437_00/ZaCRAlzJRWxgyCfLqGZcyEEeopSluCfkaOAGXhFsbnqoFpPSwuElUNhRbbPQbcKx.pkg	04210e5405a8610a2482972694ea9494	UP0002-BLUS31437_00-UADIABLOII000005			102400	
BLUS31437	US	Diablo III: Reaper of Souls - Skeleton King Avatar	http://zeus.dl.playstation.net/cdn/UP0002/BLUS31437_00/XqLVWqgSMJBsMUkEHJRVUmsuPOgmaVFhBpPCUdgvPvfhoCiadihJOftKDjnlFOPm.pkg	ba40925808086793612a85947e621bd2	UP0002-BLUS31437_00-UADIABLOII000007			102400	
BLUS31437	US	Diablo III: Reaper of Souls - Belial  Avatar	http://zeus.dl.playstation.net/cdn/UP0002/BLUS31437_00/RjJvxqhBmiYFeWpmDnwrxmLisPpcvMTozaEHzSDZfNNJmnRLRgkNzIwBadqpBePo.pkg	5750321c2bb3b5a2560c63fc3927ebe8	UP0002-BLUS31437_00-UADIABLOII000008			116304	
BLUS31437	US	Diablo III: Reaper of Souls - Azmodan Avatar	http://zeus.dl.playstation.net/cdn/UP0002/BLUS31437_00/pcjvyPOOCOXFmZeAJtyhbhahecgvuntobOokZNPaGChQrkzPINYYDIyRHjiOkUbD.pkg	b2b49c8f94452dba1c9e4953dc73cb0c	UP0002-BLUS31437_00-UADIABLOII000009			102400	
BLUS31437	US	Diablo III: Reaper of Souls - Malthael Avatar	http://zeus.dl.playstation.net/cdn/UP0002/BLUS31437_00/NwnSKgjUxoXPZDlKqAzUnSwgmkjzWROkJgEIFPxXiMVlkLekFTTQatjLCBzusgnV.pkg	5e56bcb62fd64d66ea15e8f81353c2ec	UP0002-BLUS31437_00-UADIABLOII000010			102400	
BLUS30722	US	STREET FIGHTER® X TEKKEN® Kuma Avatar	http://zeus.dl.playstation.net/cdn/UP0102/BLUS30722_00/tUVcLbErGBhjKdasJOaKnORLgyOiGhAMevuhaoAqjdeXOoKVjKQbWKSiqdIZLkCeyYUGeeWSCCimXozGrxnXDHPVKEisdyxxgrCZz.pkg	ed9d56fd84c3620e63a15ec6d152766f	UP0102-BLUS30722_00-AVASFXTKKUMA0000			131856	
NPUB30312	US	Resident Evil® 4 Ada Avatar	http://zeus.dl.playstation.net/cdn/UP0102/NPUB30312_00/bGKErpQlguuMRWLTcDnfaZWVkVVoHJERIDSVeZAVYLJYKOurCznDscBFpHXTCcdIHKTSHqwFgtAyFcKCiGxFynGDSgbudKArCyghB.pkg	28d156f8a95e56a396deac65d3c5be06	UP0102-NPUB30312_00-AVARE4ADA0000000			102400	
NPUB30312	US	Resident Evil® 4 Ashley in White Top Avatar	http://zeus.dl.playstation.net/cdn/UP0102/NPUB30312_00/BQFXsGmmmXqhcYzAesPJWekotqblKjsbTKkZHitlfUoAairhJJxuGTkeCnTIoRctcqLhPHoNLKdjZVAkpEXPRxqoUaYlKPbVUBhxZ.pkg	1a39c2112cd7b4218ebaf8fc1bd690a4	UP0102-NPUB30312_00-AVARE4ASHLEYWHTE			102400	
NPUB30312	US	Resident Evil® 4 Leon Kennedy Avatar	http://zeus.dl.playstation.net/cdn/UP0102/NPUB30312_00/VUjJCMBvumnGoZwFIWfDLqvhhrRdnOtArhqFqlJZHCjNCqcXfzwUyxhPzTuZfTSkYrdheEtEauAIgQzNOORkExCiGtDODdatBVUfy.pkg	4bfce1fbbbbcc9f92a380d846fc9b909	UP0102-NPUB30312_00-AVARE4LEONKENNDY			102400	
NPUB30312	US	Resident Evil® 4 Luis Avatar	http://zeus.dl.playstation.net/cdn/UP0102/NPUB30312_00/zloZkcsmeKppnOZroriuPCiPycUJEztDCUsjtnDivEZaGjpPilLITxHqXkfEACtlIEurWuzIZTGOaiLBgGrChrdpZBVhCPhyKmCRy.pkg	0161afe14f03b8745c386004e582a1b1	UP0102-NPUB30312_00-AVARE4LUIS000000			102400	
NPUB30312	US	Resident Evil® 4 Saddler (Hooded) Avatar	http://zeus.dl.playstation.net/cdn/UP0102/NPUB30312_00/rdZeJDXmBPAuqKgXJPygrdAxsmfmRVykXnhIltLzpJnzNjjphXsvCUBwluEDcCsBZsTWudcDwbNMRGIEKPvJdMSqLpLNQCsBmxnUI.pkg	19ab8744b0170553e1c570baf2a99590	UP0102-NPUB30312_00-AVARE4SADDLERHOD			109168	
NPUP10008	US	Street Fighter® 2 Ken Avatar	http://zeus.dl.playstation.net/cdn/UP0102/NPUP10008_00/ysmFyfiiOvTjxCNkNTZhPfjyJppbyfFAQwSdFiduJWYgwawWpFJvgpjdKhyGrfqMCZmqSkQototYlbBLYUXLJOEessKgNWbhCgoMw.pkg	5d8d737857a7a42a6a6bf61365d8281b	UP0102-NPUP10008_00-AVASFIIKEN000000			102400	
NPUP10010	US	Mega Man Legends 2 Data (Injured) Avatar	http://zeus.dl.playstation.net/cdn/UP0102/NPUP10010_00/jOaMKCpExwioPbwkMRIFhqhcJUeIsPxgdzMICuUUwOVDTSbtgOBytPukPmlNXzZTFzUekBbSjdiIJhjnLfmrVjhjGfEqGDOpousSY.pkg	953519427ab42222b2d2cff96caf3ea3	UP0102-NPUP10010_00-AVAMML2DATAINJUR			102400	
NPUP10013	US	Pocket Fighter® Sprite Akuma Avatar	http://zeus.dl.playstation.net/cdn/UP0102/NPUP10013_00/fUDaRSZYLGoWAcjvozzenIwLBSxzSOuEQTijbKPRghSTnGbBQImzuPRuIlqJOaspAfWFcrDGwinrzSuzPimGmfUZwVnhpfgpQbXGu.pkg	fea8faca08ef68c8056307c4b8754e60	UP0102-NPUP10013_00-AVAPFSPRITEAKUMA			102400	
NPUP10013	US	Pocket Fighter® Sprite Felicia Avatar	http://zeus.dl.playstation.net/cdn/UP0102/NPUP10013_00/dnsYJtTKeygyENLWkSLtaDHRzsXxRdiUOAXooLNqPEKRLvQLfNseexnmxGoBXwBLSJxoFOVwQYlLjCqhmBZQKSVUBEiSbiegyRJfg.pkg	1a1af2783efa00a718bfe83d0c39cdf9	UP0102-NPUP10013_00-AVAPFSPRITEFELIC			102400	
NPUP10013	US	Pocket Fighter® Sprite Ken's thumbs down Avatar	http://zeus.dl.playstation.net/cdn/UP0102/NPUP10013_00/GUrjwtcSNqnthJbZFwbhUANsVoNusgAsdcVLJUaarvmjkIChuXACuVCfXRqHHhkJYZaUXcSyXgFffpXXngGbGgYhPkLntLvynCeYj.pkg	3e8693841d18f6bb58ab71b7f221d83e	UP0102-NPUP10013_00-AVAPFSPRITEKENTD			102400	
NPUP10013	US	Pocket Fighter® Sprite Morrigan Avatar	http://zeus.dl.playstation.net/cdn/UP0102/NPUP10013_00/JyxyrNmJLsPLORfmBkVSSONRmDhTaeRBpkJqZDlXvnLSImhAbKnGPKfnzrKHtVzZmosnAIclLIAkAmxpzYwFtTeFKSJjZyUxaxivJ.pkg	2dc8dabbf47316845a9c76e085dc6feb	UP0102-NPUP10013_00-AVAPFSPRITEMORRI			102400	
NPUP10013	US	Pocket Fighter® Sprite Ryu Avatar	http://zeus.dl.playstation.net/cdn/UP0102/NPUP10013_00/zFEoXCRGpUUmcztcYHNerNqAhJpJijlVKvhNeOimxaFVDevBXcxTbKLOUkFkXlLZexqFUoQUzrEZCCKPlKMQmqaWiWbEvARthVqaL.pkg	bb8d0e5d53a2b61c1d39c6e384da7756	UP0102-NPUP10013_00-AVAPFSPRITERYU00			102400	
NPUP10013	US	Pocket Fighter® Sprite Sakura Avatar	http://zeus.dl.playstation.net/cdn/UP0102/NPUP10013_00/JespCDQEhyQPipTGjxJcSpXUDAHQtFobSrGbqhIQXtezJjviQOLFButUMYjAOsUxQqevvbOMxxLTDdtsISELQmNtxWurUJxrlCiEp.pkg	d1fa613ca664a8f73c88c4021beb70c8	UP0102-NPUP10013_00-AVAPFSPRITESAKUR			102400	
ULUS10391	US	Monster Hunter Freedom Unite™ Felyne Fighter Avatar	http://zeus.dl.playstation.net/cdn/UP0102/ULUS10391_00/iojyFLtZZpuboZhVFdmdwngPqIWQiJXzNBfPXjqsnzBPrqZPLOuCIioYxbkrKHeNlWOFlsmxVFgDvhsxRdwboGfWmYgCkQrDVCmVJ.pkg	fd86989089b0eebec10addf43b8ff011	UP0102-ULUS10391_00-AVAMHFUFELYNEFIG			102400	
ULUS10391	US	Monster Hunter Freedom Unite™ Lance Avatar	http://zeus.dl.playstation.net/cdn/UP0102/ULUS10391_00/mTFBlmhKZgYrlfKJUZqzlwFCkQtitvjlEiUWkrKDKuRzUERBXHjPxSpLTDfMbNCyKFMETOWkcPKqNZarnHmWZlnnjsiBlNiAGpLJy.pkg	ec96793b3343a168e7cf4da89130af22	UP0102-ULUS10391_00-AVAMHFULANCE0000			102400	
ULUS10391	US	Monster Hunter Freedom Unite™ Poogie-Sleepy-Sheepy Avatar	http://zeus.dl.playstation.net/cdn/UP0102/ULUS10391_00/oPEbWTvJlRizVIxovHtZdqbkXbMytzCOkSKdYmFNJqpbgwxRIfkFwxishwAenNaWcwnVNEifnyleVUBpeQonUuHSgceMugxFbWjMJ.pkg	239cf78876ec81da3ac81ff4a671ebd5	UP0102-ULUS10391_00-AVAMHFUPOOGESLPY			102400	
ULUS10391	US	Monster Hunter Freedom Unite™ Poogie Avatar	http://zeus.dl.playstation.net/cdn/UP0102/ULUS10391_00/rtblNQpTLgfBdekdAFxbGkJbeuLRqoQoFvqTdzrSCHHmAqQNoBWmWvIuasguNkekOYNTqAyCPkDImihXYjOrlNJPAjucYwZkHnGDR.pkg	9952dfa039fd889b46b0d97ff842be5e	UP0102-ULUS10391_00-AVAMHFUPOOGIE000			102400	
NPUB30493	US	DAYTONA® USA Car 1 Avatar	http://zeus.dl.playstation.net/cdn/UP0177/NPUB30493_00/UaphmkhUJhfONsQbTxrKDYXpMsetLOLsYiEBwxZPYbcvAKCdgvnQoottecxMwyKTcrEeXADwQZhBTuhTYuzeIpVruFXwKdnIVrhbZ.pkg	d23806ee4a17ab5880073bea35709b3a	UP0177-NPUB30493_00-AVADUSADAYTONAC1			102400	
NPUB30493	US	DAYTONA® USA Car 2 Avatar	http://zeus.dl.playstation.net/cdn/UP0177/NPUB30493_00/CjUEXIUYjVpwriuTjgCFhrBkBLPLdkngTTmcBJtAulUhXayfvszYLLALRSFCnPzehlImzLMgDBYzTSSfBAlliMyGxXVdfYUfCGXgW.pkg	13cf7991f213e8b209567fe2b1f94c69	UP0177-NPUB30493_00-AVADUSADAYTONAC2			102400	
NPUB30493	US	DAYTONA® USA Pixel Car 1 Avatar	http://zeus.dl.playstation.net/cdn/UP0177/NPUB30493_00/FMCqORZfwfhsSbWVDpVKPbxqsAgFhjydXaDTzkdviAkjFqCbAAeUuDcEkxGSIPxHlLefNENjptjhltAtLbvdgzwxkdqWFQjGvLMah.pkg	afeea418da96c17a0a64e43b3b2e59bb	UP0177-NPUB30493_00-AVADUSAPIXELCAR1			102400	
NPUB30493	US	DAYTONA® USA Pixel Car 2 Avatar	http://zeus.dl.playstation.net/cdn/UP0177/NPUB30493_00/dIceNBgkIlJrDPwWPcqaznQVtikNcGOdfuDzFuTCipbkfSjkJPaURbgpraBFZolkaoDxOzgtefeMiTCZYxpRLauBqjLDJaDwYcXyg.pkg	63845fe38992ed54517975b6af46795b	UP0177-NPUB30493_00-AVADUSAPIXELCAR2			102400	
NPUB30493	US	DAYTONA® USA Pixel Car 3 Avatar	http://zeus.dl.playstation.net/cdn/UP0177/NPUB30493_00/jvbcQgiUFLDFNDFPIXgBaBfXudQWHTrMLnnEKdIbsMlSCTAtWFbZqSdlIylwHggopcGnvQEeKtmbLqfcBNNUSkKXEIWIXEoBBGQZI.pkg	4741fc5cdf586109f603ee76699a3424	UP0177-NPUB30493_00-AVADUSAPIXELCAR3			102400	
NPUB30580	US	The House of the Dead III Agent G Avatar	http://zeus.dl.playstation.net/cdn/UP0177/NPUB30580_00/TAFlTYztAqbgKmgiaOyBIWktsPcppbyCauZARnxkFCrclKKhimDmSvIFttuInWfHsAtvHCdpbFCEMhdNlShogyoPaYvAoeAEcwcRn.pkg	de75e2035d0397c22f72e0ae9b089234	UP0177-NPUB30580_00-AVAHOTD3AGENTG00			102400	
NPUB30603	US	The House of the Dead 4 Goldman Avatar	http://zeus.dl.playstation.net/cdn/UP0177/NPUB30603_00/efMsTtuvXwYEsKEYibFLnWFTjoCzXRSRiEYYdtsdrZoPgMzrXHPGpkNuvmJHJEGXISKGVDseryaRMmgFNUQDouFXbyKaQaXdiANvi.pkg	e5091ebec272bbed3973f932a057ead3	UP0177-NPUB30603_00-AVAHD4GOLDMAN000			102400	
NPUB30580	US	The House of the Dead III Lisa Avatar	http://zeus.dl.playstation.net/cdn/UP0177/NPUB30580_00/hflSqKIIlMxdMZEWZBhSRlsyRNWzLGvWCfdKTKrZflzzzSmqvLaDBXGZnxbSNoGzWzxwTwCzpXFgTBfxMImSbZRxCvtPmTvduiRgT.pkg	3ed1224043d37cac582e49cb5905bb81	UP0177-NPUB30580_00-AVAHOTD3LISA0000			102400	
NPUB30580	US	The House of the Dead III Z1 Avatar	http://zeus.dl.playstation.net/cdn/UP0177/NPUB30580_00/PwWYLRFfgFkQmdnciFgvEanYXWljBAVUyiEHhHJjDoraxikwJYjWKEAXnRkZOaXYdrsgRVwFUhUkcEOtNCTWURCOKFFnDVHHuHJMi.pkg	cc6c02ae2920d0ab898f1c5985f8b3bb	UP0177-NPUB30580_00-AVAHOTD3ZOMBIE01			102400	
NPUB30603	US	The House of the Dead 4 James Avatar	http://zeus.dl.playstation.net/cdn/UP0177/NPUB30603_00/uWTDLACPIIWTfDsSkSAtjXcFrNiasmnnLpzqOgDYNLufqTlqnJXGGmRRREFaywejLUjgZOoHeTdqtQYVvgrntmAURlkDDCgyThjWr.pkg	cbc14c175f227d7d289181d54c9e3143	UP0177-NPUB30603_00-AVAHD4JAMES00000			102400	
NPUB30603	US	The House of the Dead 4 Kate Avatar	http://zeus.dl.playstation.net/cdn/UP0177/NPUB30603_00/wqohZqNoFpGzhRvqxejwSSfTIjjfvjqbZJXwmZdwCgGsMpfEupbHnmIFbyYnSMbQbuTWirddFgcNWCQZHyKHiodXngJCqLNwhgJop.pkg	dfeb960504d9098fc5181bcd88d5bafc	UP0177-NPUB30603_00-AVAHD4KATE000000			119712	
NPUB30625	US	Virtua Fighter 5 Final Showdown Akira Avatar	http://zeus.dl.playstation.net/cdn/UP0177/NPUB30625_00/nHFSYfgZMNQBDrcGjnqgiexbXLcvwqyjoseXkddmiABtvQbmyAvflItwcWZetmFASQjXmgPxwEXAqSBpNAhWwcUdoUJzNIOWwRXMW.pkg	6e8c958458b4ce825c6e64c10beb398e	UP0177-NPUB30625_00-AVAVF5AKIRA00000			102400	
NPUB30625	US	Virtua Fighter 5 Final Showdown Aoi Avatar	http://zeus.dl.playstation.net/cdn/UP0177/NPUB30625_00/PeocOXscgRJqXPwFaemAMWtPjtCFdCaVfztcGHMZIFwpPeAhkmKykUjuRFmsLthCIMtrUzdBYgIxXhlpXhoDAsWDKEYvHwooKIewt.pkg	817b98e84f494fd4e44028eccfb8459f	UP0177-NPUB30625_00-AVAVF5AOI0000000			102400	
NPUB30625	US	Virtua Fighter 5 Final Showdown Brad Avatar	http://zeus.dl.playstation.net/cdn/UP0177/NPUB30625_00/pvKiccAOSGLHtvsYEqwlVTgClmuySNdPOOidVwjJNHSuAoDDmxURTDudPdgqanhzlhYSioziaFeQALMmvZxERbkENyLXSkcREzZtw.pkg	b4a66ef42b22162aa6d050610773aace	UP0177-NPUB30625_00-AVAVF5BRAD000000			102400	
NPUB30625	US	Virtua Fighter 5 Final Showdown Dural Avatar	http://zeus.dl.playstation.net/cdn/UP0177/NPUB30625_00/VZvwamFvnRXUzoACNFImrxdYOxcaVqSVdjVJGTVsvpIXoEVUXTbIbUtEiWNaDzzRDQknaZHzqVHCjNXAvZkwiIhLWdEpUvejeOmpq.pkg	12768fdde3fdbcc833ab353510f9f471	UP0177-NPUB30625_00-AVAVF5DURAL00000			102400	
NPUB30625	US	Virtua Fighter 5 Final Showdown Eileen Avatar	http://zeus.dl.playstation.net/cdn/UP0177/NPUB30625_00/DfXirHYsYvzqfEFksJoBqahUrcggfdihQqznGCbpjcORElMSVAejRyyNfsccAwvnTzHsgCfMxhGPdmeTqlgYevqBCrmFfyRxnKUlc.pkg	0267908971943a7bc764081372c29104	UP0177-NPUB30625_00-AVAVF5EILEEN0000			102400	
NPUB30625	US	Virtua Fighter 5 Final Showdown El Blaze Avatar	http://zeus.dl.playstation.net/cdn/UP0177/NPUB30625_00/bOGCGlzvjUGGFPWPWLogepyRhyhQwAYNhRxTogYwEgLtMhCzwxaMDCRKgKusHsWgDPpzXyvZpnPhcFbRvKWNvmejOtsujXqgLRNoy.pkg	39235fbf35d2ba76fb7e2499d8c858c4	UP0177-NPUB30625_00-AVAVF5ELBLAZE000			113024	
NPUB30625	US	Virtua Fighter 5 Final Showdown Goh Avatar	http://zeus.dl.playstation.net/cdn/UP0177/NPUB30625_00/ktfuFGIxsWGLFkyqbdQZwtljmUcrJbVmEOJhtbVAlXlGdIkElseZqDfYIkeFxNKkVdNYXaUAiqtKxNzzZoDhVYAsVfklOWpFwruNQ.pkg	7726ae99a3939dc1a709227411472fb0	UP0177-NPUB30625_00-AVAVF5GOH0000000			109808	
NPUB30625	US	Virtua Fighter 5 Final Showdown Jacky Avatar	http://zeus.dl.playstation.net/cdn/UP0177/NPUB30625_00/cvEsNgCwCRggjfJIOnpNVyLtnwtFMrPFKwSwJduEfQJyseDHTIajGtpqbGDKFJusGFQgeCsaoFGEMyYSsPEgFCtgSNzccmjRjXHYs.pkg	da5b10cbd9a91bea224b00a5e4b4a6d7	UP0177-NPUB30625_00-AVAVF5JACKY00000			115552	
NPUB30625	US	Virtua Fighter 5 Final Showdown Jean Avatar	http://zeus.dl.playstation.net/cdn/UP0177/NPUB30625_00/PGfUhrrTEynClypTVIPoEfKEZvjYzrjsaahsrQmwjDaVfbadeuurpygqsTVNBgwcxeVlsWBHMncRIrUxFdLmsAmbWMHkiEuqbBvWu.pkg	d3c10e71bb8de4c36f7b84bfc61610b9	UP0177-NPUB30625_00-AVAVF5JEAN000000			102400	
NPUB30625	US	Virtua Fighter 5 Final Showdown Jeffry Avatar	http://zeus.dl.playstation.net/cdn/UP0177/NPUB30625_00/nXZLFuLQcWKnHXfgpESfYbSAfyIuOtaKhQvaKbMczvyCtoOQGuhBlyifLWTcGZDkxsRgUanMGCDNPVOgKUZFxDwcxlyoevKOGmUcH.pkg	8834caf342868e48dd451274afa4a9ea	UP0177-NPUB30625_00-AVAVF5JEFFRY0000			114720	
NPUB30625	US	Virtua Fighter 5 Final Showdown Kage Avatar	http://zeus.dl.playstation.net/cdn/UP0177/NPUB30625_00/PNBdkRmarLDVrBUkIAVWsYGIwCiLioIgCyJYuagvwqFqGuPVbWcJVkUwmdqTGsCirSjrpqrDfEBkpPbKUeHDCHozjsFMwKUceXVZO.pkg	bcf117a7b55be046ea7003d6cf74c1eb	UP0177-NPUB30625_00-AVAVF5KAGE000000			107696	
NPUB30625	US	Virtua Fighter 5 Final Showdown Lau Avatar	http://zeus.dl.playstation.net/cdn/UP0177/NPUB30625_00/YTagvxVmzmOGPolrMbVNDpSxrsTauyVqUunsAXSAfCjHWPyewcAPLlBtdXZgbVmcSwjjfEPGmTZvquWGeWPraZsbfkRMBeyEuGFFg.pkg	d8f9c571f0f083164a4974669a929ed3	UP0177-NPUB30625_00-AVAVF5LAU0000000			109104	
NPUB30625	US	Virtua Fighter 5 Final Showdown Lei-Fei Avatar	http://zeus.dl.playstation.net/cdn/UP0177/NPUB30625_00/WyCvBzogiWbrckFMyMRXCmdTJaiwNifJoCweiuHyqNJXydUtQEIZQXPQXebwntONKrcZzqUBbrLqGvhnaylaifTyPQJakHKkxKhQE.pkg	03551133fff80b57d4b58e06ffc011d6	UP0177-NPUB30625_00-AVAVF5LEIFEI0000			102400	
NPUB30625	US	Virtua Fighter 5 Final Showdown Pai Avatar	http://zeus.dl.playstation.net/cdn/UP0177/NPUB30625_00/jLNnIDQKazsAyCYzFTvxRxjmtCyQbJDNXgoDaKBdHYmUQuMgoSEKLuVYiOGHXvhvQPETFpORdWGFxnWXkYwqKOJaNKGbCsUwSXNyI.pkg	df6336e7fb71e4acc727f0e90990e5da	UP0177-NPUB30625_00-AVAVF5PAI0000000			103584	
NPUB30625	US	Virtua Fighter 5 Final Showdown Lion Avatar	http://zeus.dl.playstation.net/cdn/UP0177/NPUB30625_00/vVBEOeeZQSrVEICsjzUukYCsXxPtUEnJuSZwTYtFKUQQyqxRKucBlVxVzEoYbqeHcXQIDaqwmsaCOjUvmaVFpkoNXHUDDcSBjRBby.pkg	f597b846305f57f9666192930b053b65	UP0177-NPUB30625_00-AVAVF5LION000000			108224	
NPUB30625	US	Virtua Fighter 5 Final Showdown Sarah Avatar	http://zeus.dl.playstation.net/cdn/UP0177/NPUB30625_00/robuaZlDOPZVMlMeXFMzOewmrsRpPQVcZIaxhNkpeMPyzIUAdWFCuIjVrwTZzpzIsRuubcTrowguBOHeZKhZnUkeyKULXYrGjuqTM.pkg	40e253b6bad35f559d045432f61c1e31	UP0177-NPUB30625_00-AVAVF5SARAH00000			114304	
NPUB30625	US	Virtua Fighter 5 Final Showdown Shun Avatar	http://zeus.dl.playstation.net/cdn/UP0177/NPUB30625_00/EsoWfWLJCCTMrgPxnXJLssUILbpHJOyMqYOauGneBTDgDfiwWUjacOrOHSqRUcWmhPoaJXlcYJLoshawRABhVQqPcmjjNxGlWMdwr.pkg	9eb9a114b6684e538c2d0786d1a8c624	UP0177-NPUB30625_00-AVAVF5SHUN000000			109424	
NPUB30625	US	Virtua Fighter 5 Final Showdown Taka-Arashi Avatar	http://zeus.dl.playstation.net/cdn/UP0177/NPUB30625_00/WcZfJpKVcxskLpQbWlgUdAvWZfmASgOLtscAPNZYVviwGndRlgtLzblyobjIKJyzdsRqkAaiMyNaxfKdXrrxOwyWSqSnRLhodLsmJ.pkg	4f1f3f6e63f07ee02ca6aaf78a6af422	UP0177-NPUB30625_00-AVAVF5TAKAARASHI			102400	
NPUB30625	US	Virtua Fighter 5 Final Showdown Wolf Avatar	http://zeus.dl.playstation.net/cdn/UP0177/NPUB30625_00/iqKmxDpAfDDHBXvvSbKQHdCCYNTLcWGWondCrphXeGUVslOhAdldEYLmvOJsfDhXBxmODXkdaoiBaDDtOBSbCcPCltFPyrLIXOiNS.pkg	90a62b003d78446be44741be9eeda378	UP0177-NPUB30625_00-AVAVF5WOLF000000			102896	
NPUB30750	US	HELL YEAH! Wrath of the Dead Rabbit Ash 1 Avatar	http://zeus.dl.playstation.net/cdn/UP0177/NPUB30750_00/LhYDyntsyxnWtjunGtHoXOwQPrwXExSnMhfZMcHkBzoJVIPxYMRxUUDfssDsXMrk.pkg	dce5210d766ae53ca39349510ee68411	UP0177-NPUB30750_00-AVAHELLYEASH0001			129184	
NPUB30750	US	HELL YEAH! Wrath of the Dead Rabbit BomberBee Avatar	http://zeus.dl.playstation.net/cdn/UP0177/NPUB30750_00/dnGrnEqeoxtACSNcLmjmKsnwRhSpkkLBQHqYujaPrmUustanSqBCSCEGOvTIGPMP.pkg	15a32ea1c97b7a9bd1ad06c12c17e90b	UP0177-NPUB30750_00-AVAHELLYEBOMBERB			109728	
NPUB30750	US	HELL YEAH! Wrath of the Dead Rabbit Mickey Coral 2 Avatar	http://zeus.dl.playstation.net/cdn/UP0177/NPUB30750_00/gCUZTTdUfclhxbdptgLIlbrgkWSSunQLGtSEeDxiIzqZUtdNSABKNPuLeJxkLhrM.pkg	9de96e3816f1acc5e765a0dfd6f62bcc	UP0177-NPUB30750_00-AVAHELLYEMICKEY2			102400	
NPUB30750	US	HELL YEAH! Wrath of the Dead Rabbit Pogorilla Avatar	http://zeus.dl.playstation.net/cdn/UP0177/NPUB30750_00/VyFYjjwHYyaQYktLoVGZVznYmclbAXpTcIzGkIhvzNXTkOJKOdxOxpqNhJdkjfOS.pkg	7d74143510d133cb88186a8958c60c7a	UP0177-NPUB30750_00-AVAHELLYEPOGORIL			103536	
NPUB30829	US	Jet Set Radio™ Beat Avatar	http://zeus.dl.playstation.net/cdn/UP0177/NPUB30829_00/aCOPdolVpVNOjRDZoFVVqICiRdYgTOyTNCyknBdaDClxwWyaSfKXrThNVSbLWrecqmcuGSOLJyXnRrbWHXGGzYMvhVcWpKOEcWZbA.pkg	7b009a7122256ae6eba60a2f9bca585e	UP0177-NPUB30829_00-AVAJSRBEAT000000			102400	
NPUB30829	US	Jet Set Radio™ DJ Proffesor K Avatar	http://zeus.dl.playstation.net/cdn/UP0177/NPUB30829_00/wAAaYWuWuuxmguiixFEGKgYEBvsAQhvXMbEPMAKuElVaHmtkKXawBiXFUyizwJuaHpjWYjxmPgvmwhEQOiLAmmuGvAIFIXuunSDjt.pkg	3a853579bd3d1bc6d8033e89b323fe6f	UP0177-NPUB30829_00-AVAJSRDJPROFESSK			102400	
NPUB30829	US	Jet Set Radio™Graffiti Soul Avatar	http://zeus.dl.playstation.net/cdn/UP0177/NPUB30829_00/eQJZLplFtyDLwFFPULAvwGUiEAUHwoNpXiOVbabPbVYUSYeZIIBPOkSJDkbPXIaaBxFAZgmgSkPZalqTGCkyBGorCuabYlVOMXzLs.pkg	2f5d18b8e2236c107e371727f036d894	UP0177-NPUB30829_00-AVAJSRGRAFFITISO			102400	
NPUB30829	US	Jet Set Radio™ Avatar	http://zeus.dl.playstation.net/cdn/UP0177/NPUB30829_00/NPQovPFHqTXeRTreyiLTZqgnOCpIuEHPQFEJBzxlPOXgKiXuxwKTreamSVzhPRKhxOntzNQoMCVDOusqjelernjZtqiBuVNofUlau.pkg	450f8f2d3428796336298795162f68c8	UP0177-NPUB30829_00-AVAJSRJETSETRADL			102400	
NPUB30829	US	Jet Set Radio™ Gum Avatar	http://zeus.dl.playstation.net/cdn/UP0177/NPUB30829_00/LaIjGyUoOTntbEZAXJQEimAiEFexoVeAKkgCrhwIBWxkUPUWjUyuninMrObCzQmxCGFcsETprEQhxfKcHXbUjftLKYynIFyIgLLcW.pkg	8ea9e3befc2469c2d56df23ec4f64f15	UP0177-NPUB30829_00-AVAJSRGUM0000000			102400	
NPUB30829	US	Jet Set Radio™ Pots Avatar	http://zeus.dl.playstation.net/cdn/UP0177/NPUB30829_00/TkXGZfhbRLNXZqMPZTSzbpBGFKhLauywAjIZUZpxXUfhWtBaVrXDrOpbcXVaMbYhLaVXHTntSvSlScERHjgMNeNNakkJQpOgWEftD.pkg	ed8902fd7a384790e68d0a10240c9454	UP0177-NPUB30829_00-AVAJSRPOTS000000			102400	
NPUB30829	US	Jet Set Radio™ Tab Avatar	http://zeus.dl.playstation.net/cdn/UP0177/NPUB30829_00/xlMPidtsuQPWdmFqlLFPzdBeUQpimTtLuBpiRsLlzgdiKWwUYEEiERxDdzdhMVWjyitEbZOUFioIhXALgUBSTAWvjnQreWhpTYmWV.pkg	f41737495b759c19c1109c9d349643d6	UP0177-NPUB30829_00-AVAJSRTAB0000000			102400	
NPEA00316	EU	Deadcloud	http://zeus.dl.playstation.net/cdn/EP9000/NPEA00316_00/AxsbAjyjVxzWluYAGErhsfrozobRmngjVVumDwECvQOgtmzTANRxdiPgVqzkwbRf.pkg	008c6b1277bb6f975507c6e2c9bcfc0d	EP9000-NPEA00316_00-AVAPLUSDEADCLOUD			102400	
NPJB00599	JP	『P4U2』アバター「玲」	http://zeus.dl.playstation.net/cdn/JP0005/NPJB00599_00/WKtkwWcjrUFICCbhghzjlzzOQucxTAKqSHWMAzaHiIChMFzIuWFdTskNtuYbhWNT.pkg	MISSING	JP0005-NPJB00599_00-AVATAR1409U20041			102400	
NPJQ80005	JP	フリフリ！ サルゲッチュアバター「ピポサル」黄	http://zeus.dl.playstation.net/cdn/JP9000/NPJQ80005_00/uvbyTSeMulEXJQCCPoLmRSiQfYzOTlDspmPOdPqoaSGHQcnfIhaostNmZEYesMXyKSwibPJWjMLGDUOJbmdjWXeBqBnMvspdCvpcl.pkg	MISSING	JP9000-NPJQ80005_00-AVAFURISARU00004			102400	
NPJQ00036	JP	「どこでもいっしょ」 トロ ごきげんアバター	http://zeus.dl.playstation.net/cdn/JP9003/NPJQ00036_00/SbTjwyTvtOuOlsuQwIadXlvHgwAmuLWDKSsMBctBVEdYaJeqETcKqNdbpoFmcNrkhHNFYtLUgGgvEnryYjaODSZfrluuQFLDqLGOt.pkg	MISSING	JP9003-NPJQ00036_00-AVATAR1302DOKO01			102400	
BLJM60444	JP	PS3®アバター「播村奈津（３）」	http://zeus.dl.playstation.net/cdn/JP0031/BLJM60444_00/gpJXpREWOwMlhZlMTWJJQeeAvtzvENuSXgrUWAzCYXNkIymvcrXhJGDJjXnjvzrJwBsPeQNLdUEatzoooKVsswxOEjXLkEzgeNoOe.pkg	MISSING	JP0031-BLJM60444_00-AVATARDATA000015			102400	
BLJM60444	JP	PS3®アバター「滝川葵（３）」	http://zeus.dl.playstation.net/cdn/JP0031/BLJM60444_00/RIHSaLwlmBwjMUGqXoBrjAsAQaOsiYDUPjLNoZsiMQBPelzBOhvSUepZdFhCUophHpNEhHFOSVWmMDrmrjHUOqHMlMaeofdzZTkzn.pkg	MISSING	JP0031-BLJM60444_00-AVATARDATA000014			102400	
BLJM60492	JP	神次元ゲイム ネプテューヌＶ『ネプギア』アバター	http://zeus.dl.playstation.net/cdn/JP0031/BLJM60492_00/RgJvsUqDgHqyvMLdvSGdHdjBmylkMIwseMAGrqMgCgvatCRxzGrNhzXjKAIXHCxPDgiiGnWGogSzONbLlufGqHIgcsOjKLnytjmpZ.pkg	MISSING	JP0031-BLJM60492_00-DL0806AVATAR0011			102400	
NPJR80041	JP	『新次元ゲイム ネプテューヌVII』　「ネクストホワイト」アバター	http://zeus.dl.playstation.net/cdn/JP0031/NPJR80041_00/JP0031-NPJR80041_00-AVATAR1505NEP028_bg_1_ccc01da732c9c17198f38d9df736a1fe035473e1.pkg	MISSING	JP0031-NPJR80041_00-AVATAR1505NEP028			115088	
NPJR80041	JP	『新次元ゲイム ネプテューヌVII』　「ビーシャ」アバター	http://zeus.dl.playstation.net/cdn/JP0031/NPJR80041_00/JP0031-NPJR80041_00-AVATAR1505NEP014_bg_1_59c679efe6b2fcbac468d0ef02c64b81495862bb.pkg	MISSING	JP0031-NPJR80041_00-AVATAR1505NEP014			102400	
NPJR80041	JP	『新次元ゲイム ネプテューヌVII』　「ラム」アバター	http://zeus.dl.playstation.net/cdn/JP0031/NPJR80041_00/JP0031-NPJR80041_00-AVATAR1505NEP008_bg_1_7d57071b511488e7c935cec917bc98a16f370b00.pkg	MISSING	JP0031-NPJR80041_00-AVATAR1505NEP008			102400	
NPJR80021	JP	PS3®アバター「日本一ちゃん」	http://zeus.dl.playstation.net/cdn/JP0031/NPJR80021_00/lCWUdBMiaeRFNcxTsOrALWtdQksdZqQEIhYQOWlmcbSUypqVKOLKTAaVgadsPKvMCmvXQLzxDHcZQEkdrWSCpymcFrXQgsnyxZRGb.pkg	MISSING	JP0031-NPJR80021_00-0000000NIHONICHI			107824	
BCUS98233	US	UNCHARTED 3: Drake's Deception™ Logo Avatar	http://zeus.dl.playstation.net/cdn/UP9000/BCUS98233_00/hdMIRzPefRAKVslSKDdyYshhlEVzLeGZEyXRzQgqznWPeJkLhOByrfXXQSlLMSgdVRYeQzopdITjbucXxyuctQbuvdVIjWDKGQblL.pkg	45fc02b0695fce9161b855f32a7b9508	UP9000-BCUS98233_00-AVA000000X0XU001			102400	
BCUS98233	US	UNCHARTED 3: Drake's Deception™ Beta Tester Avatar	http://zeus.dl.playstation.net/cdn/UP9000/BCUS98233_00/eWqWpejpMBZtsqlOfZqGfvffcSwhAWbuDfXQzqVqstFdOHpSAlSIeHjuXLbwRfIQmgoJlOhrJvHfEncELPxVHsFYIHrLzMTdfBmbb.pkg	eb2f0098eaf555785397cb8242b4698f	UP9000-BCUS98233_00-AVAU3DDBETATESTR			102400	
NPUB31498	US	1001 Agent Akeno Avatar	http://zeus.dl.playstation.net/cdn/UT0027/NPUB31498_00/xqjikpYGkHkfkeABvXHJhiYMhiloaUIiTWxcOEjQhMyRtknKymnqSnhUiyUGtFAr.pkg	MISSING	UT0027-NPUB31498_00-UANONGAMEC000069			125200	
NPUB30764	US	Double Dragon Neon Skullmageddon Avatar	http://zeus.dl.playstation.net/cdn/UP1012/NPUB30764_00/SaGkWmpixEEwturyTDtplhmodGBNfNodfEteYKSuanPjGydyHGusKZlYdgszztiUwccBqjhvYoBZVsuhrAHhIeKcgUMgkYunScEdR.pkg	a4387a6182d9d19a9b8a8cdda6275677	UP1012-NPUB30764_00-AVADDNSKULLMAGED			102400	
NPUB31659	US	Skulls	http://zeus.dl.playstation.net/cdn/UP4478/NPUB31659_00/UP4478-NPUB31659_00-UAERTEMYAZ000149_bg_1_58d916982f7a2a2545882a2cf621107f9c62f017.pkg	MISSING	UP4478-NPUB31659_00-UAERTEMYAZ000149			116064	
NPEA00111	EU	UNKNOWN TITLE	http://zeus.dl.playstation.net/cdn/EP9000/NPEA00111_00/e67WIYnxLN0CqU1wl1e0jY7OSleoeUOy1ACiQhS92HyeHIwVB3Ma8tkjrVcxqVk7uUEV7OU2PpxYnPNcG4m3IpKnNjejx1QLe83Rf.pkg	MISSING	EP9000-NPEA00111_00-AVAFATPRINPIRATE			102400	
NPEA00111	EU	UNKNOWN TITLE	http://zeus.dl.playstation.net/cdn/EP9000/NPEA00111_00/l931NySx5rSjgYe1HgmmavCN8QlfsW1lwdTmHJbWoigkDpp6K1ITkgowmoxpBRrCtrSYnqmjs3n8dCHMHTFNQgj0c01ocQorMhgK8.pkg	MISSING	EP9000-NPEA00111_00-AVAFATPRBLUEMAGE			102400	
NPEA00111	EU	UNKNOWN TITLE	http://zeus.dl.playstation.net/cdn/EP9000/NPEA00111_00/VlnnUL6VD7NcJrv6EWO6uBqrg0VXN0BystmINjhwdcSDfAD8VGewcuKves6FvNnxQHprWQIVAh3lqJaEfNbUBbioVWTF6nKTc7Q9m.pkg	MISSING	EP9000-NPEA00111_00-AVAFATPRINCNINJA			102400	
NPEA00111	EU	UNKNOWN TITLE	http://zeus.dl.playstation.net/cdn/EP9000/NPEA00111_00/Mf6YsbAurlPkT4srRdRlYepl78cNC1MUlx5r8MuhKI6Cn03wcjDwEH3nvXGyqtXQWTF1gCFsJCbhB6XpwOfksoR9Vs96YxXMpuWIb.pkg	MISSING	EP9000-NPEA00111_00-AVAFATPRBLUERANG			102400	
NPEA00111	EU	UNKNOWN TITLE	http://zeus.dl.playstation.net/cdn/EP9000/NPEA00111_00/FqoTxTfjRB3yLPdJLnVsq1Xw72yaISUYtePCuBu6IRGO0qHXMhJoiAdGrlJgLvDuU0KfbbWulfvrjsCS2RILJTsPnQuu8Yo4Nt9ky.pkg	MISSING	EP9000-NPEA00111_00-AVAFATPRINCSCAKE			102400	
NPEA00111	EU	UNKNOWN TITLE	http://zeus.dl.playstation.net/cdn/EP9000/NPEA00111_00/eaeQBpLjICWtrAGwKvOGgjMtkRdHIeTfPaft2i8vFekcKeC4fUbljkvy8u2cKA83nijf28Bi6gUdjc0SJ2vjIimdmenrDK4pqc5iK.pkg	MISSING	EP9000-NPEA00111_00-AVAFATPRREDPRBIG			102400	
NPEA00111	EU	UNKNOWN TITLE	http://zeus.dl.playstation.net/cdn/EP9000/NPEA00111_00/uOYQDyw3S9NL4SVsrjX3kdKpX6DoRVHgoFSRucv2eUUtUtObSSjlsiLVSf8v2IYdSv1nLcCIJicfowQoNvfy2WoNekPxtdBajcsMd.pkg	MISSING	EP9000-NPEA00111_00-AVAFATPRIREDMONK			102400	
NPEA00111	EU	Red Princess (Big) Avatar	http://zeus.dl.playstation.net/cdn/EP9000/NPEA00111_00/LqXfoxlqlHI2by32pbIhmSQVOq8ToLyow3af0maA2Ne50YoWFSKQAjGgikdJhbVfwpJ0bIiWCV7DvySdFmBK1uy7xtcN5cw07LUWI.pkg	MISSING	EP9000-NPEA00111_00-AVAFATPRREDPBIGA			102400	
NPEA00111	EU	UNKNOWN TITLE	http://zeus.dl.playstation.net/cdn/EP9000/NPEA00111_00/gmXcalA6UYkDYYBFnbUjSjSgiL5sryIVgkJH9uvvnOwGNoaKEh2nbNLBRJLvccB5VutwGf5b1JHOshAG01H2J7eXuCr65PlVdDoNi.pkg	MISSING	EP9000-NPEA00111_00-AVAFATPRREDPSMLA			102400	
NPEA00111	EU	UNKNOWN TITLE	http://zeus.dl.playstation.net/cdn/EP9000/NPEA00111_00/HRiACvkTu0W1BaTfJfYF1329LqSawPPWCVrOPSaEaPSiigHRdU4l6Nd8vFfISaEDbPGL2HEqACOWTkupnfKAbatOyVMd9yW4UJnPR.pkg	MISSING	EP9000-NPEA00111_00-AVAFATPRBLUEPBIG			102400	
NPEA00111	EU	UNKNOWN TITLE	http://zeus.dl.playstation.net/cdn/EP9000/NPEA00111_00/10pGAV9Wpu8mIcj9o6FaqeTsKJgtoNNLtbEclmbjGso9faQfcnA3H9SdKJOXTCq2rwQU9fpKETG1ge0KjkrAeu7dtJBVK5vUIN3Vu.pkg	MISSING	EP9000-NPEA00111_00-AVAFATPRBLUEPRIE			102400	
NPEA00111	EU	UNKNOWN TITLE	http://zeus.dl.playstation.net/cdn/EP9000/NPEA00111_00/2B0rX234UvoCPyTDViTRKnY7RenAFCln9OPBNxPiSu20BiGftVR3xQeN9SBfT2H6CaXbl3V6Ee4l5ALBAOxMVGIM5erqAKa8eM4tQ.pkg	MISSING	EP9000-NPEA00111_00-AVAFATPRBLUEWARR			102400	
NPEA00111	EU	UNKNOWN TITLE	http://zeus.dl.playstation.net/cdn/EP9000/NPEA00111_00/LWu5tHdYTPUoMU4XwtyyYW5OJCbvSeTmY0rgn7hrhPnUBlIY6qcvXW2o3cN29sBjGf10PIt959kmfK9GE626YE48qkQYudeWtJq6H.pkg	MISSING	EP9000-NPEA00111_00-AVAFATPRBLUEMONK			102400	
NPEA00111	EU	UNKNOWN TITLE	http://zeus.dl.playstation.net/cdn/EP9000/NPEA00111_00/1cGyPgWjeY9a9IS0x3ONv5xSiKDHjImmP9HYIAx1ODbT5wqm8Ch8OGJwoMFW2yr26sg9ISnlft6uFY3yMCOQIYyjr7x3jg9GDYMKQ.pkg	MISSING	EP9000-NPEA00111_00-AVAFATPRBLUEPSML			102400	
NPEA00111	EU	UNKNOWN TITLE	http://zeus.dl.playstation.net/cdn/EP9000/NPEA00111_00/L1ovLGUi5RLw6jovtMyg1Lq6rj6mdxY42xePqtPkfGFYkUOLMFPpJVuhGsF9OTB8Y5RmiTAgiESbdC2T7n49L1YAV3HsMIdnSwdP0.pkg	MISSING	EP9000-NPEA00111_00-AVAFATPRREDRANGE			102400	
NPEA00111	EU	UNKNOWN TITLE	http://zeus.dl.playstation.net/cdn/EP9000/NPEA00111_00/gTePBG9L4jkfYQ8w66N1echECauxv7cRQAoTywV94vQ6pnmwWj05psSHnq7QmbSxxu3uIDPW2EBk5Viu25mDYlOoYidhbpdpSHf10.pkg	MISSING	EP9000-NPEA00111_00-AVAFATPRREDPRIES			102400	
NPEA00111	EU	UNKNOWN TITLE	http://zeus.dl.playstation.net/cdn/EP9000/NPEA00111_00/fcXMeDIUcBaNyn0pPj03r0wh7NXDHQspCdIyTt8Hj7uLoLdC9YhNRINohtVTCENBsJSUYQaf57WqDkIc4mFNDw8EQwCFVoxP7XLnF.pkg	MISSING	EP9000-NPEA00111_00-AVAFATPRINCGIANT			102400	
NPEA00111	EU	UNKNOWN TITLE	http://zeus.dl.playstation.net/cdn/EP9000/NPEA00111_00/N8hrjTn89onmiPcLqwbBHC1c3Tyrpi5XeSfxsPtwph5yrI6AEbtSewybWJSNouxyYfxm8uObrQi05X8ikoEdDE7f23r3sNlVvmcC7.pkg	MISSING	EP9000-NPEA00111_00-AVAFATPRIREDMAGE			102400	
NPEA00111	EU	UNKNOWN TITLE	http://zeus.dl.playstation.net/cdn/EP9000/NPEA00111_00/V2kceKQgNGoXYnpoyiPr0E2INkiNUmWAb5D4cv2pS4dxXt6s6eNbuV1ncphsr5J6DKDh7aYGMamf68AfUhPPSQAmq3ErOWDf6GBN1.pkg	MISSING	EP9000-NPEA00111_00-AVAFATPRREDWORKE			102400	
NPEA00111	EU	UNKNOWN TITLE	http://zeus.dl.playstation.net/cdn/EP9000/NPEA00111_00/OcGdKmbaNrdRAFvEbhjsiLmfXPRQDRwtxB4IWPFCPR5ljFkAETVBXkxnx1oq2v8aTicaW7m6p6eiDmEs3eFcOLys76yP5qT5YPCsq.pkg	MISSING	EP9000-NPEA00111_00-AVAFATPRINCSLOGO			102400	
NPEA00111	EU	UNKNOWN TITLE	http://zeus.dl.playstation.net/cdn/EP9000/NPEA00111_00/3lmbiYeGuvBGCsPYELkj3IABfFybcuKKfwrh4reJmFT5PfQ5iQkvb63PwBggul7OlkkWgAaWDgOJHb4Nqai1jfRyDjx6XCwP1rcAf.pkg	MISSING	EP9000-NPEA00111_00-AVAFATPRREDWARRI			102400	
NPEA00111	EU	UNKNOWN TITLE	http://zeus.dl.playstation.net/cdn/EP9000/NPEA00111_00/FbjN2QLH0lK8Ei75dNuIOmYs1vHTDVo7xItCapBENss9t5eBRaaDfQJi7CfBI4WAcPlUO2eNbqCwjLAVhQ00nvFCfnf5mu0iPoHXF.pkg	MISSING	EP9000-NPEA00111_00-AVAFATPRBLUEWORK			102400	
NPEB00933	EU	UNKNOWN TITLE	http://zeus.dl.playstation.net/cdn/EP4037/NPEB00933_00/JRsYUuyZWgXnDILbEaBQSmvJbNEBarqehXZOhmCzKhpVmTYwbOdGMdQinqYnpBnR.pkg	MISSING	EP4037-NPEB00933_00-AVCONSTRUC000042			102400	
NPEB00933	EU	UNKNOWN TITLE	http://zeus.dl.playstation.net/cdn/EP4037/NPEB00933_00/QyvHtYHPJQfclqZiapXAnyeWZEcWfcpsymyitCfmNusfCvPXMclzKFUEHdRPyneT.pkg	MISSING	EP4037-NPEB00933_00-AVCONSTRUC000041			102400	
NPEB00474	EU	UNKNOWN TITLE	http://zeus.dl.playstation.net/cdn/EP4312/NPEB00474_00/IbpHgachfakTLegaWFMVzggxpOawPIMBRKzSMxDMPPtgZdXvplZrlGMpvoRAZDKI.pkg	MISSING	EP4312-NPEB00474_00-AVSMOBILET000219			102400	
NPEB00474	EU	UNKNOWN TITLE	http://zeus.dl.playstation.net/cdn/EP4312/NPEB00474_00/QJlOUIqEPMrpNjcSQZizmpxzClVowWMvxrNJKvmdosXSbviWwoDSiLbGWhhxBsab.pkg	MISSING	EP4312-NPEB00474_00-AVSMOBILET000043			102400	
BLES01384	EU	UNKNOWN TITLE	http://zeus.dl.playstation.net/cdn/EP0001/BLES01384_00/MsmMRlUqffjLaXaZPhPpBGpOrkGtYgGVROvUDjKosmPFCgpnDSzRZRJsmZDbfNVX.pkg	MISSING	EP0001-BLES01384_00-AVASSASSIN000012			133280	
NPEB01921	EU	Alien: Isolation - Android Avatar	http://zeus.dl.playstation.net/cdn/EP0177/NPEB01921_00/bEIOFHoOfjWdDZuaOFubFdFxDzmTFNZlZkdDYAlZMVUrZGMmxALHqFedcetmHbDL.pkg	cf5ced770884bad34dcd08df6af6d7d3	EP0177-NPEB01921_00-AVALIENISO000001			102400	
NPEB01921	EU	Alien: Isolation - Logo de Seegson Avatar	http://zeus.dl.playstation.net/cdn/EP0177/NPEB01921_00/npwzPzHTWObYlTJkrWkxPkVYbHkRFAPqAWOBbMsoKDoQytFxuMSILjbiguZXRFBX.pkg	e8081936fe85a7400f02f154dffbb8df	EP0177-NPEB01921_00-AVALIENISO000004			102400	
NPEB01921	EU	Alien: Isolation - Amanda Ripley Avatar	http://zeus.dl.playstation.net/cdn/EP0177/NPEB01921_00/VDXKNTpXzHMfDBNVVfsTumkhJdgeJKcbielrLoMAbUXyQtvuFQMfiDhqDMHpLTLF.pkg	5caa3ca50096aab2e1a270acc0314a1e	EP0177-NPEB01921_00-AVALIENISO000006			102400	
NPEB01921	EU	Alien: Isolation - Samuels Avatar	http://zeus.dl.playstation.net/cdn/EP0177/NPEB01921_00/DhQLuZjBDMGhTHwCLMbAfpUzelpCBBVXSPEOwrHdMgLWDAeWPYJLakURWdQvTAZH.pkg	68bdb5889ab5743b82f49dd150846158	EP0177-NPEB01921_00-AVALIENISO000008			102400	
NPEB01921	EU	Alien: Isolation - Sensor de movimiento Avatar	http://zeus.dl.playstation.net/cdn/EP0177/NPEB01921_00/uefhkmILxuKzPXDafScxtVGojLXrqbLaGjyGNFqmeJnqPnywPlpBVgGpABzFBtVB.pkg	39a19ee86478589497484474f3f6894c	EP0177-NPEB01921_00-AVALIENISO000009			102400	
NPEB01921	EU	Alien: Isolation - Robot Avatar	http://zeus.dl.playstation.net/cdn/EP0177/NPEB01921_00/YAeaPPSeeEPxHEnBRVihDRUXhEMOkfWYDwuCvvdzUSsoTlOkEipZWGEGOnoOpPgO.pkg	79a106bd2f08c760f725d1f8d1cb9cdd	EP0177-NPEB01921_00-AVALIENISO000010			102400	
BLES00485	EU	UNKNOWN TITLE	http://zeus.dl.playstation.net/cdn/EP0102/BLES00485_00/VyauOwOUzGRbkaHCsWlGPkSgDAHmpAmjsWbxdKjfzQYeLQTkZSlJyquKBKrzvtJJ.pkg	MISSING	EP0102-BLES00485_00-AVRESIDENT000016			102400	
BLES01288	EU	UNKNOWN TITLE	http://zeus.dl.playstation.net/cdn/EP0102/BLES01288_00/wBhCACQLBbvuMIGbsRKJyPhhtJsixrvuRihPTAWFhmnaNonSiIuzsZAXXTQXLzUw.pkg	MISSING	EP0102-BLES01288_00-AVOPERATIO000006			102400	
NPEB00553	EU	UNKNOWN TITLE	http://zeus.dl.playstation.net/cdn/EP0102/NPEB00553_00/eCzvAoicyALOGBvQHwAwXaEySXOfTqgnYrRLWoojQMNjMBrSiuJoXCGZHETEqNzY.pkg	MISSING	EP0102-NPEB00553_00-AVRESIDENT000002			102400	
BLES00680	EU	UNKNOWN TITLE	http://zeus.dl.playstation.net/cdn/EP1004/BLES00680_00/XeXqFfMlDLgNyhYMEyaVhLfhSTleuhEFbRMYqiwTvsHZuZUXBDcckktxGtRgnleS.pkg	MISSING	EP1004-BLES00680_00-AVREDDEADR000006			102400	
BLES01807	EU	UNKNOWN TITLE	http://zeus.dl.playstation.net/cdn/EP1004/BLES01807_00/LDUFNhBQixXMYSfOakwYanUTlrXKLIQnQMGjyJmqEEgjnrfPJmGCqFqzEqTNpbwz.pkg	MISSING	EP1004-BLES01807_00-AVGRANDTHE000009			124736	
BLES00761	EU	UNKNOWN TITLE	http://zeus.dl.playstation.net/cdn/EP1006/BLES00761_00/EhseQSuYsXwzUXWxPEHGQKVmNAbNcqTownlAUigCKVaUyCmQKraJVTHbVWYSoGPu.pkg	MISSING	EP1006-BLES00761_00-AVTRONEVOL000002			102400	
BLES00761	EU	UNKNOWN TITLE	http://zeus.dl.playstation.net/cdn/EP1006/BLES00761_00/RMsUmRIMidoZfSpoqCLbgjeBpJJVXCoNkBAirvVDAQDyVANgnesNgteKeLafxiyQ.pkg	MISSING	EP1006-BLES00761_00-AVTRONEVOL000001			102400	
BLES01225	EU	Disgaea 4: Flonne Avatar	http://zeus.dl.playstation.net/cdn/EP1063/BLES01225_00/rCWDxJOmbhRklHMSpgqHEZGdKguvCPjtaCPgmFpISNTCTiMBmiClmhZwYpDlsMNb.pkg	1e40c44e5bb4fe2490b913977e57ac4a	EP1063-BLES01225_00-AVDISGAEA4000005			102400	
BLES01776	EU	UNKNOWN TITLE	http://zeus.dl.playstation.net/cdn/EP4034/BLES01776_00/kGaVRVilxohgvOIgkUkAmIsELyoFuznKXYtJtgZBXpQCJXqIQizUnFgzVveDudZl.pkg	MISSING	EP4034-BLES01776_00-AVDEADLYPR000004			102400	
BLES01776	EU	UNKNOWN TITLE	http://zeus.dl.playstation.net/cdn/EP4034/BLES01776_00/HanWehvBtrPYQbpZLRyANsfLkAgQwyzKHYWBdMsgKXJczexrerNNcVwhbyADIfyj.pkg	MISSING	EP4034-BLES01776_00-AVDEADLYPR000002			102400	
BLES01776	EU	UNKNOWN TITLE	http://zeus.dl.playstation.net/cdn/EP4034/BLES01776_00/rpfUuONxXhUAHSTSbVFnhPOHPlNnflKxoBHSvTiszhGSxCpTsabpOcCnRxiFsCSS.pkg	MISSING	EP4034-BLES01776_00-AVDEADLYPR000001			102400	
BLES01776	EU	UNKNOWN TITLE	http://zeus.dl.playstation.net/cdn/EP4034/BLES01776_00/huCnyXLvgoWDrhbmYkmkJtrXNlpKEibosKWbjOCfryHzCtvMVZJahwdgBrKkhXuu.pkg	MISSING	EP4034-BLES01776_00-AVDEADLYPR000003			102400	
BLES01776	EU	UNKNOWN TITLE	http://zeus.dl.playstation.net/cdn/EP4034/BLES01776_00/nDndmSCUBsKEVhjonvNmvYXqTfijILvdalAmwZXUVNubLKSLmlgDFyDBuFsXSvxz.pkg	MISSING	EP4034-BLES01776_00-AVDEADLYPR000005			102400	
NPEB01320	EU	UNKNOWN TITLE	http://zeus.dl.playstation.net/cdn/EP4067/NPEB01320_00/LHdnUduKjuKHKgQwjBPzpfeyQTJxGUdNVGdbTlInNRagafoZPGNMkaRRLoCjHGUi.pkg	MISSING	EP4067-NPEB01320_00-AVPOPULUSM001279			102400	
ULUS10566	US	UNKNOWN TITLE	http://zeus.dl.playstation.net/cdn/UP0082/ULUS10566_00/OpGbccfUFNvvPaouQaDpTIWhlCxTCNSOoLYTTzxqQlQGlPtloeZKxLaYYsAspHZXpIBLFnTxtJsPGWuPpWTGnkxwFgieDTSFAfKXj.pkg	MISSING	UP0082-ULUS10566_00-AVAD12FFSQUALL00			124992	
NPEB00474	EU	UNKNOWN TITLE	http://zeus.dl.playstation.net/cdn/EP4312/NPEB00474_00/EysvcSPbiknErGqWkoTGiGpBXhjAURNHSpWJakHIyMqfPqpynNaeJWWMUvSqLOXH.pkg	MISSING	EP4312-NPEB00474_00-AVSMOBILET000811			153200	
NPEB00257	EU	UNKNOWN TITLE	http://zeus.dl.playstation.net/cdn/EP4360/NPEB00257_00/oItOGKUbaYgqSMaNnkRRYhYtkJsdICEBxklnKiUUesfIFKZWlIibJtyxmfpbyGat.pkg	MISSING	EP4360-NPEB00257_00-AVMACHINAR000016			109472	
BCES00797	EU	Origami Swan Avatar	http://zeus.dl.playstation.net/cdn/EP9000/BCES00797_00/GvNC1QiwQH09KTpSsWuGFMSSJHqydb1qWBO6r0LsngmAwVSncOcDwPtVIYfKjAutDXjJehnxcROPP2qMBEdYuHipctcqMwTKIHU6k.pkg	8bb66b31b8ceef425d0a564f69f210fe	EP9000-BCES00797_00-AVAHEAVYRAINSWAN			102400	
BCES01007	EU	Helghast Trooper	http://zeus.dl.playstation.net/cdn/EP9000/BCES01007_00/kjeFgYijWTnZnlEvBOekccqyudmQnBonThelCDdVpgthIZdLwMvlDNURsGhQYgGJ.pkg	b7f1d4485ca1c474ddd50f2d32f7489b	EP9000-BCES01007_00-AVAKZ3HELGTROOPE			102400	
BCES01121	EU	UNKNOWN TITLE	http://zeus.dl.playstation.net/cdn/EP9000/BCES01121_00/arDJJPAwyDdhajbUURwpkczXnxmNCqvsmqAevAVTrOSPWXZIdBTxsJEODjwXmhYk.pkg	MISSING	EP9000-BCES01121_00-AVABEYONDDAWKINS			103824	
BCES01121	EU	UNKNOWN TITLE	http://zeus.dl.playstation.net/cdn/EP9000/BCES01121_00/yIVGqDGoSoKcmTqTIUGhAbMVVedgYZklLMbbmsmqslFQyrzPdrQeWQdCAaPWscoI.pkg	MISSING	EP9000-BCES01121_00-AVABEYOND0000001			102400	
BCES01121	EU	UNKNOWN TITLE	http://zeus.dl.playstation.net/cdn/EP9000/BCES01121_00/ZQpNgNOxZDAKswzQKOOWFmuoGjYbsJpDHHEylGXdlvLCWzjwBmHUIbVnewXBjzay.pkg	MISSING	EP9000-BCES01121_00-AVABEYONDJODDAWK			102400	
BCES01121	EU	UNKNOWN TITLE	http://zeus.dl.playstation.net/cdn/EP9000/BCES01121_00/tKKyOuQxtoPqukulQxNJnpJzZYQwpGdzXONnVfExAJIYZRfXOepbXBhFsVzHeZff.pkg	MISSING	EP9000-BCES01121_00-AVABEYONDJODIE01			102400	
NPEA00054	EU	Le Toot Avatar	http://zeus.dl.playstation.net/cdn/EP9000/NPEA00054_00/d9AUCfAyhpVjfsn6v2wq5chRubCvf7pEhdC1IYjbEPgpFLPd65bquDiU9iNpcqNe.pkg	MISSING	EP9000-NPEA00054_00-AVAPAINLETOOT000			102400	
NPEA00054	EU	Jarvis Avatar	http://zeus.dl.playstation.net/cdn/EP9000/NPEA00054_00/6x8dlsCaRILD8PEWCR6kPsNlFo98CxmW9jwvEqy8yTQfu61huvn595Ohg0IESliw.pkg	MISSING	EP9000-NPEA00054_00-AVAPAINJARVIS000			102400	
NPEA00133	EU	UNKNOWN TITLE	http://zeus.dl.playstation.net/cdn/EP9000/NPEA00133_00/eUdkwsXNRTvHMsdyiHeUrERdxuJSlkCkPSxHJFfTgHouJvhKCFyKxbxJnOFjBlXu.pkg	MISSING	EP9000-NPEA00133_00-AVAEATTHEMPSNAV4			102400	
NPEA00133	EU	UNKNOWN TITLE	http://zeus.dl.playstation.net/cdn/EP9000/NPEA00133_00/avKJSAOSFLYtWPZHDPyysqBOklnXZblVJHfmVObdWrmcNKLoNkkFHjOydRjrUCng.pkg	MISSING	EP9000-NPEA00133_00-AVAEATTHEMPSNAV1			102400	
NPEA00133	EU	UNKNOWN TITLE	http://zeus.dl.playstation.net/cdn/EP9000/NPEA00133_00/zJubYXGiYxJXPndgRCxiDrrHNgbBXovgDVpdrHItutCQbOczPtmlPaYFyqxoOhBQ.pkg	MISSING	EP9000-NPEA00133_00-AVAEATTHEMPSNAV8			102400	
NPEA00253	EU	Echochrome Avatar	http://zeus.dl.playstation.net/cdn/EP9000/NPEA00253_00/MyvcZomByBQESFYkNzkZTNXeFEmTSTKhLjljWpfLYGJERSHeRPDotgIHNKtGESJx.pkg	MISSING	EP9000-NPEA00253_00-AVAECHOCHROMEII0			102400	
NPEA00253	EU	Echo Avatar	http://zeus.dl.playstation.net/cdn/EP9000/NPEA00253_00/ObmlAUzJfhTBQQkGGQLpVNUvAjmKCsntRLblLcsRbqUwGjTNpGfvpRqTkqHIfngJ.pkg	f27ce48328658a4fb81f0289b687858e	EP9000-NPEA00253_00-AVAECHOCHROMEII1			102400	
NPEA00253	EU	Smile Avatar	http://zeus.dl.playstation.net/cdn/EP9000/NPEA00253_00/OKITWbbLCBMRPNTZXOPIcsuGSNuGOovTktVefZPtOymDDvFiYEnGKkEkqgtVJZro.pkg	1afd924c239563ce2cab3e14589fa70d	EP9000-NPEA00253_00-AVAECHOCHROMEII3			102400	
NPEA00253	EU	Vitruvian Avatar	http://zeus.dl.playstation.net/cdn/EP9000/NPEA00253_00/kgGtZLTGTBEaguXlkNaYfgZuAiCSebsvGHIQEoWeYjodbtTfbBUtKTjciGRmfZra.pkg	f0f0c4aa53b9c2e5464d205e273fc3ea	EP9000-NPEA00253_00-AVAECHOCHROMEII2			102400	
NPEA00253	EU	Badge Avatar	http://zeus.dl.playstation.net/cdn/EP9000/NPEA00253_00/zTGHjGfpIpACevwarVbMjMkWxWJbnKiYODtcJMyZAHQcgFdLHifFPdgnDihZNBlq.pkg	45d2f7e7916f6504f2182f3614d999bc	EP9000-NPEA00253_00-AVAECHOCHROMEII4			102400	
NPEA00306	EU	UNKNOWN TITLE	http://zeus.dl.playstation.net/cdn/EP9000/NPEA00306_00/OAAhKnuyUqLojwlKjsvzKNniZavoiwZGcdiotflevfJxCqYPbdOzrAVPBkYdnQvG.pkg	MISSING	EP9000-NPEA00306_00-AVAPJSS2PLASSHIP			102400	
NPEA00316	EU	UNKNOWN TITLE	http://zeus.dl.playstation.net/cdn/EP9000/NPEA00316_00/ImjTfpVJXesQlaEQhyEviwqeNwFumDUenvFvQYgJuYJxcIipKAGAunucpAHdOPIv.pkg	MISSING	EP9000-NPEA00316_00-AVNONGAMEA000001			117680	
NPEA00306	EU	UNKNOWN TITLE	http://zeus.dl.playstation.net/cdn/EP9000/NPEA00306_00/hMvKpBGzCJIIiambxfuWZdyEteJAzxTgvAzbjfSXsPMYBllJMrYzqgKRKvYRvgRB.pkg	MISSING	EP9000-NPEA00306_00-AVAPJSS1PGUNSHIP			102400	
NPEA00316	EU	UNKNOWN TITLE	http://zeus.dl.playstation.net/cdn/EP9000/NPEA00316_00/IzUYhzGbkeigVsIIcNnDQCEqQaKcvAwfHaGjxjxDavAELvVygeouZogWGIcSJPxX.pkg	MISSING	EP9000-NPEA00316_00-AVANONGAMEVITA01			102400	
NPEA00316	EU	UNKNOWN TITLE	http://zeus.dl.playstation.net/cdn/EP9000/NPEA00316_00/XvyTsEfWMkKnxmFORGzDDJbOpcXfxkZWwxjYfCZWalnnARZuQduGHikHjNMnCSLr.pkg	MISSING	EP9000-NPEA00316_00-AVNONGAMEA000002			126736	
NPEA00366	EU	UNKNOWN TITLE	http://zeus.dl.playstation.net/cdn/EP9000/NPEA00366_00/idKAumIJCyLsZXhpwIljanIziObuHDMRZTCWkSWFogqCYLjcZlszdjOjaFPkTgBR.pkg	MISSING	EP9000-NPEA00366_00-AVAMALICIOUS0026			102400	
NPHP00044	ASIA	UNKNOWN TITLE	http://zeus.dl.playstation.net/cdn/HP0082/NPHP00044_00/RAwMEqK7hgdEO5KV5MM3KebDSqtIlll3eb31gUyoWf2tkJQOBFuVWg49GCMgTtwPvpoNCv2jfrAA7o1b4hVvbrvKb4L6jek7xfyfw.pkg	MISSING	HP0082-NPHP00044_00-AVACHOCOBO000000			102400	
NPHP00044	ASIA	UNKNOWN TITLE	http://zeus.dl.playstation.net/cdn/HP0082/NPHP00044_00/q0FyPFymor2HXbSjMAe5o9gfJhWLWf1hvsWQ4t8mlhR7yKfGF38NLyL8tIYP0DPGEhhN1BbB3DUXkyOEDwDgcP9ml50A1J6JfeABh.pkg	MISSING	HP0082-NPHP00044_00-AVALIGHTNING0000			102400	
NPJB00599	JP	『P4U2』アバター「堂島遼太郎」	http://zeus.dl.playstation.net/cdn/JP0005/NPJB00599_00/XtjSUwZKPKPNBSdRgtLcySRkWRVFtkKCMWOFzGkFTlagWbrYeUwMNYWJnfUafNtg.pkg	MISSING	JP0005-NPJB00599_00-AVATAR1409U20028			102400	
NPJB00599	JP	『P4U2』アバター「テオドア」	http://zeus.dl.playstation.net/cdn/JP0005/NPJB00599_00/yecLXuMfSjsuENSyyvcEKDedBxuAJbBrFcXfjlnPqKsfNXkHKkKkCMQWcUApuJPF.pkg	MISSING	JP0005-NPJB00599_00-AVATAR1409U20029			102400	
NPJB00599	JP	『P4U2』アバター「アイギス（P3ver.）」	http://zeus.dl.playstation.net/cdn/JP0005/NPJB00599_00/ezojSbQGhVHzAigXBfxwZIOuHTguJTbPntZAkiEXJCHnVMOtTztKHPheZXrKomgB.pkg	MISSING	JP0005-NPJB00599_00-AVATAR1409U20030			113424	
NPJB00599	JP	『P4U2』アバター「桐条美鶴（P3ver.）」	http://zeus.dl.playstation.net/cdn/JP0005/NPJB00599_00/kViUgDPpoxSgexoKVLtAjGqTPThCfiJxyQjpLzaCudkbisRCCsRkYMviHlIntVPm.pkg	MISSING	JP0005-NPJB00599_00-AVATAR1409U20031			102400	
NPJB00599	JP	『P4U2』アバター「真田明彦（P3ver.）」	http://zeus.dl.playstation.net/cdn/JP0005/NPJB00599_00/YzImkjjNTfausQRfimTHzPiBrkcnbCaelouOVIywHmNtfUDthcqBtyYNHdNjNinJ.pkg	MISSING	JP0005-NPJB00599_00-AVATAR1409U20032			102400	
NPJB00599	JP	『P4U2』アバター「荒垣真次郎」	http://zeus.dl.playstation.net/cdn/JP0005/NPJB00599_00/KEFoWiWMsNOIOEBKfRwOZKSiJQzdSuwaKwRMUvDkbFJQhSHkndWQRsQWOiXrSWeZ.pkg	MISSING	JP0005-NPJB00599_00-AVATAR1409U20033			102400	
NPJB00599	JP	『P4U2』アバター「伊織順平（P3ver.）」	http://zeus.dl.playstation.net/cdn/JP0005/NPJB00599_00/VtiNGsVgzwgBSPFDjPQbkVMgdabwTJBhwHjVHHgHAYzXMBLnxJLvhQpqEezBKUcf.pkg	MISSING	JP0005-NPJB00599_00-AVATAR1409U20035			102400	
NPJB00599	JP	『P4U2』アバター「岳羽ゆかり（P3ver.）」	http://zeus.dl.playstation.net/cdn/JP0005/NPJB00599_00/bEuxRPkgxDnuErAEKTePeucrHZrtJvWWwnTgodcNhHSeRhvhlGhyryXhmnPEzktJ.pkg	MISSING	JP0005-NPJB00599_00-AVATAR1409U20034			102400	
NPJB00599	JP	『P4U2』アバター「P3主人公（男）」	http://zeus.dl.playstation.net/cdn/JP0005/NPJB00599_00/pPCMdlpZeScqOOOWIOHuVxljvIBnBfyLrihqysnbiOUlnpBdYljIvVGVUyvTDEQC.pkg	MISSING	JP0005-NPJB00599_00-AVATAR1409U20036			102400	
NPJB00599	JP	『P4U2』アバター「天田 乾（P3ver.）」	http://zeus.dl.playstation.net/cdn/JP0005/NPJB00599_00/iePDGLIhVJcOPPIRWFhJOsiNxOVgCIIeuSPbrobADidoBhiHnFVZcTPYSwdhGMop.pkg	MISSING	JP0005-NPJB00599_00-AVATAR1409U20037			102400	
NPJB00599	JP	『P4U2』アバター「山岸風花（P3ver.）」	http://zeus.dl.playstation.net/cdn/JP0005/NPJB00599_00/vUucXMrnUlQDshiiHVKmxgfJkYmhkCmEHGAqNRcNeYuZbgTTTlKibeSliaaVrYiG.pkg	MISSING	JP0005-NPJB00599_00-AVATAR1409U20039			102400	
NPJB00599	JP	『P4U2』アバター「コロマル（P3ver.）」	http://zeus.dl.playstation.net/cdn/JP0005/NPJB00599_00/BbdyWThkaahxNnXnTYEdiEMzfQJYflbduNTlDHNOQZWJUoNMZVdISpkvDLkoqKeT.pkg	MISSING	JP0005-NPJB00599_00-AVATAR1409U20038			102400	
NPJB00599	JP	『P4U2』アバター「善」	http://zeus.dl.playstation.net/cdn/JP0005/NPJB00599_00/gTjpKLzQeUjeXkVqHkLeDGoHnnCwJhKgLJmHrxreRTnrcVwzVamJoYiuvUKsctfO.pkg	MISSING	JP0005-NPJB00599_00-AVATAR1409U20040			102400	
NPJB00599	JP	『P4U2』アバター「菊乃」	http://zeus.dl.playstation.net/cdn/JP0005/NPJB00599_00/THLAnrmXueGMaEFjZhudLJlQTLapZzyXzUgUTShkUnptSlsQYmUbCRrrCBbkkLSH.pkg	MISSING	JP0005-NPJB00599_00-AVATAR1409U20042			102400	
NPJB00599	JP	『P4U2』アバター「P3主人公（女）」	http://zeus.dl.playstation.net/cdn/JP0005/NPJB00599_00/GejSjPKosRkpDvBDbfaMmwmXOmveJRjOGCqnwnnVCxFppFfRyakCqFLTvSlUrDVR.pkg	MISSING	JP0005-NPJB00599_00-AVATAR1409U20043			102400	
NPJB00599	JP	『P4U2』アバター「里中千枝シャドウタイプ」	http://zeus.dl.playstation.net/cdn/JP0005/NPJB00599_00/wxFILpaHJZTfWJDsNfZlBDWgIFTwYQGcUbphBqilKOxUyjIgzZPDbvQWXAAGJcAr.pkg	MISSING	JP0005-NPJB00599_00-AVATAR1409U20045			116688	
NPJB00599	JP	『P4U2』アバター「花村陽介シャドウタイプ」	http://zeus.dl.playstation.net/cdn/JP0005/NPJB00599_00/ZMFzlWvezrbkPhJvxXSjwqtFiauUAlbyVJtALxHmTSksqRxvkEMbnHlSrdmeQLlf.pkg	MISSING	JP0005-NPJB00599_00-AVATAR1409U20044			102544	
NPJB00599	JP	『P4U2』アバター「巽 完二シャドウタイプ」	http://zeus.dl.playstation.net/cdn/JP0005/NPJB00599_00/rzuSvBDFxkxOETmLTMlPkTmsjhIDzFsxclNWTfwmFkYMxAoAAjQkqOsyTdTGAwfH.pkg	MISSING	JP0005-NPJB00599_00-AVATAR1409U20047			102400	
NPJB00599	JP	『P4U2』アバター「天城雪子シャドウタイプ」	http://zeus.dl.playstation.net/cdn/JP0005/NPJB00599_00/TdIoCPIvHQXnYnjsYjouEzRSUVYCXGxIJQjnrBvZYEkBZeobIokkokmzVVcUHcAB.pkg	MISSING	JP0005-NPJB00599_00-AVATAR1409U20046			104752	
NPJB00599	JP	『P4U2』アバター「クマシャドウタイプ」	http://zeus.dl.playstation.net/cdn/JP0005/NPJB00599_00/ePMiySxuIqMoQqTpfEywbwQvXeKunlzcmqbDeEOZiMGXdOMSfZJsrFbjwZgDmcwb.pkg	MISSING	JP0005-NPJB00599_00-AVATAR1409U20048			102400	
NPJB00599	JP	『P4U2』アバター「白鐘直斗シャドウタイプ」	http://zeus.dl.playstation.net/cdn/JP0005/NPJB00599_00/KgNPuTHgfksWGPpXzfCuULXxgwUFVZurzGXcMLPlnoWYJObaTsVUGkurdJFEGdqb.pkg	MISSING	JP0005-NPJB00599_00-AVATAR1409U20049			113168	
NPJB00599	JP	『P4U2』アバター「久慈川りせシャドウタイプ」	http://zeus.dl.playstation.net/cdn/JP0005/NPJB00599_00/YosAeHImmgESJikOAJYhGuJqbrjKnPsBswIUQTQkqwAteHpPFFWUFNMuRZsgQhPd.pkg	MISSING	JP0005-NPJB00599_00-AVATAR1409U20050			106080	
NPJB00599	JP	『P4U2』アバター「桐条美鶴シャドウタイプ」	http://zeus.dl.playstation.net/cdn/JP0005/NPJB00599_00/CgRksVLXqrCYnjgSCCnwDApKPwwgBnSIsKjuvrlxfnpWGTwTMcWGvyqddthTarjU.pkg	MISSING	JP0005-NPJB00599_00-AVATAR1409U20051			102400	
NPJB00599	JP	『P4U2』アバター「真田明彦シャドウタイプ」	http://zeus.dl.playstation.net/cdn/JP0005/NPJB00599_00/hRNIfMlRqieHBxmIEJqufmVnSCBskuPcHBWeRbrnadOOcgpmKCpvRfosIdolMaVc.pkg	MISSING	JP0005-NPJB00599_00-AVATAR1409U20052			103792	
NPJB00599	JP	『P4U2』アバター「アイギスシャドウタイプ」	http://zeus.dl.playstation.net/cdn/JP0005/NPJB00599_00/vAUzKJAvPKUIXxrYVawkUcZgnuQESElTnwsfCXGKdIONHrtrbrqUXmEecvfWdeMD.pkg	MISSING	JP0005-NPJB00599_00-AVATAR1409U20053			123152	
NPJB00599	JP	『P4U2』アバター「岳羽ゆかりシャドウタイプ」	http://zeus.dl.playstation.net/cdn/JP0005/NPJB00599_00/kAqgHpyhaCgfSDkcTWCXPtVgaowJAcQmTgjqNJzfIaLUnBqYOEkMaIwNrlVeaBET.pkg	MISSING	JP0005-NPJB00599_00-AVATAR1409U20054			123120	
NPJB00599	JP	『P4U2』アバター「伊織順平シャドウタイプ」	http://zeus.dl.playstation.net/cdn/JP0005/NPJB00599_00/SfZVYtSyMXpgrshoIIMypJFYGzWZKwxPlPKpSlqaLQIAIJkAzoSilAKAithuQfty.pkg	MISSING	JP0005-NPJB00599_00-AVATAR1409U20055			115584	
NPJB00599	JP	『P4U2』アバター「天田 乾シャドウタイプ」	http://zeus.dl.playstation.net/cdn/JP0005/NPJB00599_00/BQkVahALWXHEhHJucKlReDaIevSnsuVjaMzMPhTIDFmxWXvoUBgZDdVIeMKzWKEg.pkg	MISSING	JP0005-NPJB00599_00-AVATAR1409U20056			114016	
NPJB00599	JP	『P4U2』アバター「コロマルシャドウタイプ」	http://zeus.dl.playstation.net/cdn/JP0005/NPJB00599_00/XJXjAPAvQHtXWsAwwqKwNgYWUchKPrkpBSLAmrpnbQPxZIkJeTMiWXoiJvQrSEcd.pkg	MISSING	JP0005-NPJB00599_00-AVATAR1409U20057			102400	
NPJB00599	JP	『P4U2』アバター「主人公（鳴上 悠）シャドウタイプ」	http://zeus.dl.playstation.net/cdn/JP0005/NPJB00599_00/qRLeGhvhjFaXXZPlfoTEBSZwpHiilBRGBytthaMdDosHIwPTYJlRDdzqLFXOVKnd.pkg	MISSING	JP0005-NPJB00599_00-AVATAR1409U20059			112144	
NPJB00599	JP	『P4U2』アバター「ラビリスシャドウタイプ」	http://zeus.dl.playstation.net/cdn/JP0005/NPJB00599_00/bdjpnSgJffJsKObXbhMxuJPKytaZRsPENUWazzCPpfkriGsvbvCHxiZGdTROiADC.pkg	MISSING	JP0005-NPJB00599_00-AVATAR1409U20060			103984	
NPJB00070	JP	UNKNOWN TITLE	http://zeus.dl.playstation.net/cdn/JP0015/NPJB00070_00/xHKBsHq3jPSWCBC02F06e4uU8JIj9pMipeM7xHAfb4uqahPYcHVmCDlYAIk33yU8kdU5W8ARnom34PfQgA6YCpXjTTpEkTPsBYQu7.pkg	MISSING	JP0015-NPJB00070_00-AVATAR2010111601			102400	
NPJB00070	JP	UNKNOWN TITLE	http://zeus.dl.playstation.net/cdn/JP0015/NPJB00070_00/fsIMAOXe9C84T52Dv1SBCa0K6CMcaGUxG5c5lA7yBJd0kcW2vmY9n45acqrFponbdo8jIqvU8r8EDoqqLFiuKQKB1YSgC8gTlEifn.pkg	MISSING	JP0015-NPJB00070_00-AVATAR2010111602			102400	
NPJB00070	JP	UNKNOWN TITLE	http://zeus.dl.playstation.net/cdn/JP0015/NPJB00070_00/v6Cu6KCMjHEhp2aJp1w9D6XQlS9yARbHQx7Fv5gC1qHJblWCrOtHOohovNUMcBtcUD4KUKsWABhcpfTnbf8WoSsCwNXGfGda6AGUe.pkg	MISSING	JP0015-NPJB00070_00-AVATAR2010111603			102400	
NPJB00070	JP	UNKNOWN TITLE	http://zeus.dl.playstation.net/cdn/JP0015/NPJB00070_00/beGxJDLfDVEawOD8bGwp6hrosEoBSj7CYF50tyd0dBCeo72Sly495PjIrCyGaqLADkgsHfXGd8mEFsU80g485nbkT6etK00DXRArW.pkg	MISSING	JP0015-NPJB00070_00-AVATAR2010111604			102400	
NPJB00609	JP	UNKNOWN TITLE	http://zeus.dl.playstation.net/cdn/JP0036/NPJB00609_00/omQXSshsAScgaZruzBmyywLYyYVGXaDUlVcZldbqLrLniMVRkuNAWSoIilnnhicV.pkg	MISSING	JP0036-NPJB00609_00-AVATAR1404RAYEN0			124336	
PCSB00205	EU	Phi	http://zeus.dl.playstation.net/cdn/EP4034/PCSB00205_00/qxPGEPZWYtiBkysxOVnRvaRmJEecLuwMrDQaEHtnJWuEYBwtyjpZHZSzwpApJWOE.pkg	MISSING	EP4034-PCSB00205_00-AVVIRTUESL000012			102400	
PCSB00514	EU	DANGANRONPA 2 GOODBYE DESPAIR Chiaki Avatar	http://zeus.dl.playstation.net/cdn/EP1063/PCSB00514_00/AQtZlmcqziNGwFqhEhlIfzUarNwvRiYadQrLODvGRRcmhjqJyeufbQWsEqqqefAX.pkg	MISSING	EP1063-PCSB00514_00-AVDANGANRO000010			105728	
PCSB00601	EU	Daidōji Avatar	http://zeus.dl.playstation.net/cdn/EP4492/PCSB00601_00/JpKDoJLLjYkWJzSbcVlxgglRpGTOXYOkdpqHcQqhxCvELJdPNMgjQxXYlaqNbcHq.pkg	MISSING	EP4492-PCSB00601_00-AVSENRANKA000022			102400	
NPUB30764	US	Double Dragon Neon Billy Lee Avatar	http://zeus.dl.playstation.net/cdn/UP1012/NPUB30764_00/UpyAmFOGmNdlMNKFHFyikHFsEaxirxRzsVpkPQlSFDRzecQTQmfEadZUDBhfQmQkpcwzQhvrynwFLMdHzEnMugzMOQmlcZgvOqexv.pkg	61411e9dc0509d54e9e58456b9fb4660	UP1012-NPUB30764_00-AVADDNBILLYLEE00			102400	
NPUB30764	US	Double Dragon Neon Double Dragons Avatar	http://zeus.dl.playstation.net/cdn/UP1012/NPUB30764_00/fqaVQzLmGlpITbUUnjCErYxlzwtoWDjlmVAypgqnZUIwUoVOEHWvGyyacxMQbFDEomgQNDJuGIxXPAEZibHBRmJnwbkdPmJEkCZSe.pkg	bba5ca007b8945b0f5eba701e8ee0c14	UP1012-NPUB30764_00-AVADDNDOUBLEDRAG			115456	
NPUB30764	US	Double Dragon Neon Jimmy Lee Avatar	http://zeus.dl.playstation.net/cdn/UP1012/NPUB30764_00/owRgJGQPCcdNSIfRaZZEWKtAOnXZaoPRJUuveQzYueqYWAVbwtmYZxGdoYmdcHvRyjVpNnXtapXskNEVLiqjkRxyuMlGoClfYIpbI.pkg	ccfcf6837e039b98b96f5e193cec31d8	UP1012-NPUB30764_00-AVADDNJIMMYLEE00			102400	
NPUB30764	US	Double Dragon Neon Lee Brothers Avatar	http://zeus.dl.playstation.net/cdn/UP1012/NPUB30764_00/QvbsRvZuArrcJkAOflqLxVKCqjHInWxBTYYFldcBuZnUBrUxReMmMJctHftUtqzIyrSeQSIimTKCsjrStKsLxAvGCFCsZbNxjAzyz.pkg	b91754657fa6a3aa624d9e89cb2c3a0b	UP1012-NPUB30764_00-AVADDNLEEBROTHRS			117392	
NPUB30764	US	UNKNOWN TITLE	http://zeus.dl.playstation.net/cdn/UP1012/NPUB30764_00/TwDfcGeYZtEQAxDPDpTqJdLDhcFcYPFvZecSZXSIHTLCBrYilHPgXkZxRtfSGNMizBzvYJgjoNGEvjsHMFroWbeklKLGZIFHhWESo.pkg	9d32ee7362af404a5703699914d2109f	UP1012-NPUB30764_00-AVADDNLINDA00000			102400	
NPUB30764	US	Double Dragon Neon Skullmageddon Logo Avatar	http://zeus.dl.playstation.net/cdn/UP1012/NPUB30764_00/rPZfJwZYtWYywFvWQfcpksCqvqrtnzNGqBhKzDbEUpsKVZdnhiMnPUaCIvPSObnoJqeVoxcjITfWsAFdtiaRPuQjRcNAypfpTBICw.pkg	302b1869151962868ed5ec97ede3f658	UP1012-NPUB30764_00-AVADDNSKULLMGELG			102400	
NPUB30381	US	Section 8®: Prejudice™ Army of One Avatar	http://zeus.dl.playstation.net/cdn/UP2024/NPUB30381_00/iTvWpcKiyeFaYFsNQxbSrwQqmnYAyhknUmmJYrOveGkcnvZvmLsDRlQoyVFVXAYrhejHztwiqhCiIiWpDTvsstcuEjVUtaDovxFFS.pkg	9d62e17b1f40a4081ad9d4469ced8a1b	UP2024-NPUB30381_00-AVAS8PREJARMYONE			121328	
NPUB30381	US	Section 8®: Prejudice™ Fog of War Avatar	http://zeus.dl.playstation.net/cdn/UP2024/NPUB30381_00/rkFNkksMQuIpxbAIvSqZmGFoSDovKIHbAagbAUCKFdWwcRLQcsDrFaxzbDLRDJsXYILSQCAuszqAwTMCEEdetgpBxFLJqsJZTwUbc.pkg	3ce687af930f1b34edf01069acf53b6b	UP2024-NPUB30381_00-AVAS8PREJFOGOWAR			115088	
NPUB30381	US	Section 8®: Prejudice™ Free Fall Avatar	http://zeus.dl.playstation.net/cdn/UP2024/NPUB30381_00/jhCxArUiwIlTXvsURNqgqjyWqSPoXqXTYeDlBGugpfSXqesVuWxgIBTzNvxMUcGKErDBXpSTqMffenbVbrYWRrKrrszQxmTRfgIEJ.pkg	477731e4a9f7123456bb30fcb30c8124	UP2024-NPUB30381_00-AVAS8PREJFREEFAL			102400	
NPUB30381	US	Section 8®: Prejudice™ Hammer Down Avatar	http://zeus.dl.playstation.net/cdn/UP2024/NPUB30381_00/pqCgcAbYiaicRjKLxAXcHVvximlqMUVRxLJkuMyoIyVUvBDrSuKxKvfZBNJMBlVweGBOPPHoerlSgcAqOiOyBICeTorvODaPGPEHj.pkg	612da4c1e6975a715fb449156533968c	UP2024-NPUB30381_00-AVAS8PREJHAMMERD			114864	
NPUB30381	US	Section 8®: Prejudice™ In the Clear Avatar	http://zeus.dl.playstation.net/cdn/UP2024/NPUB30381_00/DHvsSqMxAXVEKfcugmATAdYOpgCXvJCaucmEIGXjREJNnhXvracsgQurcpmepXOeJNfBPgkhojeOYKTQqUorIaRWOpRIsjGvpfIRC.pkg	545fdde201cc28f8ed0be7aab50dc524	UP2024-NPUB30381_00-AVAS8PREJINCLEAR			109600	
NPUB30381	US	Section 8®: Prejudice™ Into Battle Avatar	http://zeus.dl.playstation.net/cdn/UP2024/NPUB30381_00/mOKqwnfrzSKVHlLWuxcptqnOFUDLflPFehVJvuPXxyprxIKUVHRMkjQFWOdUxOHMyrHgbFkTMUwiBPEHpQggEurPOmSNpscictdee.pkg	a7ca8da587d31489dc5859cefd990938	UP2024-NPUB30381_00-AVAS8PREJINTOBAT			102400	
NPUB30381	US	Section 8®: Prejudice™ Look Out Avatar	http://zeus.dl.playstation.net/cdn/UP2024/NPUB30381_00/LQtBwUydHMEVjtFgWWpBNTvbGmWMxUdqBAIcjqqELthLHwqGFCsxUXHedUTaojsKrESZarpqdZtCkxdceulmJCEvRhawFshMSPflC.pkg	ece40698fcec580253149d9559a917a4	UP2024-NPUB30381_00-AVAS8PREJLOOKOUT			118752	
NPUB30381	US	Section 8®: Prejudice™ Mech Storm Avatar	http://zeus.dl.playstation.net/cdn/UP2024/NPUB30381_00/CtHXHzKtAlZgyfHLnIAHzzIgjaMxRYjlMErvaXxGhzCoUJuJdyGArwHwEjjLPtOQPAqAUjEqrTsmbNNSlXvINwATYutlMWlXlASFr.pkg	484c60f026ac2d39ce5b955bb393affa	UP2024-NPUB30381_00-AVAS8PREJMECHSTM			112000	
NPUB30381	US	Section 8®: Prejudice™ Suspicion Arises Avatar	http://zeus.dl.playstation.net/cdn/UP2024/NPUB30381_00/sTYhpTZsqxIlGiylpGbwPuzixkQiSYiyPapnqwKluNACcfBwMHdvdZxbBzFeNQWAMyXueGPgdWlXKqDOBlUGPKtQIWkjagyoLEwso.pkg	27fffb3a08d8a0a19474ca146497bd0b	UP2024-NPUB30381_00-AVAS8PREJSUSPICI			110192	
NPUB30381	US	Section 8®: Prejudice™ USIF Emblem Avatar	http://zeus.dl.playstation.net/cdn/UP2024/NPUB30381_00/aEmyRFkJnthzRSYvaMizjgnzmKrcacgAoHYeHtbfvcNgCyPNtDcxTXzHuZEkkCDEEjhaBhCuVWQziFoialjyvaOLaDUeyXqaUSYUj.pkg	84217934b52235a07baae16242b50f7c	UP2024-NPUB30381_00-AVAS8PREJUSIFEMB			102400	
NPUB30404	US	Fast Draw Showdown Fast Draw Logo Avatar	http://zeus.dl.playstation.net/cdn/UP2043/NPUB30404_00/IlBUiroPzdnTUBhfDmLYMysWxzfZhoySFYQmNhuexIjwTSdIonbhTjhjEbTwictdncTaMrasDQIhmMOGRWzBqOhFZBGUhWrIsUbll.pkg	e3a8e943401cafeda0bdd8de92f1d0c8	UP2043-NPUB30404_00-AVAFDSFASTDRAW00			102400	
NPUB30708	US	WARRIORS OROCHI® 3 Orochi X Avatar	http://zeus.dl.playstation.net/cdn/UP4108/NPUB30708_00/iMCdFmDqTrmBkTmspnVcMPJuvsPoekeWfFsVJNBcksbjgCUqVDqbXgEgvoaUmmSPuhaaxCOQyNrCFkDqOIZTdaydrIaduimKWIJPX.pkg	a598975bec0ab756be619e14d22703a7	UP4108-NPUB30708_00-AVAWO3OROCHI000X			126384	
NPUB30178	US	Under Siege™ Archer Avatar	http://zeus.dl.playstation.net/cdn/UP4272/NPUB30178_00/eksAAGOnfKITpHCYaAoAXojeFEHQpvLrEDEmvsUKeAYzRsELAZDWJbeofiYbbqmLOZVVulOcQoWFCMaMtRnHwjbLZFCYMxZyyoidU.pkg	12a16cff7202809af8084337ecc3084f	UP4272-NPUB30178_00-AVAUSARCHER00000			102912	
NPUB30178	US	Under Siege™ Gunner Avatar	http://zeus.dl.playstation.net/cdn/UP4272/NPUB30178_00/YZHCloIRfiUnGdiZPAxAmJCmPJYcaBymjzdTMIfkdHgakqfIUdiBhRQnqVCbsGmEbinjjyMzbcKqOYgTauufZIkXguFEjIewVzmqm.pkg	13e2b0a2a46384135582d811fafc2c02	UP4272-NPUB30178_00-AVAUSGUNNER00000			102400	
NPUB30178	US	Under Siege™ Soldier Avatar	http://zeus.dl.playstation.net/cdn/UP4272/NPUB30178_00/gstVPyJZUMLyiekEsYxXmnzzttgGsGtFbnLnqsvNCGdaKbNkwYrImvYceckbTatyaxZFBGtxFAyxYIbXCSzZOkAYnDaQtMqicbuks.pkg	2a1c255937f3424abfb1b8b7cde32901	UP4272-NPUB30178_00-AVAUSSOLDIER0000			102400	
NPUB30178	US	Under Siege™ Stalker Avatar	http://zeus.dl.playstation.net/cdn/UP4272/NPUB30178_00/DRZpPuRWjUnKNIObZQxpUyHOEPaTYqVhSTvPCOCeaelRMTYZzLQsTFqPXSXAgepslTpPWVNiayXcYaprMRbzCpLZOuSDteyOdyesr.pkg	0b11ad4efe175430f040cebe01f89a4c	UP4272-NPUB30178_00-AVAUSSTALKER0000			102400	
NPUB30178	US	Under Siege™ Trapper  Avatar	http://zeus.dl.playstation.net/cdn/UP4272/NPUB30178_00/bMkEhjJWYzmlkKZuOklAbmgcbwmmMoKIdEsgIvANGWiaLozlxMWfjsnpiuUmcqFRtFDGohKFJcrpvjHeIifBglBezDwrGokUkugMx.pkg	7d33c11fced2a02618c718a639824d9a	UP4272-NPUB30178_00-AVAUSTRAPPER0000			109296	
NPUB30510	US	Armageddon Riders Armageddon Rider Avatar	http://zeus.dl.playstation.net/cdn/UP4287/NPUB30510_00/SaeYfzzRZOBGzUgtkeHVjnOiEJlNIHsyGOsOYRcRLoKLXMklsvPOhfPwfMxBFZCxCNHOQQfrTFGLWkEiFrZNcYJXXjYbrLShyDghe.pkg	d005092cc8faec3cd6475cd4e25a9052	UP4287-NPUB30510_00-AVAARARMAGEDDOOR			102400	
NPUB30510	US	Armageddon Riders Collider Zombie Avatar	http://zeus.dl.playstation.net/cdn/UP4287/NPUB30510_00/DDDHlGJvQTvsqykUuzayDnSHXFKQuSGSGtwgquFFBZNSIOOxUbRTDUbQAsXFQeblNnFgYzsoBEJEZnGTqYxPRFDOlIWymPAJKNFFi.pkg	617b3ffaf61e835b03d49ce88f3f0053	UP4287-NPUB30510_00-AVAARCOLLIDERZOM			102400	
NPUB30510	US	Armageddon Riders Fast and Deadly Avatar	http://zeus.dl.playstation.net/cdn/UP4287/NPUB30510_00/LveyjQFHGCeCHoqKXYlbzdeRfeGHhtztITCSAhZFIFNDIXzIgEYmDJwnxfmePsTyjRAnirrGzxMiEadZplumoTQyGRROiKyERzEoK.pkg	196c54d5ebff980f709818963ce043aa	UP4287-NPUB30510_00-AVAARFASTDEADLY0			102400	
BCUS98103	US	Uncharted: Drake's Fortune Avatar 1	http://zeus.dl.playstation.net/cdn/UP9000/BCUS98103_00/ehfmKe05PJa2HPKYF1q6kk0Fwa4ySci7pj0G7rHK2VKXisr2234xdaJDjevTuGvlI7teHUekGCXOOhxbfVDH5c5UMIEGS6LglLGKs.pkg	a1eb1b9483e2d24fcb9affa0755caa36	UP9000-BCUS98103_00-AVAUNCHARTATOQNA			102400	
BCUS98103	US	Uncharted: Drake's Fortune Avatar 2	http://zeus.dl.playstation.net/cdn/UP9000/BCUS98103_00/YSS7vNiTXkyxuo6PUsPF3uMejYXMETW5L3Et03tWutPDTN9BbBMTLCKgl0yFUIemq5mGq4v9X78xKDMKIiY8ejCdgToNfDUFexkgs.pkg	ca6c798854b65e87b2ec538f788fb4d5	UP9000-BCUS98103_00-AVAUNCHARTDANIEL			102400	
BCUS98103	US	Uncharted: Drake's Fortune Avatar 3	http://zeus.dl.playstation.net/cdn/UP9000/BCUS98103_00/gQp1a0l0UepvLoI7jbjwdbkK0sagBqE7aSA62kMkvwmcsVSNg3MH1oX27qUaWTwcL5xoJju0Cro9bxjDlDQPjjO69KjNsb3jsvJ4T.pkg	04b86806009536cd0f80632a5089966a	UP9000-BCUS98103_00-AVAUNCHARTEDDYRA			102400	
BCUS98103	US	Uncharted: Drake's Fortune Avatar 4	http://zeus.dl.playstation.net/cdn/UP9000/BCUS98103_00/85SUS05U1njeJQcQlB8x1L3Ah8QUt22OLW8e3eckxOuNSDVPdKaiu1KyUavH3O5OjCE2wwOUek1IwJDpI3cTM9Pu0hRQHuMaYBY4x.pkg	1e6ab9708e0f629de0063e2522bbfe93	UP9000-BCUS98103_00-AVAUNCHARTELENAF			102400	
BCUS98103	US	Uncharted: Drake's Fortune Avatar 5	http://zeus.dl.playstation.net/cdn/UP9000/BCUS98103_00/5XCk7ddLmYCtfedxl5J1Sw4yA6XoXyH6DBcjGaYctxdyLVUElkhwH7Pl3fVWMjTqNln5mVABmBxWM8hJTI4cS3qw0CwWL9IgD7RDM.pkg	30a87c8e57551625ccce3a0f8fcf21d6	UP9000-BCUS98103_00-AVAUNCHARTGABRIE			102400	
BCUS98103	US	Uncharted: Drake's Fortune Avatar 6	http://zeus.dl.playstation.net/cdn/UP9000/BCUS98103_00/9rIHl77GqbnVuAvGKIhiqYISkypsup0tCOsrgUYc4Wi2pxAJbgVVoTQXRmshByH6Mnra2hgVaQ7ur0eiABIxn3S0VO875O051kap3.pkg	3dde0a0658af5ec29cd663d548a52bdf	UP9000-BCUS98103_00-AVAUNCHARTJAVIER			102400	
BCUS98103	US	Uncharted: Drake's Fortune Avatar 7	http://zeus.dl.playstation.net/cdn/UP9000/BCUS98103_00/Ae3v7YjaXQlgRmiNY54NapwBAPXc3OtuXUaDlxM1ung24LnMK3QtuQYowUHOk69TtVvntBmuGKh98siDaiNg7IHyIxkwFAiPuFd4V.pkg	c1f7a930d1b2cf3dcc8042cd11e4f59e	UP9000-BCUS98103_00-AVAUNCHARTNATHAN			102400	
BCUS98103	US	Uncharted: Drake's Fortune Avatar 8	http://zeus.dl.playstation.net/cdn/UP9000/BCUS98103_00/95Faj2BVERF8Cr0pPsv8Hrd0RqhrBy4V0c83LMsSiQB8qwqsViTRQdLStiacyk6GDwS3RJxn57xSgXervybDNSknsLQYBbwtNklNv.pkg	149a2a6443f5c14e5f1fe424bb921919	UP9000-BCUS98103_00-AVAUNCHARTRIKARA			102400	
BCUS98110	US	MAG™ Raven Character Avatar	http://zeus.dl.playstation.net/cdn/UP9000/BCUS98110_00/niOsOYIWV7tH6VJtS98p9qLOv1CFmv70hL4hq61Yk6kAEp423LI7b04Uhawwm3x6mvdbGWfg0i8YMpE29BMqTJH0NJqS8oYg2uyej.pkg	6243dc5656880562ac8feb2c7422d261	UP9000-BCUS98110_00-AVAMAGRAVENCHARA			108032	
BCUS98110	US	MAG™ SVER Character Avatar	http://zeus.dl.playstation.net/cdn/UP9000/BCUS98110_00/WWlIA85pmOa96bUI9sgbtwjf4OtYxgh2fyqCyxJr8dFq51daX2qELhShqf9kphpSj2m6MBdBE0YSe3xMknsAKsxF4UkNRdoPy4vsh.pkg	b54247a23d36712a1fe58069f060d3af	UP9000-BCUS98110_00-AVAMAGSVERCHARAC			111456	
BCUS98110	US	MAG™ Valor Character Avatar	http://zeus.dl.playstation.net/cdn/UP9000/BCUS98110_00/ttQtPOyGN5E2Xarr3L9Vq6KgWwwUplDS5vE32jOIPI3lnRljrYoua18bePo2yBkl09A3IijVHFtU7w4DqDbKge6T5mWmIQVxOxCwH.pkg	9470f92b233a97954d094fc51332ea8b	UP9000-BCUS98110_00-AVAMAGVALORCHARA			114368	
BCUS98148	US	LittleBigPlanet™ Sackboy™ Avatar	http://zeus.dl.playstation.net/cdn/UP9000/BCUS98148_00/aDSmb7IeTkujvNA4M4yWowb1rQrPG9X1GRgGkqiqfIfPlkpBqdHgtxkeobf6SufqgA4IJDPTaHoy6LgHbCm4VBX9JtPNkBbHvyJ4R.pkg	ed7db0ab71c3f92841844b3d96486909	UP9000-BCUS98148_00-AVAL00LBPSACKBOY			102400	
BCUS98148	US	LittleBigPlanet™ Marvin Sackboy™ Avatar	http://zeus.dl.playstation.net/cdn/UP9000/BCUS98148_00/2JJrpKR0poncV2WSvwilNJjwvplmig2oneurBQyOIbK9X23FcwCa1EGuX99KSk0xkCkIENrXE6B3IODvBvstxPST0LcKPUV89360q.pkg	b26580604bba1683753f87eed2115481	UP9000-BCUS98148_00-AVAL05LBPMARVIN1			102400	
BCUS98148	US	LittleBigPlanet™ Hugo Avatar	http://zeus.dl.playstation.net/cdn/UP9000/BCUS98148_00/fguxfVuCwSH0Y7gPcgf8yNwiWKTxKNKPAC592JjrJsp8AbP0237bT2U6BSQJEYe1mHHjLHASWSN4mIm1NaDpHVHCeVumWD5nkEiF3.pkg	eb347be008bd19914feeb2c6f96d9fa6	UP9000-BCUS98148_00-AVAL18LBPHUGO001			102400	
BCUS98164	US	Heavy Rain® Origami Swan Avatar	http://zeus.dl.playstation.net/cdn/UP9000/BCUS98164_00/mUlY7awWvnq7dnWENSP984LE1SG7djONLvamw7nJIM11voAMyFT0vDDLoPqBQSqCv1SkCnYUo8nE8YSxOjmq6saM8w7m2XckYYeLy.pkg	ab9d5742d6f15dd67628742e8981f765	UP9000-BCUS98164_00-AVAHEAVYRAINSWAN			102400	
BCUS98232	US	God of War: Ascension™ Eye of Kratos Avatar	http://zeus.dl.playstation.net/cdn/UP9000/BCUS98232_00/ttZUfaGXaszMOdWysxWYvuAONTzCaEZTOVHoRadXRfOJbBqduGjsfrWLNtwdvRXghWLkiDzGdsKyCvnTnJhDAWzKkrycZVwuOjTzD.pkg	46bb4eef90bc8acd3216529bfaead2b1	UP9000-BCUS98232_00-AVAGWAEYE0000000			102400	
BCUS98232	US	God of War: Ascension™ Kratos Avatar	http://zeus.dl.playstation.net/cdn/UP9000/BCUS98232_00/OZmhHmiRKihHaFbjtepyjiSbHYvPNnDHCnMLdvmpEzwNRkNVpRClPPaaObfRchIUNCcMJMnorQmlZZQArSmZBcNYnuAdyFoSTAogu.pkg	9e01cacdb67c2ebc0eaac8957bef4168	UP9000-BCUS98232_00-AVAGWAKRATOS0000			102400	
BCUS98232	US	God of War: Ascension™ Symbol of Sparta Avatar	http://zeus.dl.playstation.net/cdn/UP9000/BCUS98232_00/waiMmATymsAVFFxNOglguaVonAgNMWbaSHrobklSgGkFyRmttnjPWcrZgKwwcMni.pkg	8c47fcb0ea0bdbb54a0599a492d18273	UP9000-BCUS98232_00-UAGODWARSPARTA00			102400	
BCUS98232	US	God of War: Ascension™ Symbol of Troy Avatar	http://zeus.dl.playstation.net/cdn/UP9000/BCUS98232_00/brUWeYIsoJZaVQmbSEQthZvWmrXUfTZJHqjAcPqBtTWqfewtLNLhWZXJectfRloY.pkg	ee997fb08aca67291a7006c2d1ed3676	UP9000-BCUS98232_00-UAGODWARTROY0000			102400	
BCUS98232	US	God of War: Ascension™ Achilles Avatar	http://zeus.dl.playstation.net/cdn/UP9000/BCUS98232_00/KTYRLdtboEJJfDbHuzLnxqqyvWpYHpqyUjOoFlafdcrNRdwcoUgkqPnwZrnLXODDSnxWpOBUHWaBVXvaHehDJAnblbQyhxhQYWvng.pkg	7b15671139b41977ddb68c00f9c742a9	UP9000-BCUS98232_00-UAGOWAACHILLES00			102400	
BCUS98232	US	God of War: Ascension™ Kratos Avatar	http://zeus.dl.playstation.net/cdn/UP9000/BCUS98232_00/gecrbjHUiguQfoElJxuDaKduxBwiKlIIIRAMbJOawdyMDIeHsmVPrFtAbXFQlrWTcGfQemlOGIjEESjAblMLpSFMrqrQWEFezruuV.pkg	99ab762c534f6d2a80a0a3a17ef7f255	UP9000-BCUS98232_00-UAGOWAKRATOS0000			102400	
BCUS98232	US	God of War: Ascension™ Kratos the Man Avatar	http://zeus.dl.playstation.net/cdn/UP9000/BCUS98232_00/AUaIHQSnHwrRIFRuSYZsKyzByYnHeVgBTrVDDkzGRQYUTzNCxmbjOviRzeEZezHJ.pkg	e275f7cec49dde8bb16faf30dec25771	UP9000-BCUS98232_00-UAGOWAKRATOSMAN0			104544	
BCUS98232	US	God of War: Ascension™ Odysseus Avatar	http://zeus.dl.playstation.net/cdn/UP9000/BCUS98232_00/zpQhSCqZpOUtBUBUvdKuGcQlBeryHCwsfBiSzLXQEZKUEvUAkIqjVwylwJrJjodWiLNvEUBvlEjPBKaAzncibvpazrIlCUcnlhTen.pkg	f6303f9c27cef73857234504a1410bf6	UP9000-BCUS98232_00-UAGOWAODYSSEUS00			118624	
BCUS98232	US	God of War: Ascension™ Orion Avatar	http://zeus.dl.playstation.net/cdn/UP9000/BCUS98232_00/ADEMqpwcEsDxBVPJNiCxOgcHOmZidfYnQSASGRiMnhEoVShaoyjxgDwpQTEQVwjmAmVFMwoBsxuGGiwuNjXEWvJedecIWrJSypILi.pkg	cb1815999486936089ca75cc6cf8ea83	UP9000-BCUS98232_00-UAGOWAORION00000			109568	
BCUS98232	US	God of War: Ascension™ Perseus Avatar	http://zeus.dl.playstation.net/cdn/UP9000/BCUS98232_00/tHpTHnNkEWYRDywyvFxPkiLuFtULxvOmEDZWqOhgirGiVLWIEzBJjIAiRUcitCjAhzyhejChzuUqgOSsVAMoYbcLRoJAHQsohpEnz.pkg	b03d7e4fbbd3114c2a24224002941e0b	UP9000-BCUS98232_00-UAGOWAPERSEUS000			109904	
BCUS98242	US	MotorStorm® Apocalypse Burning Avatar	http://zeus.dl.playstation.net/cdn/UP9000/BCUS98242_00/YkkSyxYFyKWjzxGjNjeyfnNnKiGOPyrsWStePSqZkfEPaugiaYIPTEjLtUFqjMctIkJBSevzMnGKGFMivQBFzRwdXsrHFRISwQcVf.pkg	c30eaa15a089cf1143a056766cfd73f0	UP9000-BCUS98242_00-AVAMOTOAPBURNING			102400	
BCUS98472	US	PlayStation® All-Stars Battle Royale™ Fat Princess Avatar	http://zeus.dl.playstation.net/cdn/UP9000/BCUS98472_00/SZKObnFpeohmmLhVpfTEpHxhvmwCrwhXFyqxAqvnPPKpZcYMwVSIJOmwlajrvNue.pkg	b4fab56304205e9f8caad617ced5a802	UP9000-BCUS98472_00-UAPASFATPRINCESS			102400	
BCUS98472	US	PlayStation® All-Stars Battle Royale™ Kratos Avatar	http://zeus.dl.playstation.net/cdn/UP9000/BCUS98472_00/YvBEuENXLELiJDJQZhrIDcmjzTBwVmgdfOmGEYXcvpYxUDpUEtjsVMxnYBuWDeHe.pkg	785dc62e929e127bd2ef5628b55b092d	UP9000-BCUS98472_00-UAPASKRATOS00000			102400	
BCUS98472	US	PlayStation® All-Stars Battle Royale™ Nariko Avatar	http://zeus.dl.playstation.net/cdn/UP9000/BCUS98472_00/KgBGwrSSUHpdcKgJIqgobsMwExgPLjqlLdbVGvuietAEcMkqVYibtpBGQyoPrLkG.pkg	048c5402ab9ccfae6a48d9ebf7dd0bba	UP9000-BCUS98472_00-UAPASNARIKO00000			102400	
BCUS98472	US	PlayStation® All-Stars Battle Royale™  Parappa Avatar	http://zeus.dl.playstation.net/cdn/UP9000/BCUS98472_00/HdRuTFNgnpHvVYukuivUBoZzfChohlZCLyIsWDmLjjPuaBiDyBZHzTEmuKUvUfdq.pkg	4c915e08408018191b127cbd5aeb84c3	UP9000-BCUS98472_00-UAPASPARAPPA0000			102400	
BCUS98472	US	PlayStation® All-Stars Battle Royale™ Sir Daniel Fortesque Avata	http://zeus.dl.playstation.net/cdn/UP9000/BCUS98472_00/bOtZWnjzJjDBImwDlMlFyoElGxRgZdOmmazRJUdlJTgQwlBNOaGYalGBYOGwJlsf.pkg	1af45cccb01d05debcd9dd8d8c7de998	UP9000-BCUS98472_00-UAPASSIRDANIELFO			102400	
BCUS98472	US	PlayStation® All-Stars Battle Royale™ Sweet Tooth Avatar	http://zeus.dl.playstation.net/cdn/UP9000/BCUS98472_00/cbGZDIBgxnshuBkNYLnOmPRbDIsRvAyIAwddnBMpGrXEozjmdOSuGVOEMQHjWrZh.pkg	9776b430207cf4617a07d05d8812b842	UP9000-BCUS98472_00-UAPASSWEETTOOTH0			102400	
NPUA80083	US	Flower® Flower Trophy Avatar	http://zeus.dl.playstation.net/cdn/UP9000/NPUA80083_00/COzfuQQTwjHXXaEZHQJQodDGBNhyYViOLLXaLMnTWztlumaCvAvoahkTWvSfSRYVVeqcmLULDgByyqGGLhSKEvlToHowSaXZHuJNE.pkg	74513f9fff4ff1b1540ede52b9874957	UP9000-NPUA80083_00-UAFLOWERTROPHY00			102400	
NPUA80083	US	"Flower® Japan ""Flowery"" Trophy Avatar"	http://zeus.dl.playstation.net/cdn/UP9000/NPUA80083_00/NylwZXRVdculDHVlGgufUoOzPwXfopoaTjlYXFdDYbmSJsFAsFtESBHuCjWkHGFMKjzxuRuMnqfohKzvzESsYHtXqULbEfOiPvwlX.pkg	a2228103fa3d2d2980936b81aad41960	UP9000-NPUA80083_00-UAFLOWERTROPHYJP			102400	
NPUA80139	US	UNKNOWN TITLE	http://zeus.dl.playstation.net/cdn/UP9000/NPUA80139_00/jASoy0kFMeV9sJirKBHld7RwWItbSbA51WK0DfCE62VR0oigKcFRHryM7unRs1rDT7413dqPU20emeDB0lQrh9sujr89RopXtyqlq.pkg	84e3b9fb17b539b6d87efea35eac3375	UP9000-NPUA80139_00-AVAFATPRBLUEPBIG			102400	
NPUA80139	US	UNKNOWN TITLE	http://zeus.dl.playstation.net/cdn/UP9000/NPUA80139_00/lYVfAIxMSjxnDWbjywKkd5QqBIq4vcNAVtSqwKHTFq22CCweRKt1FpPoHR0RL35AEpoIljplPFa2lF9ADLyPTHCf7L2snW3gxOeN4.pkg	9d79d914fa4fa6d45f1fbbbfcdfe97a3	UP9000-NPUA80139_00-AVAFATPRREDPRBIG			102400	
NPUA80291	US	Hustle Kings™ 8-Ball King Avatar	http://zeus.dl.playstation.net/cdn/UP9000/NPUA80291_00/hDdEvAGxkxXZyNxCnVlpvvzrJtbgaUFPruhNhIwGnAbPBpzLcIlUJwGxsEIeBNBSBgjICQFJSkOwvXuGoulRDGFmsoDMNYNVjneUS.pkg	8a90f3fd660a36e8528740eb70ac5595	UP9000-NPUA80291_00-AVAHK8BALLKING00			102400	
NPUA80291	US	Hustle Kings™ Credits Avatar	http://zeus.dl.playstation.net/cdn/UP9000/NPUA80291_00/CxSBUSEwLWivQGdMOcKDlmcnTuYcVjyqPOUaHNjwsTkjvVFCfbeyrXZJJCmKWwnkUqNeMCJbmtFEDpgTPjJULmaWuesTuVZHjVarQ.pkg	0ebba9b0b7cef77bb40c097107d759cf	UP9000-NPUA80291_00-AVAHKHUSTLEKCRED			102400	
NPUA80291	US	Hustle Kings™ 9-Ball Avatar	http://zeus.dl.playstation.net/cdn/UP9000/NPUA80291_00/lhIUQWEZfDLoFsNIKSdwWuaPYSYoDGzBQEtmhZwidEyJKlvUKWYtrUYKmSuQhxSiwTRnIAMMMsRMfvqjrYFGrnbElBpLcMHsXZtSc.pkg	0bfb1a850830a7dd66e68040d6233ea7	UP9000-NPUA80291_00-AVAHK9BALL000000			102400	
NPUA80358	US	Dead Nation™ Avatar - Heroine	http://zeus.dl.playstation.net/cdn/UP9000/NPUA80358_00/CLnFkFzhifPMBnFlJBqoIeEeadRtlqzVezcTraWeftKxwqFAmUkSScOqrHPcLpkzeKPsVpzsTVQwBVmlnaDtVQXUVGXdXUBqyGOrI.pkg	e6c502ebbdb2dd027bf0575801fc0c9a	UP9000-NPUA80358_00-AVADEADNAHEROINE			130816	
NPUA80291	US	Hustle Kings™ Stack 'em Avatar	http://zeus.dl.playstation.net/cdn/UP9000/NPUA80291_00/pWmnHFymBYJnyUDvHiUuDeyqQcUaEqSFzQRRAXSxKDJsSJAdUqmtxQslOMVssUyklLQSzAUXLijhXWIjQwNtgfxoemUQNmsmpzEFV.pkg	e232a17e22cd51964dace19baff713d2	UP9000-NPUA80291_00-AVAHK8BALLRACK00			102400	
NPUA80358	US	Dead Nation™ Avatar - Hero	http://zeus.dl.playstation.net/cdn/UP9000/NPUA80358_00/MjvCzbfKRFrSAjRUfnDdqUplVHRIBamIUADwdxAPVHqWIBiJGSbrwmAQjfpsDuwDLHrITnYCRNqZTBSuDDpHGaxDtIEAlDKxzZtrV.pkg	264aa4a0d03f19a5e95c60132067286a	UP9000-NPUA80358_00-AVADEADNATIOHERO			127792	
NPUO00020	US	PlayStation® B-boy Avatar	http://zeus.dl.playstation.net/cdn/UT0016/NPUO00020_00/iLzvcCGXutJwFudVBrrkcJQsoSdlOPaYJRTLwxEzXNBkbrpNuyyNbPnDiUsbjEQYxjnXTXbOrXlxQqdglyDTWFIZMtZJLedNRfwdp.pkg	c4d37591912cbb14c707cec30844bbab	UT0016-NPUO00020_00-AVAPLUSBBOY10000			102400	
NPUO00020	US	PlayStation® B-boy 3 Avatar	http://zeus.dl.playstation.net/cdn/UT0016/NPUO00020_00/aGfsWGKoRWexzpzOzlfUhvvsnQWxiDlNybXtTzScjSBboLNgtfNFrecxtKBNFwWisLZMsezJsvsqjxUSTJlGcgeaFxMwjBNoJlRbh.pkg	14390d4d48fb89dda30e7e07e216164d	UT0016-NPUO00020_00-AVAPLUSBBOY30000			102400	
NPUO00020	US	PlayStation®Plus Dead Cloud Avatar	http://zeus.dl.playstation.net/cdn/UT0016/NPUO00020_00/BFrTeMObmxqvFZsphcsjNHRwQmWspolpzreyKuBerobakIEzhlccxmVyeEerGkioisGkJDSJHuCTjnUqDqWpsbazwdPxaWCuqjIAX.pkg	ca2b88edc1c8204dc8efc6f1e4f888d0	UT0016-NPUO00020_00-AVAPLUSDEADCLOUD			102400	
NPUO00020	US	PlayStation® B-boy 2 Avatar	http://zeus.dl.playstation.net/cdn/UT0016/NPUO00020_00/WFcsnIOwybYhgMXVhdRfCqOCqriUJnqotRVgcqbyeGrTGZLkwtgHIbGxHnASPgQGhWLWHDTzvHWWavLmmLGzNXvwKtdIKNiDtiTlp.pkg	e6e7601ecb5127f1d7f3464aae370dba	UT0016-NPUO00020_00-AVAPLUSBBOY20000			102400	
NPUO00020	US	PlayStation®Plus Mutant Skull Avatar	http://zeus.dl.playstation.net/cdn/UT0016/NPUO00020_00/lplscuweAPUMEHDttVUatkPgeVvwcnENRnqIpoFFVOLmGtaldkuXpsYvhBjeHLaLqdntgQSRLTKILZqTcVnPXKiCvrzTKBoCKzxon.pkg	13bbb03aca5986ce08969fe456032f78	UT0016-NPUO00020_00-AVAPLUSMUTANTSKU			102400	
NPUO00020	US	PlayStation®Plus Snow Monster Avatar	http://zeus.dl.playstation.net/cdn/UT0016/NPUO00020_00/fziIfIZqWhzdMMpQONDQYldWfwlOvrZaNklPanvOlrCyZhaagghPmNWMDMWNaiFFWrxaVJZwlVKgmqdhkHijeWKjHFUneCUJWJLdJ.pkg	d6d0ffbb9db0cfa38bfbc86eeecfb7d0	UT0016-NPUO00020_00-AVAPLUSSNOWMONST			102400	
NPUO00020	US	PlayStation®Plus Tank Commander Avatar	http://zeus.dl.playstation.net/cdn/UT0016/NPUO00020_00/FTkAZpcJtcpNELUxGVUtJnJoElGAeEmAwhHhFvLUqXpwQYsHNLmrvTlbrTIsiBizjgHasPWcizltUOcrvITuDbxCrVBSAAFeGkcRH.pkg	7416fb66eab291e4dd8376a769aabf1a	UT0016-NPUO00020_00-AVAPLUSTANKCOMMA			102400	
NPUO00020	US	PlayStation®Plus Green Hamster Avatar	http://zeus.dl.playstation.net/cdn/UT0016/NPUO00020_00/SrjGwqckkSFJcpvnxBCtuUSHtbHOgdJStjVEChvQjUwCSXCGwcQebFPiWKifCRCYJqLaDpTtJXJgCSYbIxJrBuKCmeJYNBMuFscZC.pkg	7b3e4586166fa898e6da0ca6f7cef9c6	UT0016-NPUO00020_00-AVAPLUSXHAMGREEN			102400	
NPUO00020	US	PlayStation®Plus Cool Cat Avatar	http://zeus.dl.playstation.net/cdn/UT0016/NPUO00020_00/JUqxuOHewIDmERCeeHwCFDYMYuyHcdWxvKPkDEPfAXZALVGkGVNwyCQeXXjoEaLGVRpmMNaWRbZDZZAVcSVfkvmoKocBopDkNjFtB.pkg	74cdfcd3e4d899a46640e40bdcd0cee9	UT0016-NPUO00020_00-AVAPLUSXCOOLCAT0			102400	
NPUO00020	US	PlayStation®Plus Pink Hamster Avatar	http://zeus.dl.playstation.net/cdn/UT0016/NPUO00020_00/tryjOukUCDOkpUtobtpxuSWJSuXeKKQFBTohIZwUgkVDaECQmZeABbjmDgEzVCWZOERcZffAADiAfuPeErfoMTDVzWkoVMcIpdncw.pkg	dbb610e2ab729e1789c57bdb6ec44c7b	UT0016-NPUO00020_00-AVAPLUSXHAMSPINK			102400	
NPUO00020	US	PlayStation®Plus Stick Up Kid Avatar	http://zeus.dl.playstation.net/cdn/UT0016/NPUO00020_00/xXLhfeKpPxWVrAnZjoXGpTMHSptRxjaahAAMmqytuKiATcHwxlzOXacQIeFOyGmHakqikJUvOsNWxzaXhPwYzEIACGCCpbrlWiBFX.pkg	e9558b9650acb673626b471452560ba2	UT0016-NPUO00020_00-AVAPLUSXSTICKKID			102400	
NPUO00020	US	PlayStation®Plus Top Dawg Avatar	http://zeus.dl.playstation.net/cdn/UT0016/NPUO00020_00/SbPBwtmiATIrQzaVRvENSBllxDKjgQUrXvYDoUeDskXXMQBfhjoReAstmNbIPmKsTpOEFmNFSAOAkLgtScddTbjHithlAnUSlLOFU.pkg	b3ba51d926dddb409be45b5df9b11efd	UT0016-NPUO00020_00-AVAPLUSXTOPDAWG0			102400	
ULES01505	EU	Lightning	http://zeus.dl.playstation.net/cdn/EP0082/ULES01505_00/UFtVBnffSCPZKAgnbXFVRHtVHJvUkepumTEFAUaHwbNrYsUAPUpLhoUtsNOwdvuK.pkg	d42f19cb07455b20f2ff18982180eaee	EP0082-ULES01505_00-AVDISSIDIA000006			119328	
ULES01505	EU	Squall Leonhart	http://zeus.dl.playstation.net/cdn/EP0082/ULES01505_00/swDBwinSGHNOGqqDeMMtBChFYJnEoDViIOhPxkZzenDguvQTLiXcEmuyxaNgWUIi.pkg	1000207ababffb12a7def9240e0b1642	EP0082-ULES01505_00-AVDISSIDIA000026			124992	
PCSF00003	EU	UNKNOWN TITLE	http://zeus.dl.playstation.net/cdn/EP9000/PCSF00003_00/ykGzpYbpWbSznshfPDYXXICrITzKOaeHojcVCrSxAOGFQsRGHbdLMfQFjYSjrnIv.pkg	MISSING	EP9000-PCSF00003_00-AVARESISTBSCHIME			102400	
PCSF00003	EU	UNKNOWN TITLE	http://zeus.dl.playstation.net/cdn/EP9000/PCSF00003_00/fXHgPRuyvAWBTSLAznNXpkNUWBceCEXWjPsElGEgLuMacDbgGraDsCmfIaFoWevl.pkg	MISSING	EP9000-PCSF00003_00-AVARESISTBSELLIE			102400	
PCSF00003	EU	UNKNOWN TITLE	http://zeus.dl.playstation.net/cdn/EP9000/PCSF00003_00/hOlhYBaocmOquFCJMqmYrXfHiAwfDPvMtnPiwkVEXaLdWShlqJwSuEZgDQOAfBXY.pkg	MISSING	EP9000-PCSF00003_00-AVARESISTBSRILEY			102400	
BLUS30537	US	Assassin's Creed® Brotherhood Ezio Avatar	http://zeus.dl.playstation.net/cdn/UP0001/BLUS30537_00/sWFjWifHGwUhrgYWEmAflCzKfcJLLGUwpBKZnBmVstHmEzqIYlMYZsrfYOByUOwZoSaqzYKJtPxfbYFNbQulhXkrHsQDlNAiTzhHy.pkg	MISSING	UP0001-BLUS30537_00-AVAACBEZIO000000			102400	
BLUS30847	US	METAL GEAR SOLID 2 Solid Snake Avatar	http://zeus.dl.playstation.net/cdn/UP0101/BLUS30847_00/gcwaxgXjUuzjYWgeMRkjtnrBajxuZOTOMjAfZFLfbHzarkCiiOYrYPvpsqEUqZjSXFVdcaTgRGMtuGluVCUYaHaLriyRNyrMoEVGb.pkg	MISSING	UP0101-BLUS30847_00-AVAMGS2SOLIDSNAK			110016	
BLUS30847	US	METAL GEAR SOLID 3 Naked Snake Avatar	http://zeus.dl.playstation.net/cdn/UP0101/BLUS30847_00/eXvOWXYjLGRwpWESHNjWRwQLIsDhcXmZVAUyKlfWmlMFRflodXPHjYyCGBbuceyiWsDiBTPhTaIrbbyLpUcZVqKFoRswDxqSHLoxJ.pkg	MISSING	UP0101-BLUS30847_00-AVAMGS3NAKEDSNAK			125312	
BLUS30847	US	METAL GEAR SOLID 2 Otacon Avatar	http://zeus.dl.playstation.net/cdn/UP0101/BLUS30847_00/AekcKPUOHrUVQxhpaDYdEpMcvhpIQOXbnhLVLjUDxOIjJzfhAQyMAlQvWYKgXbTOPqJhUEcAlSBIqIkXKOkqPXHBDtugcpMjtvMVa.pkg	MISSING	UP0101-BLUS30847_00-AVAMGS2OTACON000			115424	
NPUB31139	US	STRIDER® Hiryu Avatar	http://zeus.dl.playstation.net/cdn/UP0102/NPUB31139_00/OuxACdxQkdUCJCyKDEGTzrfGAbzIzljmvrwYRhoQvQdskYNvIBqdXACUYHDnUmCA.pkg	MISSING	UP0102-NPUB31139_00-UASTRIDERT000003			102400	
NPUB31099	US	UNKNOWN TITLE	http://zeus.dl.playstation.net/cdn/UP0177/NPUB31099_00/gTvPorQxKkrRNYCHRFgzNcyfdbyWDLOPGvDEtOcYjaagpzdFMjQpoLezmawDTaUt.pkg	MISSING	UP0177-NPUB31099_00-UACASTLEOF000008			102400	
NPUB31099	US	UNKNOWN TITLE	http://zeus.dl.playstation.net/cdn/UP0177/NPUB31099_00/xLIvssWpVRRlvslflFbfzVzbgoyUmOXeTNWWAiIGMgJRjrhxEZDDadCPiuIWEuIa.pkg	MISSING	UP0177-NPUB31099_00-UACASTLEOF000002			102400	
NPUB31099	US	UNKNOWN TITLE	http://zeus.dl.playstation.net/cdn/UP0177/NPUB31099_00/KsbRSgFOKwKDokmrOcLmpTzYYYmnoIrmXhcbscsfpefBNBcyYtQwlWYHzcyoQTJL.pkg	MISSING	UP0177-NPUB31099_00-UACASTLEOF000007			102400	
NPUA80543	US	UNKNOWN TITLE	http://zeus.dl.playstation.net/cdn/UP9000/NPUA80543_00/PkOsndCXHGUSLUudNDydYVzyKeNvhdtnaxeHHvTyeUkBfuCiddEHTdlYXqzLqmhnFSMdiRzjssbgBCpDxYDLhNxOGkmiiWMlQFfOr.pkg	MISSING	UP9000-NPUA80543_00-UASOUNDSHAPES001			102400	
NPUA80543	US	UNKNOWN TITLE	http://zeus.dl.playstation.net/cdn/UP9000/NPUA80543_00/rabyYvmsGfMfzvbWKJMkBfEXsYpwzIVTSrtvKqbZFwaqKvEEpvlPygKmVfYGixNlPOqrHHyUCqjTIQoXvTakeroQtILuflfhjQeGo.pkg	MISSING	UP9000-NPUA80543_00-UASOUNDSHAPES003			102400	
NPUA80543	US	UNKNOWN TITLE	http://zeus.dl.playstation.net/cdn/UP9000/NPUA80543_00/LEmdHNymirmpebYYcbNVYQedSlWdhbJpbHHVEJOnDfMsLoPjGpEpAbQwwHYGlltomogZsrIfRlElQrELQDXFHGyyptoMssohUlwQT.pkg	MISSING	UP9000-NPUA80543_00-UASOUNDSHAPES002			102400	
NPUA80543	US	UNKNOWN TITLE	http://zeus.dl.playstation.net/cdn/UP9000/NPUA80543_00/jcIxNrnDPirOXXcpYDUDnWYZOiUPhSvopzZJAcDpIeDGUzayDGyyuGFdCtGqOladCmquQJMniMYEYdjqWQhtFHqxWHxlIpBaFoSQp.pkg	MISSING	UP9000-NPUA80543_00-UASOUNDSHAPES005			102400	
NPUA80543	US	UNKNOWN TITLE	http://zeus.dl.playstation.net/cdn/UP9000/NPUA80543_00/hZkQFpgkwoyRMuXCUXgxTHyMbWyLpLSpEMEXjchKyYzFtoyzRnGQLgvxGnFVsKOflBsTpRhksknQPMkPTzSJCuyeEmRNaDdKYzeJW.pkg	MISSING	UP9000-NPUA80543_00-UASOUNDSHAPES004			102400	
BLUS30721	US	UNKNOWN TITLE	http://zeus.dl.playstation.net/cdn/UP0102/BLUS30721_00/vXDqBEDsuqPJojObhIvdsBxCXJoUtnuSkDsnDISAANXyVJOTtDlQMZfQDSJEfhrInGdGCLKxKCZJDCmPryHVayCFFTlFBxkarHccl.pkg	MISSING	UP0102-BLUS30721_00-AVAASWRTHYASHA00			104400	
BLUS30721	US	UNKNOWN TITLE	http://zeus.dl.playstation.net/cdn/UP0102/BLUS30721_00/KvDNUuDSvvzBKqBnWoSsUCaKfitlMyOjkXJZPnDASeNVLigtbuZLuBOkjTkaPpSzbdVPduNgFxJpkqornBKkmgEpjUGweXPWeVKXs.pkg	MISSING	UP0102-BLUS30721_00-AVAASWRTHASURA00			128128	
BLUS30721	US	UNKNOWN TITLE	http://zeus.dl.playstation.net/cdn/UP0102/BLUS30721_00/ESKXRfzwkdmznsRrYjXdgFbRnscLZbsUtanyGxdqtzbSFGtRAJCbTJEAKEfdtEHjNiwWzmsusXXBunIiyCOuaQOPCKhAcPQMKrGef.pkg	MISSING	UP0102-BLUS30721_00-AVAASWRTHMITHRA0			107440	
BLUS30721	US	UNKNOWN TITLE	http://zeus.dl.playstation.net/cdn/UP0102/BLUS30721_00/YWKQzYkvGPWhEfOGmduiOxjifFkapzjakMFjGyQcRZKNFZdFWdmflUCUWdFuZiHmgCeMBdzmrHCVmpRpnqZlhXwZquDGDBdcgYuwn.pkg	MISSING	UP0102-BLUS30721_00-AVAASWRTHAUGUS00			130928	
BLUS30721	US	UNKNOWN TITLE	http://zeus.dl.playstation.net/cdn/UP0102/BLUS30721_00/yUmbpidJzSTpcfDbTQBTvduTYjFGVliEeDsfEsmjkFXaEbegIgCxSLfCXYpaoqjBNdsfGhIrnzlsIagdfikULgWRIQGzLWaPPAHYt.pkg	MISSING	UP0102-BLUS30721_00-AVAASWRTHSERGEI0			131904	
BLUS30721	US	UNKNOWN TITLE	http://zeus.dl.playstation.net/cdn/UP0102/BLUS30721_00/cOxXDKGfziblDfmNjKysWONzSghyRpJrteAjEdpufTQrcsZYEqmnfteOpXjOVWgUpNZqadLtvnyjWiGeDJmqBoXEufTZzFnEMJgqm.pkg	MISSING	UP0102-BLUS30721_00-AVAASWRTHOLGA000			109632	
BLUS30721	US	UNKNOWN TITLE	http://zeus.dl.playstation.net/cdn/UP0102/BLUS30721_00/oPyQgOcRcXGcFNpRrpVDUsvQBXepKeJOFruZuPzDNGeZFJTgBwWEBhwMGhgrPxZpXNPyRdrQystrNbusXrmyBzdrQPUvHJUUWOwcF.pkg	MISSING	UP0102-BLUS30721_00-AVAASWRTHKALROW0			152512	
BLUS30721	US	UNKNOWN TITLE	http://zeus.dl.playstation.net/cdn/UP0102/BLUS30721_00/MClPpwyKwpfgGZLzxEAUKyWVwYshRBGqCBpBvcyZAMxHqNAVRNKPsUgQfshLVhpLkopAVIRbKOyLwcwDbLPcNTUNbbbMiYwyFpAiH.pkg	MISSING	UP0102-BLUS30721_00-AVAASWRTHASURARG			133632	
BLUS30721	US	UNKNOWN TITLE	http://zeus.dl.playstation.net/cdn/UP0102/BLUS30721_00/MRQubVTKxijQGaJUDAepMfgpDlBCInQgXNxYTqXOCkONHlSPJdWPrzuuKlupRtHZPfjwekQUvBTMGdfperYvjsRETnVLOIRgKiIMo.pkg	MISSING	UP0102-BLUS30721_00-AVAASWRTHWYZEN00			135952	
BLUS30721	US	UNKNOWN TITLE	http://zeus.dl.playstation.net/cdn/UP0102/BLUS30721_00/dyQRqDnWyUuzFttGGTvYVVsmwxKyFpqBcFeRWppYwKgiNClmmRsnHBgTswmXVqgWejKINZMIsMgobxhEExtAySafoaXeGqxwMqeXt.pkg	MISSING	UP0102-BLUS30721_00-AVAASWRTHDEUS000			146352	
BLUS31015	US	WWE '13 The Rock Avatar	http://zeus.dl.playstation.net/cdn/UP1005/BLUS31015_00/uqeEXTuwCLPXxASPApZXMqPjpCVlolsqjbUGNslUviIrrJZgdOkFgkTDvQUBbxVD.pkg	MISSING	UP1005-BLUS31015_00-AVAWW13THEROCK00			111408	
BLUS31015	US	WWE '13 Mankind Avatar	http://zeus.dl.playstation.net/cdn/UP1005/BLUS31015_00/FKRsCVOdISHvTdzCwloteUVlaUDIqcDLphzPeqSuSkxeleflkbCeOyJunlGgdhAt.pkg	MISSING	UP1005-BLUS31015_00-AVAWW13MANKIND00			112000	
BLUS31015	US	WWE '13 Triple H Avatar	http://zeus.dl.playstation.net/cdn/UP1005/BLUS31015_00/dpDlJigCHsrowaBLpIFgBCCUiIWzpGawfgdjRAHChoVtcBEcsapGdfCyvuOOsjOA.pkg	MISSING	UP1005-BLUS31015_00-AVAWW13TRIPLEH00			119104	
BLUS31015	US	UNKNOWN TITLE	http://zeus.dl.playstation.net/cdn/UP1005/BLUS31015_00/OQZVxmIOmBZSkVoQpOLDhtoXZFqbMFlwdpAQPeikQrYuYAowdicgmxYxWCnTudky.pkg	MISSING	UP1005-BLUS31015_00-AVAWW13STONECOLD			119648	
BLUS31015	US	WWE '13 Undertaker Avatar	http://zeus.dl.playstation.net/cdn/UP1005/BLUS31015_00/MzyhhlQIfGbYWlZkooReLJOTTYPUAEpdKibQHTQtyxoFffHqOdMaseGbOATetrvC.pkg	MISSING	UP1005-BLUS31015_00-AVAWW13UNDERTAKR			113184	
BLUS31015	US	WWE '13 John Cena Avatar	http://zeus.dl.playstation.net/cdn/UP1005/BLUS31015_00/PzsVrpoKkVAWURTAJwFZGMLWvJyKPqhXkCLgGvniMfGAxoisxNRbdidqnKIjJgEL.pkg	MISSING	UP1005-BLUS31015_00-AVAWW13JOHNCENA0			108480	
BLUS31015	US	WWE '13 Sheamus Avatar	http://zeus.dl.playstation.net/cdn/UP1005/BLUS31015_00/FgflwePZUpwruMiGJCUXwAEPEDNrhArpVKOrQkOSyfpUJaHTSguHWspWvkzhrmyt.pkg	MISSING	UP1005-BLUS31015_00-AVAWW13SHEAMUS00			113264	
BLUS31015	US	WWE '13 CM Punk Avatar	http://zeus.dl.playstation.net/cdn/UP1005/BLUS31015_00/EqNFKBKRZxlobaLpZKwxForfBEpoaZwXYOaOhxyoQCcqjFdNngXGMgsNeSnfnNAk.pkg	MISSING	UP1005-BLUS31015_00-AVAWW13CMPUNK000			122960	
NPUP10023	US	UNKNOWN TITLE	http://zeus.dl.playstation.net/cdn/UP0102/NPUP10023_00/XriYhspdlRHYipzeDYbGWXMKtOjOOwKKdiZRqBVOudDGicqXfdErXehzgxBcGvoKmZuvxiINOaHbBhhiddGkTAazUjpGQYQnCwrIM.pkg	MISSING	UP0102-NPUP10023_00-AVADMC2DANTSTARE			126736	
NPUP10022	US	UNKNOWN TITLE	http://zeus.dl.playstation.net/cdn/UP0102/NPUP10022_00/rEVSdcgKJOcdWzjkfHCWtVhUZDghEWXKUUUVjFooWAbVXCWizlBlbMkHlQGdCulHJhAATijYbvSNaOZYORVKEHxbysnVfgzTwTCcx.pkg	MISSING	UP0102-NPUP10022_00-AVADMC1TRISH0000			110896	
NPUP10022	US	UNKNOWN TITLE	http://zeus.dl.playstation.net/cdn/UP0102/NPUP10022_00/tkcGKJSUajYqprKCodgXCTOdxkgrbjxmEAMWUSWpGRtYxwgtKehCoEeJoJPMivNKcmNxxOxYItVZgzDFMDBzigBJwsCBpJwxgjNcI.pkg	MISSING	UP0102-NPUP10022_00-AVADMC1EBNYIVORY			102400	
NPUP10022	US	UNKNOWN TITLE	http://zeus.dl.playstation.net/cdn/UP0102/NPUP10022_00/NxJvpNpQjjlVYNRLmUBqutLavwHQfIDxZgviJeOCKFVoOkYcDKMtWcDmvYwhiECGMNMFSRWIKQXeqBJCxxVVyfbFbebcIUblXOQdI.pkg	MISSING	UP0102-NPUP10022_00-AVADMC1BLOODYMAR			112112	
NPUP10024	US	UNKNOWN TITLE	http://zeus.dl.playstation.net/cdn/UP0102/NPUP10024_00/iSeFeLDEjSGwZqYFEetgavkbrZotnSbOdUoQeLlUOeXBbxgpRKGgBfwmbIsyKgsOEhMPgarYTzCklHAQvvCnAybpaAahvpLvkjuRb.pkg	MISSING	UP0102-NPUP10024_00-AVADMC3REBELLION			102400	
NPUP10024	US	UNKNOWN TITLE	http://zeus.dl.playstation.net/cdn/UP0102/NPUP10024_00/RVPPseFeAGqZelWzsGqHobFedsBhdNPtlyoBkopKlflUAbzfknmllxYOZsBSPibhaviIIGLMthsIuvqpZGwMFpPqWTuAPJRJuCmeX.pkg	MISSING	UP0102-NPUP10024_00-AVADMC3AGNIRUDRA			102400	
NPUP10022	US	UNKNOWN TITLE	http://zeus.dl.playstation.net/cdn/UP0102/NPUP10022_00/yFCoKPxqrucLTLggBTrNYDUnjzPyOkiCevWFPEMzxFJKMLaIVzLunCBBdfYkekxgCCkKGdpBRDnSeitPSHKmEawGYYlXAyeZOOHbt.pkg	MISSING	UP0102-NPUP10022_00-AVADMC1SARGASSO0			102400	
NPUP10023	US	UNKNOWN TITLE	http://zeus.dl.playstation.net/cdn/UP0102/NPUP10023_00/RmqqZAEcEtrdMDFwhmeWDEyQbIjVgeQdgWhdLJJdGzIBthQBlTMGeIpgeErlVTrAktZXVOQVQNQYxXwgqUEAjjyizTTrPCMBcecyg.pkg	MISSING	UP0102-NPUP10023_00-AVADMC2DEVILTRIG			132800	
NPUP10023	US	UNKNOWN TITLE	http://zeus.dl.playstation.net/cdn/UP0102/NPUP10023_00/SeuZxfKEYuufEHHecyxOuJGuxJLbNqoNpSrychHeMworFLDZDzPYVqNJzwbsNDuziFExJDuJcfGiehyaZHFZwzbPYohThlWLOpBPl.pkg	MISSING	UP0102-NPUP10023_00-AVADMC2DANTE2000			122448	
NPUP10024	US	UNKNOWN TITLE	http://zeus.dl.playstation.net/cdn/UP0102/NPUP10024_00/ZerjQuEhLIfrmPgEMFFWdhqFokbhrgEDQGunzqmgQPAVGsyUIZBJdqVDflOaDmadapnYrqHCQZsHcXrKvmoQjDNtdGVHNCvaTrIDO.pkg	MISSING	UP0102-NPUP10024_00-AVADMC3LADY00000			102400	
NPUP10022	US	UNKNOWN TITLE	http://zeus.dl.playstation.net/cdn/UP0102/NPUP10022_00/iGdxPIbbTOyLRndYUpIFIXcztEtyTJsAgFRQLbNDMvRpJfEUylMABojezFjNflEQxKcjOdMrNSnshvCNrSKuouGzbnjukHrWrulPa.pkg	MISSING	UP0102-NPUP10022_00-AVADMC1MUNDUS000			102400	
NPUP10022	US	UNKNOWN TITLE	http://zeus.dl.playstation.net/cdn/UP0102/NPUP10022_00/NLoMFkDtbqowEuhNdLOmAbqsuFrZFwQcoYhtWAREoeZJZwefXSUZmffAjdvRmnMIZgZMDWXiGrRxvjaouTdsGHvyGMTZCeSzIEGVU.pkg	MISSING	UP0102-NPUP10022_00-AVADMC1JESTERMAR			102544	
NPUP10024	US	UNKNOWN TITLE	http://zeus.dl.playstation.net/cdn/UP0102/NPUP10024_00/bqTcouXvRotmyWjpeOIlydlgbaFlISHJSqcrOluimAGtWnecYFMJPsKFyNVMglkKxiJDikTeuQwrbXRSXxOHuCOHMosynSPchBWAu.pkg	MISSING	UP0102-NPUP10024_00-AVADMC3EBNIVORY2			102400	
NPUP10023	US	UNKNOWN TITLE	http://zeus.dl.playstation.net/cdn/UP0102/NPUP10023_00/yiiQdaJNeBPaghWSyDwpRckIUcYRHrXuPIoBKEZPUSjdFsOHgEtJhnlUbEUpaymUaFUNbWufkeNKHMFSDiktctZwuxBUpzoCOGGmz.pkg	MISSING	UP0102-NPUP10023_00-AVADMC2LUCIADEVL			102400	
NPUP10024	US	UNKNOWN TITLE	http://zeus.dl.playstation.net/cdn/UP0102/NPUP10024_00/bLiatWEevHZwHXBetXIEZditpfbdUQtFYhaJZSkMzxwtNGKCGxduBueIAIgbWPXFOdMrQLytyJmczzeVhJsJiqranQAFTygtTnHfF.pkg	MISSING	UP0102-NPUP10024_00-AVADMC3ARTEMIS00			102400	
NPUP10023	US	UNKNOWN TITLE	http://zeus.dl.playstation.net/cdn/UP0102/NPUP10023_00/OxXWXdiPpFVZbcStxDZMUPxDdAqqzGmQpmHntHedPxzGwPSsiEtBpXrHasXCIQoqcdzMANcRtxQbubNlXUMSoXMcGeNerqoAGMpqy.pkg	MISSING	UP0102-NPUP10023_00-AVADMC2MATIER000			127328	
NPUP10023	US	UNKNOWN TITLE	http://zeus.dl.playstation.net/cdn/UP0102/NPUP10023_00/GjozeYTybmDQEAzHxODYEcTESkOrFgoUJgxueEiqLWcbMOlPezuEZHxRjAzBJVJKAFPBOCefJAkqYiFzKoHIOGOhjgRrGOGczffQi.pkg	MISSING	UP0102-NPUP10023_00-AVADMC2DANTEPROF			117520	
NPUP10023	US	UNKNOWN TITLE	http://zeus.dl.playstation.net/cdn/UP0102/NPUP10023_00/hPdfONLqjoySGzidANzrkDtWtviCuFEPSQsHxqvnGHoCXsrhSPspXzDocXzhgwvkFvEKDmTgPFKCCtQPsgJxDBSahEupSSFMmnmcY.pkg	MISSING	UP0102-NPUP10023_00-AVADMC2LUCIA0000			104448	
NPUP10022	US	UNKNOWN TITLE	http://zeus.dl.playstation.net/cdn/UP0102/NPUP10022_00/IwyZEKjKNirZRwEZfsoqPggbIZdfhYQBRGohWJPkvEcCuswsNNIbmVTgVjJGDDprqOIgAVFFyucXreqzvnBrHLqwmXjWjmuywHWeP.pkg	MISSING	UP0102-NPUP10022_00-AVADMC1DANTE0000			135248	
NPUP10024	US	UNKNOWN TITLE	http://zeus.dl.playstation.net/cdn/UP0102/NPUP10024_00/YCSlhOwWCanhOeiGaMsUrGOhyAFSQmyxfsUGfzJxcoKfcoNYQZVsoxCFdUvZesKDUTCftOyQYGuCZLqePNrUlCemNqWcWqqmTDNzI.pkg	MISSING	UP0102-NPUP10024_00-AVADMC3VIRGIL000			102400	
NPUP10023	US	UNKNOWN TITLE	http://zeus.dl.playstation.net/cdn/UP0102/NPUP10023_00/SzAcuWfUaCaOxBLaOBNYDkilkzdyZcFGZYmqvyrpKJcamlNUCQbHfnUqWceWwHAunYRNlXAXIDrnHdvBdrzeCpfpzJvmVlAHzbMgC.pkg	MISSING	UP0102-NPUP10023_00-AVADMC2TRUEDEVIL			102400	
NPUP10023	US	UNKNOWN TITLE	http://zeus.dl.playstation.net/cdn/UP0102/NPUP10023_00/bleQHXHrvZfxuaoGRTKxGgPBcnVCwjpHpjaiFiKTUzrtesoMcefBiUVoMflXlDReGtPJgeZrxsbxbgsUGIEwxoAvsBCZRbooyDpru.pkg	MISSING	UP0102-NPUP10023_00-AVADMC2TRISH2000			102400	
NPUP10024	US	UNKNOWN TITLE	http://zeus.dl.playstation.net/cdn/UP0102/NPUP10024_00/ExegXtotblwMnMRTVZsAhIoEuwyeUWVzQhzcMkoEEElfofmtwncgLBYISCEMVXrFMofnolsuIWDTOnfuXRcxLuCcfdFOoHbzjvAxz.pkg	MISSING	UP0102-NPUP10024_00-AVADMC3BEOWULF00			102400	
NPUP10024	US	UNKNOWN TITLE	http://zeus.dl.playstation.net/cdn/UP0102/NPUP10024_00/AItpGpQfgJmpJpnSwBWxtqsHqUaZgwOKBHVLidFMIrHcptChEUwkLsppjcYHjobLVZDBJzqkREAXCgesFkbMWcbIIBfErWfMLGmqY.pkg	MISSING	UP0102-NPUP10024_00-AVADMC3DANTE3000			117408	
NPUP10022	US	UNKNOWN TITLE	http://zeus.dl.playstation.net/cdn/UP0102/NPUP10022_00/UxwuSAGDCGezobyFgHgQGMWuXYVgyeogVfkWZrkCXKHrOXoVaWGfHSZiGnFgSdyMFwZhRPIZXdtqzfMXEScAJQUbfNnjyWpDCJzyQ.pkg	MISSING	UP0102-NPUP10022_00-AVADMC1ALASTORDV			102400	
NPUP10023	US	UNKNOWN TITLE	http://zeus.dl.playstation.net/cdn/UP0102/NPUP10023_00/tRcOADbdfgVeoMlEPbZdqHpYWozaolLYhHuApWwKndHTZvogLQEJyWjUuuyRcnyRuLVVRbBRqZDeWyTqpvYHPWBmnySzXfvBPnxeh.pkg	MISSING	UP0102-NPUP10023_00-AVADMC2LUCIACOLL			102400	
NPUP10022	US	UNKNOWN TITLE	http://zeus.dl.playstation.net/cdn/UP0102/NPUP10022_00/uVGOxTinPGiNyVVJoRSYXXdSWLBrEGQvMmQHPpxlgPxBIUCeZtqyYcgXqfyfCLbNTFqqJbCdwBEaVHifZaEeEXHOyLYQKsdkFwRrk.pkg	MISSING	UP0102-NPUP10022_00-AVADMC1NEOANGELO			121168	
NPUP10022	US	UNKNOWN TITLE	http://zeus.dl.playstation.net/cdn/UP0102/NPUP10022_00/BNHeEOfWRiSsbHOTHhCHWBQSDIaggvARvnfDnhQxmhwJFdYyRKaqamhtbTurkZIlGjCFFCEiMFTTcNqULAuExolvfCBZHxGDkfnBE.pkg	MISSING	UP0102-NPUP10022_00-AVADMC1GRIFFON00			102400	
NPUP10024	US	UNKNOWN TITLE	http://zeus.dl.playstation.net/cdn/UP0102/NPUP10024_00/bDKSzIFhAzaCdgLAyOgDptNbTiPOdEemKlPWTTzbkdXFylTHwfpVqOkrwofjJfGDzbrqTizXtjkfVFcmGLkjnNfWheVpDQvsWdnmj.pkg	MISSING	UP0102-NPUP10024_00-AVADMC3CERBERUS0			102400	
NPUP10024	US	UNKNOWN TITLE	http://zeus.dl.playstation.net/cdn/UP0102/NPUP10024_00/VsxViqSSukEfNRpoAseMTELTyQRBDXWnpQYKqyeVyZBZulomPXpBqgbSJZCxftnNWurwDNPpgMvzNMQwHYoNiFpHGzvkwsfnEbsFj.pkg	MISSING	UP0102-NPUP10024_00-AVADMC3YAMATO000			102400	
NPUB30505	US	UNKNOWN TITLE	http://zeus.dl.playstation.net/cdn/UP0101/NPUB30505_00/UKgQthAXmEzmNBBOmKxDfecBuAOJJrfacQerrQGrcMMpAqcMfgihTBRQhsEGTXjiSLfzzhuVarftDMbAjqSvgsGDDMMKpSePnznGL.pkg	MISSING	UP0101-NPUB30505_00-AVACHODJULIUS000			108448	
NPUO00020	US	PlayStation®Plus Halloween Candy Apple Avatar	http://zeus.dl.playstation.net/cdn/UT0016/NPUO00020_00/jrMtyEyGZvTxEhaaXfTKPzJKaFkKAxatTJbiJqUhQiQDfsrELTEntZPUdvZDFnzBuXAuDlxwXqNVTAONytMCMVTNgQTllUldunqEK.pkg	MISSING	UT0016-NPUO00020_00-AVAPLUSCANDYAPPL			102400	
NPUO00020	US	PlayStation®Plus Halloween Ghost Avatar	http://zeus.dl.playstation.net/cdn/UT0016/NPUO00020_00/YfNFYkzRkLLhrzvdwZZoWFLINwHKayYpZfUpssgBgGStsGcddJJnTdDDVHDoHJfQVhZMUOKbusanFBEsEhRMwbBUKmYVfGBZffHFB.pkg	MISSING	UT0016-NPUO00020_00-AVAPLUSGHOST0000			102400	
NPUO00020	US	PlayStation®Plus Halloween Bat Avatar	http://zeus.dl.playstation.net/cdn/UT0016/NPUO00020_00/yfkuWDFGtSCQIqyuAvcMjHqSqWxLNEWohjpPFbOoSDodMQmSbYdSKBVXljVEBMsbUNNUiELEmWflKgGkIyygFEMZajxiNfRqQNhMR.pkg	MISSING	UT0016-NPUO00020_00-AVAPLUSBAT000000			102400	
NPUO00020	US	PlayStation®Plus Halloween Jackolantern Avatar	http://zeus.dl.playstation.net/cdn/UT0016/NPUO00020_00/JnirFuiOHpeHKmmiNTDpTalNGFNSzCZuagxnrJtQMJXKPxGcnZYlbuGPzGVovKzucUvOXYYVAuyefevVhjGlCrOLoMURYKCzXnlaY.pkg	MISSING	UT0016-NPUO00020_00-AVAPLUSJACKOLANT			102400	
NPUO00020	US	PlayStation®Plus Halloween Skull Avatar	http://zeus.dl.playstation.net/cdn/UT0016/NPUO00020_00/PhWUxbcCqykInTSVuLvVwcdznEPYZhKJvrRnMwsDZdfiUUNUjWkUIteJBDgOusqTZrGJaypoGEnxlEqLQCsjPapfUBsTPhsRwLhdw.pkg	MISSING	UT0016-NPUO00020_00-AVAPLUSSKULL0000			102400	
NPUO00020	US	PlayStation®Plus Halloween Candy Avatar	http://zeus.dl.playstation.net/cdn/UT0016/NPUO00020_00/lxUVZGbqxSrFKmAzWrovyswnjwRWQQXIkrbMxljWbwujxXDxLOjxdZqxJZYPStOmLQjLVYldhEOiMWpdXlrGVddXTLUYjbPychTzu.pkg	MISSING	UT0016-NPUO00020_00-AVAPLUSHALLOWCAN			102400	
NPUB30510	US	Armageddon Riders Skullmask Avatar	http://zeus.dl.playstation.net/cdn/UP4287/NPUB30510_00/bFfIACwdNBGdebpbpONZPsGFNKlBTfxZgoblkufDrJvdmLuFqFCTxIMmmGGVFgiXzvFAqDTNwzlleywWhswkwWLCJFUJprRnghwBP.pkg	MISSING	UP4287-NPUB30510_00-AVAARMRDSKULLMAS			112784	
NPUB30467	US	UNKNOWN TITLE	http://zeus.dl.playstation.net/cdn/UP0102/NPUB30467_00/VQRDfKZADXxEUKtOfpbHYowLokQZfSCcKJOmrcnNaRNzkzcXlzRmdedScRPctIRdvwhevEMxEDyqQwduNrjLPDYWUconZjjzbkKkR.pkg	MISSING	UP0102-NPUB30467_00-AVARECVCLAIRE000			102400	
NPUB30467	US	UNKNOWN TITLE	http://zeus.dl.playstation.net/cdn/UP0102/NPUB30467_00/hmFAaINKulNHPiwDQdNxshUpmgbamvtfysEUNLlTKFtNroiXwwGdRLWzvQIAvGGBhiMqPKmNDJKgxqGFItPvNmBlFoFMSMwcWOMdg.pkg	MISSING	UP0102-NPUB30467_00-AVARECVWESKER000			102400	
NPUB30467	US	UNKNOWN TITLE	http://zeus.dl.playstation.net/cdn/UP0102/NPUB30467_00/dVeVHUmXTQZuWnqerNASVhdjCpfoAfvCAlbXbjgpZWNEvpNdfcpaKuHzLnRKCdpjyIJNCjVPCUQWvyarSkXtJMcNxiPHWuGuzRjqw.pkg	MISSING	UP0102-NPUB30467_00-AVARECVALEXIA000			102400	
NPUB30467	US	UNKNOWN TITLE	http://zeus.dl.playstation.net/cdn/UP0102/NPUB30467_00/TYLPReyIaVQuLmPKExJurhsoRRADkRxuwkAcBzNaqdqWBLZKcmycdRJZprcxoKRJsxKQHKHzwgwuPJjZdgkWJlcDwlWARjFoaDQIQ.pkg	MISSING	UP0102-NPUB30467_00-AVARECVCHRIS0000			102400	
NPUB30467	US	UNKNOWN TITLE	http://zeus.dl.playstation.net/cdn/UP0102/NPUB30467_00/rGRvRjAZbMuSciFJypFpEWJltZeUYxmWiEejVsCQomNvfZeEWQlQvRwezdapUUwCBjzvWPkmmPDKxBrqgHlIhljEoWtraTwCCLbUW.pkg	MISSING	UP0102-NPUB30467_00-AVARECVSTEVE0000			102400	
NPUB30312	US	UNKNOWN TITLE	http://zeus.dl.playstation.net/cdn/UP0102/NPUB30312_00/XeHFfMplUgrCEXzcddLIoPLvNsWNlMHNnspsEdGQseKNOHNLwoEFExWBLojaCNTbaBqUKzohmanGRmgIXPAYxQURsfGeSJsSBCsuk.pkg	MISSING	UP0102-NPUB30312_00-AVARE4ADATOMYGUN			102400	
NPUB30312	US	UNKNOWN TITLE	http://zeus.dl.playstation.net/cdn/UP0102/NPUB30312_00/lTUgmCGregmfHvfEMLNnYgdOafZHTbJBnPwObCGQvGfUqAichxWQOeiCZMqYkGgSreEOpdhOAPcHHuXBWSCvniOEubbUQdMxYTnWa.pkg	MISSING	UP0102-NPUB30312_00-AVARE4SADDLER000			109936	
NPUB30312	US	UNKNOWN TITLE	http://zeus.dl.playstation.net/cdn/UP0102/NPUB30312_00/FLZmmlxklfDEXDqBAeZTaewwjuqWQbJKhMIYmrJpZYfYgnABZkrqqpdWKaPvFPbGCrXiHgabGlubgHCattogFgLvRkTiOtYUgDOsH.pkg	MISSING	UP0102-NPUB30312_00-AVARE4BITORESMEN			102400	
NPUB30312	US	UNKNOWN TITLE	http://zeus.dl.playstation.net/cdn/UP0102/NPUB30312_00/NQrJmNnXzDHaFzljqErzJDEjnwGEMmeaioDafcgjCZYuKEJDFtfixZPlLyNlXlGVPTPgKPkFoOyyNmheRncHetVLYfeZkABhiEnzP.pkg	MISSING	UP0102-NPUB30312_00-AVARE4KRAUSER000			102400	
NPUB30312	US	UNKNOWN TITLE	http://zeus.dl.playstation.net/cdn/UP0102/NPUB30312_00/PJNYlsRjWcmljhFPQXNFlSWRdexEzFIGXFyaeXIiuYFtvmKRZMwHMfzysZvqMHJctYRdfcFargNPiZqusdFIXyAQiWivAHsAkgqny.pkg	MISSING	UP0102-NPUB30312_00-AVARE4ASHLEY0000			102400	
NPUB30301	US	UNKNOWN TITLE	http://zeus.dl.playstation.net/cdn/UP0102/NPUB30301_00/uSuGYRxVdFptvIolYjFvgLTEZDuudntPOYnbyUtGxwLNHtPuDIYTQMavpWpmDJVgEdrNBoFHfWrEKKvZKSGnRlIybtKbxBhQQnqNr.pkg	MISSING	UP0102-NPUB30301_00-AVASF3OEAKUMA000			102400	
NPUB30301	US	UNKNOWN TITLE	http://zeus.dl.playstation.net/cdn/UP0102/NPUB30301_00/YRBbuQRAWsBuqhnIggVnzoxaaTUBMovJqGahYXrKzadNygHMbgfbeTpecKIuwtSDCNNuAbnAUsCXqHfQXomqZmGkQjacFInGmsVcS.pkg	MISSING	UP0102-NPUB30301_00-AVASF3OEELENA000			102400	
NPUB30301	US	UNKNOWN TITLE	http://zeus.dl.playstation.net/cdn/UP0102/NPUB30301_00/fAMThGzIFDIbELUqCZloawTpzOecrenLUbsYNctboIrYLyILAERQRsDVuSvmaFSLVHbWjcBIDOlktJVlXjHhwcQWBRfLxrrJqjMkc.pkg	MISSING	UP0102-NPUB30301_00-AVASF3OEURIEN000			102400	
NPUB30301	US	UNKNOWN TITLE	http://zeus.dl.playstation.net/cdn/UP0102/NPUB30301_00/dMoSaNPifoGpmlYUOvPYTroGkDOVLdrvDheEPJlZjlEDmaKzeyBrjOHxlAUmnihLwZOVTUDqHztOLjRiYyIvgCcsGgWbVRRFDGTSR.pkg	MISSING	UP0102-NPUB30301_00-AVASF3OEALEX0000			104416	
NPUB30301	US	UNKNOWN TITLE	http://zeus.dl.playstation.net/cdn/UP0102/NPUB30301_00/cHSPYgIYWBjMgbAKHQnfWrjTOaBfOUAYJetATRWdgtDxxCDqUkpbSKMygsdTiOvZuWYloFZrenPftgjNPvmRiAbepOsjcoZObrslR.pkg	MISSING	UP0102-NPUB30301_00-AVASF3OEORO00000			102400	
NPUB30301	US	UNKNOWN TITLE	http://zeus.dl.playstation.net/cdn/UP0102/NPUB30301_00/XVYRNLpZWQXzueDWarEcPjefWyHCdlrlzkfumpxYfiFJsHNkjspPOxAOHreLHOkBpPBEhjoBoUdEkBxhMZunUVzIVnhJrIxuKPuXs.pkg	MISSING	UP0102-NPUB30301_00-AVASF3OESEAN0000			102400	
NPUB30301	US	UNKNOWN TITLE	http://zeus.dl.playstation.net/cdn/UP0102/NPUB30301_00/lQVatoZGfVGGPqnWBlQyLROTuCXRgDbKraRpvsLfyfHQITjGRSUrTXeOpZivFmlxFuWwzDYaiBfkWPKaKCFdIzOAjttHmmXEiqsXL.pkg	MISSING	UP0102-NPUB30301_00-AVASF3OEKEN00000			112240	
NPUB30301	US	UNKNOWN TITLE	http://zeus.dl.playstation.net/cdn/UP0102/NPUB30301_00/BRhfxiCWqbZSZbaKQnYanRbEcJTUWawlTORhoqEpiVUJZFFiEGwINzpXCaSQhgOuMWVDQOWoyQceAfeifbEtHlwjoVCeBWplIpCwx.pkg	MISSING	UP0102-NPUB30301_00-AVASF3OECHUNLI00			112064	
NPUB30301	US	UNKNOWN TITLE	http://zeus.dl.playstation.net/cdn/UP0102/NPUB30301_00/hlzwciGQCVEPIcMRhPsiIIZdkfBuysDhSSOikLlsVnWvATDjBtjyvBcdnFEyJWnBRYDobNghNunpKjxteXDEDbhzbgcWuFgIxjLMr.pkg	MISSING	UP0102-NPUB30301_00-AVASF3OENECRO000			102400	
NPUB30301	US	UNKNOWN TITLE	http://zeus.dl.playstation.net/cdn/UP0102/NPUB30301_00/OzjztDbcGlKipyjhNfHSQMuujAZODcETZABlGgjRueNpRvmImLXBuzNToTgGyUtaTvtdURGgFVacjZUNcudDaXCvOPQJgUoAJORgT.pkg	MISSING	UP0102-NPUB30301_00-AVASF3OETWELVE00			102400	
NPUB30301	US	UNKNOWN TITLE	http://zeus.dl.playstation.net/cdn/UP0102/NPUB30301_00/CNyuMTKyOIVLlwDtbdpZfjLtAQtSMkzoCSnneXAxMdyREPOZjHLtpXDPWeRcSXfIROtDVbpyUphIlIakveMTDSgsyaQWCNHgNiYLz.pkg	MISSING	UP0102-NPUB30301_00-AVASF3OEIBUKI000			104848	
NPUB30301	US	UNKNOWN TITLE	http://zeus.dl.playstation.net/cdn/UP0102/NPUB30301_00/eLsyfEHFmmDXmjaBaWjuxCmSWIsmZGddfdWozdMIexIdRmXJEATzuksDikNvRARLGtWgrGpghpWlGCkebTkPxmknrhqxTFsHTKOhn.pkg	MISSING	UP0102-NPUB30301_00-AVASF3OEYUN00000			102400	
NPUB30301	US	UNKNOWN TITLE	http://zeus.dl.playstation.net/cdn/UP0102/NPUB30301_00/XplLlaOLcaMTnbfBEcODGkuaHqvIVOGRxahwDCpVQsplYmvrRzsuNLeDRIOmrFzltbfvtwclpyQzOgXKNlwfgCjUFbdmDZaMdvJdv.pkg	MISSING	UP0102-NPUB30301_00-AVASF3OEQ0000000			102400	
NPUB30301	US	UNKNOWN TITLE	http://zeus.dl.playstation.net/cdn/UP0102/NPUB30301_00/SIdVSEnXnDNCAzCQDviAFGXakBrOPwwXshflnAajnCwPfailnKWpPhzweZTAVchupjdcuTJejheEKmyjosNmjNYdGmDkIemSHsHtR.pkg	MISSING	UP0102-NPUB30301_00-AVASF3OEREMY0000			102400	
NPUB30301	US	UNKNOWN TITLE	http://zeus.dl.playstation.net/cdn/UP0102/NPUB30301_00/ltJdSfTQEyxKVNxQGxFYDECJnTqUxWlrdHkWoKVAgOiukMFoBJAuxlRHdLnJWpQEaCQctQpjHQHUxttGimETFrcQmdMsAGrpyKlZl.pkg	MISSING	UP0102-NPUB30301_00-AVASF3OEGILL0000			107520	
NPUB30301	US	UNKNOWN TITLE	http://zeus.dl.playstation.net/cdn/UP0102/NPUB30301_00/CtsqUFkBGAtdYtHcxgtntPGmdRceGHLZBYKMzseaRLSAyobQIbpXGQzFFVLjvkSkfeYTClXNNUxNNeCbKPAFygpSTrtwSCeBRSmjr.pkg	MISSING	UP0102-NPUB30301_00-AVASF3OEYANG0000			102400	
NPUB30301	US	UNKNOWN TITLE	http://zeus.dl.playstation.net/cdn/UP0102/NPUB30301_00/idDBBerZdjLhtYAsYKlqGgcSkfRHQBHOXEUIOImxmKxFyfXmksESBQQsAhiQbCOPWCRkEYxNdxUJBxhGuzpiqiOFfajBVOuuRucZh.pkg	MISSING	UP0102-NPUB30301_00-AVASF3OERYU00000			102400	
NPUB30301	US	UNKNOWN TITLE	http://zeus.dl.playstation.net/cdn/UP0102/NPUB30301_00/rerXGzwrCkRkjJNSmUDvLVRpAtfwHUvZVpwlefurbGysyLFSbulbmhFgXIFyVHqaFiRpsfijjpuvvsoOIMziLpthfROCuhFrORjtx.pkg	MISSING	UP0102-NPUB30301_00-AVASF3OEMAKOTO00			102400	
NPUB30301	US	UNKNOWN TITLE	http://zeus.dl.playstation.net/cdn/UP0102/NPUB30301_00/gITzJLgATiDhtEZVnitWKydtiGdSQafmBoQlMkoipAFokUskpOTczhfdGAotwWlXPwtaVOgQWDTRmoNNAtzKrePbvFlBmvDCteqaV.pkg	MISSING	UP0102-NPUB30301_00-AVASF3OEDUDLEY00			102400	
NPUB30301	US	UNKNOWN TITLE	http://zeus.dl.playstation.net/cdn/UP0102/NPUB30301_00/qSdSoXghPZuOCZclVwJHAcHJHxGRwhwAeuVcdbKutLAYZUmQsopxbNPmUREDFrUsxiLwvDOpgZSfBpZeFlaUwyjvTCScFAkQRCCbV.pkg	MISSING	UP0102-NPUB30301_00-AVASF3OEHUGO0000			102400	
NPUB30163	US	Outland™ Avatar	http://zeus.dl.playstation.net/cdn/UP0001/NPUB30163_00/thUSnENcBNwqKegNSrGhkqrnrnsStXlHAdznxMQnBiemJENAoWHTBvfvCeWWqbpDZfmWHPZITVSZBaDaAWnlYcAfHHhzqSBmGrGyJ.pkg	MISSING	UP0001-NPUB30163_00-AVAOUTLAND000000			115968	
BLUS30092	US	UNKNOWN TITLE	http://zeus.dl.playstation.net/cdn/UP0102/BLUS30092_00/RVcnptGOkCPObixpqZOXwUIqFCGdSJNwjEZwEhKDxFKZkaIewRbMsrFBHSPqkhJzMKDYCKxbKCXHZNkilVNMpGeRWzVMToXTeDJZn.pkg	MISSING	UP0102-BLUS30092_00-AVACOYOTEA000000			102400	
BLUS30092	US	UNKNOWN TITLE	http://zeus.dl.playstation.net/cdn/UP0102/BLUS30092_00/res9Fqwlxpabr0xidFENt3wh9hFEllkcXrEDA0bXsm4cyf4Q90SqcdkJFmU9PiwwyrX2MhLoagEng4J9J0oXgPUTABNbIkUVEapMX.pkg	MISSING	UP0102-BLUS30092_00-AVADMC4KYRIE0000			102400	
BLUS30092	US	UNKNOWN TITLE	http://zeus.dl.playstation.net/cdn/UP0102/BLUS30092_00/DlKxlroRHRJIKYpvfbEHkKaceRXzoHQwEZvWJtLDgPpZjRwEgdvAFHePMjaLGNERoUBbQjPRMzlCenzkrNdzKvjsgQQQMvAqbJUUh.pkg	MISSING	UP0102-BLUS30092_00-AVADMC4WREDQUEEN			102400	
BLUS30092	US	UNKNOWN TITLE	http://zeus.dl.playstation.net/cdn/UP0102/BLUS30092_00/bRoybfeIVnVCkYzIAVihKShwVsPhJvxEMnHDVLySfhoSEgbVQBAzgEVMHbqbbYdpWjQPywvnIKEieezSoVwepPIanivqotzgjGbro.pkg	MISSING	UP0102-BLUS30092_00-AVADANTE00000000			110128	
BLUS30092	US	UNKNOWN TITLE	http://zeus.dl.playstation.net/cdn/UP0102/BLUS30092_00/WWeqJwYfuRKwdxFrMlRMeYMtKtLPqgTCJcGUrKoySrsBAEksMDPVfcvwFKEuWaHDeXenfWYqblcJPzVjSwNPKQmJQctlSmvgsVkFZ.pkg	MISSING	UP0102-BLUS30092_00-AVADMC4GLORIA000			103488	
BLUS30092	US	UNKNOWN TITLE	http://zeus.dl.playstation.net/cdn/UP0102/BLUS30092_00/EjrBvJfZoEVMOVTitjzDLlJoBnoIXNDKZrnaLKhNdPmLGHKiuCwaCRbyGqDmeRtBtOgJIFjqvKbpJyXZVsdFaoGfrytcxucrScFcf.pkg	MISSING	UP0102-BLUS30092_00-AVADMC4WBLUEROSE			102400	
BLUS30092	US	UNKNOWN TITLE	http://zeus.dl.playstation.net/cdn/UP0102/BLUS30092_00/scOPISrCLlocIvUqtJdfbINJFkNdhjhE6Meh2FnRmXlyAWYDdY1WMdAQb09E9q9igmjbnQ7W72ow50sldnj7gwchPny4QcgkRUgvX.pkg	MISSING	UP0102-BLUS30092_00-AVADMC4NERO00000			128672	
BLUS30092	US	UNKNOWN TITLE	http://zeus.dl.playstation.net/cdn/UP0102/BLUS30092_00/MJhZuVsWioOrAolDTPBdoPpUZAniqxFUabndElQXqwSkCVGdQnzsSAkUIUKeYdvLwvxEcSkqSoYecZtmcrUvHGvzEPIcAzQlkYLhl.pkg	MISSING	UP0102-BLUS30092_00-AVAEBONYIVORY000			102400	
BLUS30092	US	UNKNOWN TITLE	http://zeus.dl.playstation.net/cdn/UP0102/BLUS30092_00/dNJ15EEEgQuR8xjysRUesA7qtntEYSTqVQyXUFE4ESUpOGf21pMt8QuPWqBVUdSQYhOBiRvxJ9t7vpG5KTOHKAqOJFIQOHDq6i4v5.pkg	MISSING	UP0102-BLUS30092_00-AVADMC4LADY00000			102400	
BLUS30092	US	UNKNOWN TITLE	http://zeus.dl.playstation.net/cdn/UP0102/BLUS30092_00/dhJRDMWGUNKSRXyQtkmNRpMXgUeoPjopPEdvFncmqRTfrkTmACaNoaVUTNPZPsEjLYxwhopTxorDHbAUMQvHgiYFGVHVppwzCPAOS.pkg	MISSING	UP0102-BLUS30092_00-AVATRISH00000000			102400	
BLUS30092	US	UNKNOWN TITLE	http://zeus.dl.playstation.net/cdn/UP0102/BLUS30092_00/GkgVzllXrBWRlDVLQtAONXWZJanwWDpXFhhedklHgxgNSCEUlnjzdLhDVxJjLpPYyNJkajCmUKqpPaGGjzvOljTxKowEXdCgrzYdn.pkg	MISSING	UP0102-BLUS30092_00-AVAREBELLION0000			102400	
BLUS30092	US	UNKNOWN TITLE	http://zeus.dl.playstation.net/cdn/UP0102/BLUS30092_00/QuAdEyuIGHslawsYmGQmo6TR1RNxexE5hIKMcKdmMOo2gUFtRWbXtG3gphXUcC6HIvK0mrrAiUVAOtsGlWUYvYB3JaKpD4binjTph.pkg	MISSING	UP0102-BLUS30092_00-AVADMC4CREDO0000			102400	
BLUS30092	US	UNKNOWN TITLE	http://zeus.dl.playstation.net/cdn/UP0102/BLUS30092_00/gmgbcTHMRmcYMhGNeStrFVNJlkoUjEqyPuFwJttfLyjTpegIAXXbmBhapiekbyuYLydrmkXxPLidBbKZbllsNxiHXLwSaadqfcFoI.pkg	MISSING	UP0102-BLUS30092_00-AVADMC4AGNUS0000			108368	
BCUS98233	US	UNKNOWN TITLE	http://zeus.dl.playstation.net/cdn/UP9000/BCUS98233_00/pIrgcqolFoZkDkGesUTbzxqKpdRWkiEeGKbWiPwNkzkbmAQKgEvOISBGSdGCRNSjaVqecMfBiHHbvJTkcYqaTETdTYaiVQArKphqC.pkg	MISSING	UP9000-BCUS98233_00-AVA000000X0XU002			102400	
BLUS30339	US	Castlevania: Lords of Shadow Black Knight Avatar	http://zeus.dl.playstation.net/cdn/UP0101/BLUS30339_00/vHzxdXlRMZNpIvRNjredsrGjgYZTfDoxuUbhgGETmPVMwJaFyGGnwMWDMMggLNpViGzMSSfoWubcioDpHkmQnBmBZVEtQXrLZacdB.pkg	MISSING	UP0101-BLUS30339_00-AVACLSBLACKNIGHT			102400	
BLUS30339	US	Castlevania: Lords of Shadow Shadow Zobek Avatar	http://zeus.dl.playstation.net/cdn/UP0101/BLUS30339_00/RmOQPonHokzysgdzoovQjeTPcqqQuCxplgMuRYBIVGGYghJbFPUGfXPBgBSBVbxnAMtiVZEgJVmrtCXoYtWhuhjqZCOActQpkNaBF.pkg	MISSING	UP0101-BLUS30339_00-AVACLSZOBEK00000			102400	
BLUS30339	US	Castlevania: Lords of Shadow Laura Avatar	http://zeus.dl.playstation.net/cdn/UP0101/BLUS30339_00/rTGLMFXuNBDxHYTUbOLioHUBkzdnHUrwHMwfeQidpQoERkMcVqWoFsLWiwWalvQubaBjuWhBfTEbAgxWcMuxwwymHLvWTSGdQlGKO.pkg	MISSING	UP0101-BLUS30339_00-AVACLSLAURA00000			102400	
BLUS30339	US	Castlevania: Lords of Shadow Pan Avatar	http://zeus.dl.playstation.net/cdn/UP0101/BLUS30339_00/gefEaiIAstnRiptCpoBtSQqcvStPcVgZbSaEcnJnLItbCxYnlQqVqqqEZYsyEzkAjCPXgUTnxvoLqmJimuXAghQGFniCPpAPFtSth.pkg	MISSING	UP0101-BLUS30339_00-AVACLSPAN0000000			122672	
BLUS30339	US	Castlevania: Lords of Shadow Claudia Avatar	http://zeus.dl.playstation.net/cdn/UP0101/BLUS30339_00/XctCWHBwMVhJlmKbgLJpptqrKAWNqgdGckTGAElSreuBUQsjmzSHKJeMrCmvjTEhPzXEBainyJbjsLxSBLKQYoJgHMtliRywvNKLR.pkg	MISSING	UP0101-BLUS30339_00-AVACLSCLAUDIA000			102400	
BLUS30339	US	Castlevania: Lords of Shadow Carmilla Avatar	http://zeus.dl.playstation.net/cdn/UP0101/BLUS30339_00/ymvcYsdCiYApyBtUuEfVHcAESPCHULheabIZDpKwqzZvHpZCuIUkDidRRnBoihDADwQMxzKzqaWafhFOAqYRBXJPosvQqjZwZywMa.pkg	MISSING	UP0101-BLUS30339_00-AVACLSCARMILLA00			102400	
BLUS30339	US	UNKNOWN TITLE	http://zeus.dl.playstation.net/cdn/UP0101/BLUS30339_00/xQlLCWYUBAcWgyBPcagfKzVYEPFmTpxGpqJinvCtoaEdpEEKQGrtmfYbzSMcKkxZZDbVHViJAGvyHvcTDRwrFsVOWcoFNgBSUqbWN.pkg	MISSING	UP0101-BLUS30339_00-AVACLSGODMASK000			102400	
BLUS30339	US	Castlevania: Lords of Shadow Cornell Avatar	http://zeus.dl.playstation.net/cdn/UP0101/BLUS30339_00/GHABfUnpNFuYNNRSecXCeemUazrrSLXdYuowCrViLfUvOsiAecmyeSPPjpTZqvxoStsyBOIBhUpmECOYMsXNVqkgCNuytnajNyCaZ.pkg	MISSING	UP0101-BLUS30339_00-AVACLSCORNELL000			109296	
BLUS30339	US	Castlevania: Lords of Shadow Chupacabra Avatar	http://zeus.dl.playstation.net/cdn/UP0101/BLUS30339_00/MpArYSiMCrinuCLXpjGNtwzGXrZeLhgHWrQJqiLXiLlQozhioDXsibCqmlNfONoPWbAwWuynHsuhZQBdnJiqWGLNHBvRYrednZiwc.pkg	MISSING	UP0101-BLUS30339_00-AVACLSCHUPACABRA			103968	
BLUS30339	US	Castlevania: Lords of Shadow Gabriel Avatar	http://zeus.dl.playstation.net/cdn/UP0101/BLUS30339_00/obfvRGBmEfuStwEOSLXyXHKvJHfeOAvxcoGetClIElvpVyTpppOgIutpvhCgVjmysnyIWkCYwmYhiCOfkhBLLDOUbOhLBnNzmByTb.pkg	MISSING	UP0101-BLUS30339_00-AVACLSGABRIEL000			102400	
NPUB30131	US	UNKNOWN TITLE	http://zeus.dl.playstation.net/cdn/UP0102/NPUB30131_00/uQXgwVHePbYqTmhKHxODIVhPcwjjjUJeHJewwhjBGQAsQIBGyasliJuokKFjXNmXochkcvLjQSEzaqIUUISTgVznxiqCnUipgmwLy.pkg	MISSING	UP0102-NPUB30131_00-AVABCR2SABIO0000			102400	
NPUB30131	US	UNKNOWN TITLE	http://zeus.dl.playstation.net/cdn/UP0102/NPUB30131_00/SGKVTLajllSqtslVoPMHAUJLzeuJiNWFNmOeQRDzMseekBoTaeNcrqrNdchMvreyrRaxmTpnmfZgfvbKnrCXgKAiZPcgCmilUlndV.pkg	MISSING	UP0102-NPUB30131_00-AVABCR2LOGO00000			102400	
NPUB30131	US	UNKNOWN TITLE	http://zeus.dl.playstation.net/cdn/UP0102/NPUB30131_00/UvpeCVgjTsgUiasiHkpTVclSxIAJEMkMirmuMgetvzBzbLnkUwkIRcELriNDxUKtpgvrbfCbnsNrAlxMLjYVEvdlcGQdkUJRvaivc.pkg	MISSING	UP0102-NPUB30131_00-AVABCR2SPENCER00			102400	
NPUB30131	US	UNKNOWN TITLE	http://zeus.dl.playstation.net/cdn/UP0102/NPUB30131_00/MThcsRZxfXUKNEhfmrsPLThIqbtAhazHxLCYasnAzQQMwCvyNWvdeHpbawoaaRDOfQKPkspmGbDZgyVCcFyXlpyOFaicDOZOVuLSG.pkg	MISSING	UP0102-NPUB30131_00-AVABCR2MAG000000			102400	
NPUB30131	US	UNKNOWN TITLE	http://zeus.dl.playstation.net/cdn/UP0102/NPUB30131_00/AFBrkkepAttYcMKvMDhQUKzanbemAYnIVyFEjdIlQnkHmlDSRlKJAxxECIpXTuHzTZnvnxSxhOkoMYcvRxojQSZPJYnngwizMWezi.pkg	MISSING	UP0102-NPUB30131_00-AVABCR2MCNAMARA0			102400	
NPUB30131	US	UNKNOWN TITLE	http://zeus.dl.playstation.net/cdn/UP0102/NPUB30131_00/fXDfOtkbLNfqjoQEaQljjSMMkBYlXZBXMzpsFRWPQLmHfMUaszkChtcUxCvEsFkCPvExbEzpmwDpQRaHNEOxGOMhYwniMuSmDdNtI.pkg	MISSING	UP0102-NPUB30131_00-AVABCR2SUPERJOE0			102400	
NPUB30131	US	UNKNOWN TITLE	http://zeus.dl.playstation.net/cdn/UP0102/NPUB30131_00/HWuxyVandVkyGYqqbDXKUeLnMWxqHngbKvbqRgIeEOoBEcAfMtAhnZlaasncQBgugzYsreOTRLwTdiuawYITHlWhdgWFWwXrJFnyl.pkg	MISSING	UP0102-NPUB30131_00-AVABCR2BRUBAKER0			102400	
NPUB30131	US	UNKNOWN TITLE	http://zeus.dl.playstation.net/cdn/UP0102/NPUB30131_00/bOoQYlvyLpgACjpnBGUxBBCHZOhnGFnQrlHFbdiQWfGjffVecfmYknWrgRZcmLjAcLmuOfgCjOOgJyvwooVYwKPsIqLmBcwGDIXgr.pkg	MISSING	UP0102-NPUB30131_00-AVABCR2SPENCYELL			102400	
NPUB30131	US	UNKNOWN TITLE	http://zeus.dl.playstation.net/cdn/UP0102/NPUB30131_00/xHWiQKNnIxMqKXMFbsHGblaLZkaWHygCbJuNmRLabZNOAShgrNtVbPwTYUCNNwJKMmpUvRNPBGJSjpAiKbBArHbiwbLsSXtctOThG.pkg	MISSING	UP0102-NPUB30131_00-AVABCR2SPENCERSF			102400	
NPUB30131	US	UNKNOWN TITLE	http://zeus.dl.playstation.net/cdn/UP0102/NPUB30131_00/ObWsmNrAAEvucSbZOFpxvGSiwlNtnucOXzhsqQcajTDLBMbyzlfpczRANsPopjNBoqqVqMtzueREpxcmeGUFrUIcPotyxMqVxDIiJ.pkg	MISSING	UP0102-NPUB30131_00-AVABCR2TAKEOFFSN			102400	
BLUS30439	US	UNKNOWN TITLE	http://zeus.dl.playstation.net/cdn/UP0102/BLUS30439_00/5OHsnoIOxrId3tXOFHRsWv5nJrEghH4F1RonBu4MCMTUH4p34m9PymF1nll0FTIrWHh2V8BMA174xaneqlpvtSNoGQMUHqO16qKEI.pkg	MISSING	UP0102-BLUS30439_00-AVADEADRIS2ZOMCP			102400	
ULUS10566	US	UNKNOWN TITLE	http://zeus.dl.playstation.net/cdn/UP0082/ULUS10566_00/zrbOVHJGRRiEZkqxYusIKMJNhdIaNdrEvJILHBIjUNWviBOFjzrecVikhyuJLYFyguEBAjeknXltiWXClsAzXYpUuXkWckcNsYhPO.pkg	MISSING	UP0082-ULUS10566_00-AVAD12FFCLOUDDAR			145536	
NPUP10010	US	UNKNOWN TITLE	http://zeus.dl.playstation.net/cdn/UP0102/NPUP10010_00/DvSuVZHzTKZMeDvuHtqivKhzuJQKzDoqqlFLHrQgnqsfBXmXjOVQpeycNdSwxlrbeekGuxfOPzonHzDtDNWAjEPOmSiGtJEcGTWct.pkg	MISSING	UP0102-NPUP10010_00-AVATRONBONNE0000			102400	
NPUA80139	US	Fat Princess: Red Worker Avatar	http://zeus.dl.playstation.net/cdn/UP9000/NPUA80139_00/kknDUGRVrDxTVBnlgUbmA9nuIQ1a6HoR5cCbJb9FPx9R8MUysTs7UKdL6WUaaoNc5b8o4uJKx3K7yO1pAtnUoRA5hsCPb685smuGT.pkg	MISSING	UP9000-NPUA80139_00-AVAFATPRREDWORKE			102400	
NPUA80139	US	Fat Princess: Red Princess Fat Avatar	http://zeus.dl.playstation.net/cdn/UP9000/NPUA80139_00/hfgGd0HsIE8BgG3BxWvd5X9JOIUifDVaKSb1LjiGg1KMsVjFsAVbqlFEwymYCeYI265dBXqjvo6T7qrIuLMFR9I0j18pvKkwLRyoN.pkg	e3229225a30321379f58a36bb9796cc9	UP9000-NPUA80139_00-AVAFATPRREDPBIGA			102400	
NPUA80139	US	Fat Princess: Red Mage Avatar	http://zeus.dl.playstation.net/cdn/UP9000/NPUA80139_00/TKMcSWjUt83JagT3mKHBluNWr6OjTYR0DA0cptSgUoKLHMdxvBcSaRS3pd6sQfV2OVR0a1CtFlwmpkoRQRmFM60q61nLMQdGhahN4.pkg	MISSING	UP9000-NPUA80139_00-AVAFATPRIREDMAGE			102400	
NPUA80139	US	Fat Princess: Cake Avatar	http://zeus.dl.playstation.net/cdn/UP9000/NPUA80139_00/we74TrOCs6HbEwupWwwt1kYrRHtCbWLlJmmfui4dGY4khsBWlgyFSWxkVBWHXaQs3fk8LUQRYiHaQRNkwSnUPPiM8kxXbSWIcyBWD.pkg	MISSING	UP9000-NPUA80139_00-AVAFATPRINCSCAKE			102400	
NPUA80139	US	Fat Princess: Red Princess Avatar	http://zeus.dl.playstation.net/cdn/UP9000/NPUA80139_00/F4KA6Vqodavg0O9y0nS39AxA5o1JGb6nrqPl1o377uAkPEKOdDTq3VtVygNkmNPFqllRuM4kao8ho8n1nS7xMhjtVsiF99N4XAVcm.pkg	MISSING	UP9000-NPUA80139_00-AVAFATPRREDPSMLA			102400	
NPUA80139	US	Fat Princess: Blue Princess Avatar	http://zeus.dl.playstation.net/cdn/UP9000/NPUA80139_00/eVhpV8rcrds7xmI6rSebFR2tAiAFHJoK78KbmlGBrVE3CPGWed4esEYhc02MNfGLPc0827tPJ5U3AtMax2Kw1wyWpiiRxq5Bt25k7.pkg	MISSING	UP9000-NPUA80139_00-AVAFATPRBLUEPSML			102400	
NPUA80139	US	Fat Princess: Logo Avatar	http://zeus.dl.playstation.net/cdn/UP9000/NPUA80139_00/tav4JlJ95MSi8g1MRsMMOyW2043fntxQiA6NGhj9flCFg97O2Is2dCKCXWoKJES5WeVh1LGAO8DWE6TKYF1nVR1Evbbd8fjC1r302.pkg	MISSING	UP9000-NPUA80139_00-AVAFATPRINCSLOGO			102400	
NPUA80139	US	Fat Princess: Red Warrior Avatar	http://zeus.dl.playstation.net/cdn/UP9000/NPUA80139_00/T6vi2AWD7Rq9qqReGiQagqR53iOeroqhqsTIjAB75FDDnJIJFwDvIHPYe8GSVJtexRtAPuqnDRjbihMV7ntOMyiTKraPWnYWJn1eN.pkg	MISSING	UP9000-NPUA80139_00-AVAFATPRREDWARRI			102400	
NPUA80139	US	Fat Princess: Red Priest Avatar	http://zeus.dl.playstation.net/cdn/UP9000/NPUA80139_00/ScWtPix2VGJ2Umyt8lxyWvP9ywtyQJt0w2NBCIi1Nfd04BOWxpBClbt2DiMFG9OXvc2qUmV9FjgEtc4e3H1X8AtIyogKaNGNfx0pE.pkg	MISSING	UP9000-NPUA80139_00-AVAFATPRREDPRIES			102400	
NPUA80139	US	Fat Princess: Red Ranger Avatar	http://zeus.dl.playstation.net/cdn/UP9000/NPUA80139_00/qDW7aO8xdjQLo1tRu8AnoxDDMHOuEHar2X7sLnvMX3R6pydq0KIFvrqmbQQgO2TRYagBBvsTaSFAdOeFDif252mwWRiqO1xk0oapB.pkg	MISSING	UP9000-NPUA80139_00-AVAFATPRREDRANGE			102400	
NPUB31559	US	Fractal Kitten Avatar	http://zeus.dl.playstation.net/cdn/UP2134/NPUB31559_00/LbgKfDstwYOBEcvrRgZSnCxgYjBezOJSnAxOwvxaYUPNGXyXnHYxFkNWtvVpfheu.pkg	MISSING	UP2134-NPUB31559_00-UATANTRUMD000003			102400	
NPHP00214	ASIA	Tio Plato XMB™ 特選個人造型	http://zeus.dl.playstation.net/cdn/HP0425/NPHP00214_00/dSmkkXEjMTrFxgJFjeLZZWUrwyrdYytuzbxaSuccxDpvofwRDYTTJhhhndvJoVGBIrPLexgXwbelUMGPbFAxaYlbQSlxMGLDSrEhz.pkg	MISSING	HP0425-NPHP00214_00-AVATAR1309TIOXX1			102400	
NPHP00214	ASIA	Rixia Mao XMB™ 特選個人造型	http://zeus.dl.playstation.net/cdn/HP0425/NPHP00214_00/gxzAeDAkMlHKkIxDWmRRSbBJdRchOPejxaSznmSYELCBpibDlgyBWtMjwjDipEPgMCvWtBEyeclNIAcmALxcffvglPohyoqiXdZaK.pkg	MISSING	HP0425-NPHP00214_00-AVATAR1309RIXIA3			112464	
NPHP00214	ASIA	Olivert Reise Arnor XMB™ 特選個人造型	http://zeus.dl.playstation.net/cdn/HP0425/NPHP00214_00/yeCxVoLbDwLmurclOcLTfYGymAkASMxCanFDPnJItiTODLYZoOGafRtWgTGASHSmBgkYbqSetfWxhBPWNVsvtVOsWEIdFrcUfxDAN.pkg	MISSING	HP0425-NPHP00214_00-AVATAR1309OLIVE5			102400	
NPHP00214	ASIA	Estelle Bright XMB™ 特選個人造型	http://zeus.dl.playstation.net/cdn/HP0425/NPHP00214_00/pLkzTaBTpRUxCxhECOLObbywTLUiMQbfVrpdStVQhQkAFrSJWzhHzUfgAJYVRCrllTmsRWejHHOtlNgdjJNWHidGxayjQidjxAuII.pkg	MISSING	HP0425-NPHP00214_00-AVATAR1309ESTEL4			108080	
NPHP00214	ASIA	Renne XMB™ 特選個人造型	http://zeus.dl.playstation.net/cdn/HP0425/NPHP00214_00/HHAiQKLZGIhMdGImpecrigIIBJsOYCmcwHyDMGDzzuVKhdKbNGDgdpexVNupAPTaXZTyeRdOrmizqVUxhAUCdYrBClKlquHTPaHBO.pkg	MISSING	HP0425-NPHP00214_00-AVATAR1309RENNE1			102400	
NPJQ90038	JP	PlayStation®Plusスペシャルアバター8月分	http://zeus.dl.playstation.net/cdn/JP9002/NPJQ90038_00/sxuaxVfpmhLxWGIZIcwTnSgiNadWEYCpewKHayBlPFHJtWGAZeETCfXxOOvNkQvh.pkg	168dc8591da787f57b6f8aee21848b76	JP9002-NPJQ90038_00-AVATAR1406PSPLUS			102400	
NPJQ90038	JP	UNKNOWN TITLE	http://zeus.dl.playstation.net/cdn/JP9002/NPJQ90038_00/AgaWFqrnDbAQGHeaQouXWHMZGMcmyemctrkVbJswvvWpLCLDKrOsnZNbNjnASIsw.pkg	MISSING	JP9002-NPJQ90038_00-AVATAR1405PSPLUS			102400	
NPJQ90038	JP	UNKNOWN TITLE	http://zeus.dl.playstation.net/cdn/JP9002/NPJQ90038_00/SeZCsOrCdNmOHReCMnKJkaXjBehfZSZoDQcvgDpaLUkyNVtayZtTmcPtPEeRuYgr.pkg	MISSING	JP9002-NPJQ90038_00-AVATAR1405PROPA1			102400	
NPJQ90038	JP	UNKNOWN TITLE	http://zeus.dl.playstation.net/cdn/JP9002/NPJQ90038_00/jKGNgRYvCYXRJMRlVrDKVbvTPLUMxXwPgOXdhQRcbmyTbOssEtlGEiwTcEiWliPK.pkg	MISSING	JP9002-NPJQ90038_00-AVATAR1404PSPLUS			102400	
NPJQ90038	JP	PlayStation®Plusスペシャルアバター4月分	http://zeus.dl.playstation.net/cdn/JP9002/NPJQ90038_00/aKcYaJXvDgqfqAFryXEXGJVUFvJWgleHiZxQCbVexMinjUSfUGQCzIyTOhAerxMv.pkg	a27380b48c5188e0ab5fe87d2b0e8327	JP9002-NPJQ90038_00-AVATAR1402PSPLUS			102400	
NPJQ90038	JP	UNKNOWN TITLE	http://zeus.dl.playstation.net/cdn/JP9002/NPJQ90038_00/OVgaqYbYjpbDIvAdEMrJIVuUMVyQoRdrVilgvwVfZFlyAIFcpHIodiPAbJtmlgdq.pkg	MISSING	JP9002-NPJQ90038_00-AVATAR1312PSPLUS			102400	
BLES01392	EU	Ghost Razgriz	http://zeus.dl.playstation.net/cdn/EP0700/BLES01392_00/agGawTckIcvbMnZWDpxfqWsdEdyjpvOncKVepRexsobGLwMGjSGXGBYtRSNFaHNo.pkg	fc5dc615296656bcafba903ee9856d15	EP0700-BLES01392_00-AVACECOMBA000019			102400	
BLES01392	EU	Mobius	http://zeus.dl.playstation.net/cdn/EP0700/BLES01392_00/oOTwfkFPYenHHQhbzengbHRBWqHcJsbHqAVSZdfbuCLrkfuPKYmJAeZoQBJhbQSJ.pkg	ac1ee54b603e73a37dadbf5e3b77afc1	EP0700-BLES01392_00-AVACECOMBA000017			102400	
BLES01392	EU	Aces of Razgriz	http://zeus.dl.playstation.net/cdn/EP0700/BLES01392_00/dRyWKGQQzaDVVsuGostMNEtqbXpmabETVAPkvybFSQZpNeexozigqpCBglTFtcKR.pkg	8153c9b9d4ed284c2e26b8c0ce3f8393	EP0700-BLES01392_00-AVACECOMBA000018			102400	
NPUP10010	US	UNKNOWN TITLE	http://zeus.dl.playstation.net/cdn/UP0102/NPUP10010_00/vbT8K8GxGwLAg9h0cHoay07KTf5aqvXel85kTBW58RMw20u9j6ucSsTmjNQReTTBcG6jbx48qknbq4OUvLbVIWK2ac6g21GlSUBq2.pkg	MISSING	UP0102-NPUP10010_00-AVAMML2DATAFRONT			102400	
NPUP10010	US	UNKNOWN TITLE	http://zeus.dl.playstation.net/cdn/UP0102/NPUP10010_00/YzihxFyNWqSRoQjitrOnPxbmjcMdtCaQotgReSoZDSYlDSEMFMUWHYYGSlptDetTjSWudsZGcDTbMkQuWhfJyGFFserxEAykxlWrl.pkg	MISSING	UP0102-NPUP10010_00-AVAROLLCASKETT00			102400	
NPUP10010	US	UNKNOWN TITLE	http://zeus.dl.playstation.net/cdn/UP0102/NPUP10010_00/sPELHLQBESwUdHoCNxJOAqbgdtCMRyavpwWMSIyBIapxuBTeGYYpepxIQsaHJeopajlLPhWKCAWIIwCAsYfpJJtkxzaEwfLXtpoSI.pkg	MISSING	UP0102-NPUP10010_00-AVANEWSREPORTER0			102400	
NPUP10010	US	UNKNOWN TITLE	http://zeus.dl.playstation.net/cdn/UP0102/NPUP10010_00/oHWzbNmqiixCxuTUWwZXTxagyzXDjLNJBgLoUauCeoWYDKvOkrfWSfffwtGiZvfvqqMjJVzzbmSZnfzJoarSFuknABJEwkGUlWOKD.pkg	MISSING	UP0102-NPUP10010_00-AVATRONBONNE2000			102400	
NPUP10010	US	UNKNOWN TITLE	http://zeus.dl.playstation.net/cdn/UP0102/NPUP10010_00/hEapYOXOyuEObMXoXaIEXgZGDOMgohdqhBaUgHPwEUdUgTpyBNFbRvscOrEMhcXouNFeQinsTokyPOvgEEgMGZrJlhkLSIfJotIUI.pkg	MISSING	UP0102-NPUP10010_00-AVAMMVOLNUTT0000			102400	
NPUP10010	US	UNKNOWN TITLE	http://zeus.dl.playstation.net/cdn/UP0102/NPUP10010_00/DwnhxgyKuplOQDAQgOndznhFXkYomGcBanBadUoQRHpUOTDTcILjYNueYDGaPyjZGRvVEYaRlWoHaNQscAnIjCKbtWDemLdQZhikn.pkg	MISSING	UP0102-NPUP10010_00-AVASERVBOTTHROWG			102400	
NPUP10010	US	UNKNOWN TITLE	http://zeus.dl.playstation.net/cdn/UP0102/NPUP10010_00/KqjnOvSFuUCewHdmMMfrcVNjoOwaCgLqcgcguafrqivOvpRQEweZNAdSoPCvEIJpuyyPceVZWIrhRnlhYtPCBRlLtGrZGoqmGnewX.pkg	MISSING	UP0102-NPUP10010_00-AVASERVBOTSWEEPG			102400	
NPEA00391	EU	Jon Burgerman Avatar (PS Plus)	http://zeus.dl.playstation.net/cdn/EP9000/NPEA00391_00/ItbHpCdcqenVIygwkBXXODfacfAvTOAwpqjKzglncAZvyPGhaIXGWrFPJILbYCZS.pkg	7a414565c569f5e4ee0b93dd15e5d549	EP9000-NPEA00391_00-AVASTUDIOJBURG14			102400	
NPEA00391	EU	Jon Burgerman Avatar 1	http://zeus.dl.playstation.net/cdn/EP9000/NPEA00391_00/VdmVbADAIXtnxvNGKeEJdqRqUdMGPqwQRnkQIJhloiAHcXSbXvSzngzwtjPyOLpr.pkg	MISSING	EP9000-NPEA00391_00-AVASTUDIOJBURG01			102400	
NPEB00384	EU	Ghostbusters!	http://zeus.dl.playstation.net/cdn/EP0182/NPEB00384_00/zwZFTaKPUdgAevZXRgMssKyQfJhRbtHhauGURGBOZdSLENZlHJvPzhdfRVUtbNGq.pkg	64e9567ed70058f0ff1546793fed9c22	EP0182-NPEB00384_00-AVGHOSTBUS000001			102400	
NPEB00306	EU	Explodemon Avatar - Explodemon 1	http://zeus.dl.playstation.net/cdn/EP4185/NPEB00306_00/GoLCkyvBGhpKolKArzyjfYnigezLIUBQkEIBCuugDyXCTptLDneejaszqQOxcvOu.pkg	MISSING	EP4185-NPEB00306_00-AVEXPLODEM000001			102400	
NPEA00143	EU	Mouth Avatar	http://zeus.dl.playstation.net/cdn/EP9000/NPEA00143_00/PUbhrnrgIRHInxgsQQsmdOKiAtdMdCfnvtadPlEHmNHooblEEoHAHCtpFiHTQAoS.pkg	MISSING	EP9000-NPEA00143_00-DNAMOUTH00000001			134720	
NPEA00143	EU	Hero Avatar	http://zeus.dl.playstation.net/cdn/EP9000/NPEA00143_00/ObBhHZiFdJmUYUMYLrPBRzdHLOVObhiDatTbgzNzekgriieoQaHOAigafjqfCeyg.pkg	77343464b98e94c03a522fae63a11a44	EP9000-NPEA00143_00-DNAHERO000000001			127792	
BCES00483	EU	Blue Goalie Avatar	http://zeus.dl.playstation.net/cdn/EP9000/BCES00483_00/lT28KqLEB32qT8yQTPR80w806FMl1MiYmANYlpU4Xyr1oNY6gjfYva3M24G1dXUVNePC1ojyeRUcWR9kVN09fO4Jjr6i8pmbNIjRx.pkg	273e89055f2e91ff50e8a41168dfeb58	EP9000-BCES00483_00-AVAEYEPETBGOALIE			102400	
NPEA00054	EU	Ed Avatar	http://zeus.dl.playstation.net/cdn/EP9000/NPEA00054_00/gq1iekIBRs0oelyq8K7YyVgT8o6MVH4JGuH2ODPlIkbprwSCUGjNPbh9tfWK68uR.pkg	MISSING	EP9000-NPEA00054_00-AVAPAINED0000000			102400	
BCES00141	EU	Marvin Avatar	http://zeus.dl.playstation.net/cdn/EP9000/BCES00141_00/BE7M1jBjje3lbPpROr9FNXsW9VGUWMIMdAUAjMWkc1NE6XN6tqgnDY89e3Dl6eeMcHnfeBjDvrYU1mIu37Rj24IP36nMFW8C1V9WR.pkg	41145f32a1bde2db38b000471c8a2e61	EP9000-BCES00141_00-AVLITTLEBI000006			102400	
UCES01421	EU	Oohoroc Avatar	http://zeus.dl.playstation.net/cdn/EP9000/UCES01421_00/VomHIxhYFVcYLHQgGZLjvLLQlYBKMSRhcSWoipNHikamGLtidikuhyuhLYnXLgtq.pkg	2fc1fef6f27ece2edd61b994fc5f9ea3	EP9000-UCES01421_00-AVAPATAP3OOHOROC			102400	
UCES01421	EU	Manboth Avatar	http://zeus.dl.playstation.net/cdn/EP9000/UCES01421_00/TeihiszPgxuOWtVtHHiZqGGawSTlFaxFIadBMgzLJiqlBgbrMfcJKpYjKjHiIyPq.pkg	ecfd1e978b1daf60b75d328e17588edb	EP9000-UCES01421_00-AVAPATAP3MANBOTH			102400	
UCES01421	EU	Gaeen Avatar	http://zeus.dl.playstation.net/cdn/EP9000/UCES01421_00/yBJSUrdyTAGRvYPpvdHgdhOIiZYncTaabKaGAHcQEZNVeHlqxYFUGFSxRhtGqsTc.pkg	28543f7dd329d2fdce110e6df25cfa7f	EP9000-UCES01421_00-AVAPATAPON3GAEEN			102400	
UCES01421	EU	Cannassault Avatar	http://zeus.dl.playstation.net/cdn/EP9000/UCES01421_00/ieDOfoNYHbFRgoEUkODUeYVPJnmqMjRRczAlcXhIbucGTgHwSBTDAFZpeotPAUxj.pkg	b9f938e59e2f23eb5d89efdea3f1a3c4	EP9000-UCES01421_00-PATA3CANNASSAULT			102400	
NPEB00474	EU	1000 Agent Avatar v5	http://zeus.dl.playstation.net/cdn/EP4312/NPEB00474_00/mDwmaOIeOYspixeouXsRCizSRngEsdYOkPhzsyIWvnapnBXIrLwPiYrAknqlPsno.pkg	MISSING	EP4312-NPEB00474_00-AVSMOBILET001169			102400	
NPEB00474	EU	1000 Agent Avatar v4	http://zeus.dl.playstation.net/cdn/EP4312/NPEB00474_00/mUBdWWYDAoApIzyAAhYzuDVoaNyDULJNFequLubTIukDyfZNZOOzUFPFeaDkzRAg.pkg	MISSING	EP4312-NPEB00474_00-AVSMOBILET001168			102400	
NPEB00474	EU	1000 Agent Avatar v3	http://zeus.dl.playstation.net/cdn/EP4312/NPEB00474_00/tlSQKEbxWbijsZTHGoAUfvcXbozstJHczrGVJueIJWHtbSCXRGyMvEWImVfSvQUZ.pkg	MISSING	EP4312-NPEB00474_00-AVSMOBILET001167			102400	
NPEB00474	EU	1000 Agent Avatar v2	http://zeus.dl.playstation.net/cdn/EP4312/NPEB00474_00/uQUOABmPEFDZyrcvqMyrJYROflRUFGwAtPYFRLZbeIfNjXSurTITSeogEjaFuFLR.pkg	MISSING	EP4312-NPEB00474_00-AVSMOBILET001166			102400	
NPEB00474	EU	1000 Agent Avatar v6	http://zeus.dl.playstation.net/cdn/EP4312/NPEB00474_00/ktMhdvKzsULcVbNNNWKoaQevyqNeenrLPDUrOdLMvMYDhViLtEWcHSwVrPxYACFM.pkg	MISSING	EP4312-NPEB00474_00-AVSMOBILET001170			102400	
NPEB00474	EU	2015 Avatar Rd	http://zeus.dl.playstation.net/cdn/EP4312/NPEB00474_00/imvgLQQRAyjSLLXMnbrkIVLpqgwbCldEKLyWGyxQRfuDZoBTdQgNwVNnQmAshNWG.pkg	MISSING	EP4312-NPEB00474_00-AVSMOBILET001158			102400	
NPEB00474	EU	2015 Avatar Bl	http://zeus.dl.playstation.net/cdn/EP4312/NPEB00474_00/ODSLgvjrgTWAknvsRbyBrJsLKcTkyHKZVZSTSFJgZjNktMLEnJAnlyTjihxOUlQt.pkg	MISSING	EP4312-NPEB00474_00-AVSMOBILET001157			102400	
NPEB00474	EU	2015 Avatar F	http://zeus.dl.playstation.net/cdn/EP4312/NPEB00474_00/hPkJzHTBxMxCWAIRcZesSrzKQvobaWXEDfGsegMSoSYWeBgErXdXOzeJYdpBSkkM.pkg	MISSING	EP4312-NPEB00474_00-AVSMOBILET001156			108400	
NPJB00599	JP	『P4U2』アバター「里中千枝」	http://zeus.dl.playstation.net/cdn/JP0005/NPJB00599_00/YWIPUOeJGUVIpxJrFAXhzgWlJpnjyTdQeAslcUkBbekjYsjPwMkTASgOJFyAerUZ.pkg	MISSING	JP0005-NPJB00599_00-AVATAR1407U20003			115552	
NPJB00599	JP	『P4U2』アバター「主人公（鳴上 悠）」	http://zeus.dl.playstation.net/cdn/JP0005/NPJB00599_00/fnAZZgHvBsfJodUazfnoPjXVpxEmDcPjkqeuKKbhkuuFIjrPLmcewbTjLRVijIUQ.pkg	MISSING	JP0005-NPJB00599_00-AVATAR1407U20001			102400	
NPJB00599	JP	『P4U2』アバター「花村陽介」	http://zeus.dl.playstation.net/cdn/JP0005/NPJB00599_00/JwJYOTYYYpGbozcBPTqhthTwJRJkDyoVTbCVdjjkOGhBdYHpPxdsdahZHELKxJaM.pkg	MISSING	JP0005-NPJB00599_00-AVATAR1407U20002			108176	
BLUS30453	US	UNKNOWN TITLE	http://zeus.dl.playstation.net/cdn/UP0102/BLUS30453_00/PWBMM7CtGN8t2Spdum8vBtU1R62WdBVUuSAKUwwhxI1K59KVfVx1aFC2X8U4DpalOH0wylQJbWHd1Y1EUAPVDlixkUFPa3vEj7s1J.pkg	MISSING	UP0102-BLUS30453_00-AVASSFIVGUY00000			106720	
BLUS30722	US	UNKNOWN TITLE	http://zeus.dl.playstation.net/cdn/UP0102/BLUS30722_00/JhYCCISqQevYTnAoqwVxZFBNlJJNRYGREfvrEiGgkuscpqHlaJxKrELhAUsXlEIPYaMQLYiDvKkZRghTgngNqFYWrbQScgqbctzBU.pkg	MISSING	UP0102-BLUS30722_00-AVASFXTKROLENTO0			118528	
BLUS30453	US	UNKNOWN TITLE	http://zeus.dl.playstation.net/cdn/UP0102/BLUS30453_00/yhIPliqlC0eJAO3hp86cCmvaU7LuDpMWq9RaK1vQAJl6WxsjKHRSbUbEdVlATvGGrtUHBdWDD1LEu1vXNXP5xFtwXm8JGO1v43DIo.pkg	MISSING	UP0102-BLUS30453_00-AVASSFIVRUFUS000			106912	
BLUS30722	US	UNKNOWN TITLE	http://zeus.dl.playstation.net/cdn/UP0102/BLUS30722_00/ZJaRdqCnJJWmeJRMthdwMoWfsGWbSkUEcWQCvsBnxRdqtkMNsyIHZLYkQEmkxFrxlPuHBbpRUGOuXopLXSaDMyHEmvbljgPCkOuaz.pkg	MISSING	UP0102-BLUS30722_00-SFXTKGUILE000000			106624	
NPUP10006	US	UNKNOWN TITLE	http://zeus.dl.playstation.net/cdn/UP0102/NPUP10006_00/585ti8rrv37wwnXXoRmAbpn4KYtApwr0hR7pHmOwSbmscHQ7VRQA0oVgBpS4SGH9NOT6by8OdrgYiy15W6JnBe9O5BslEdM8CBUxb.pkg	MISSING	UP0102-NPUP10006_00-AVASFSAGAT000000			102400	
BLUS30722	US	UNKNOWN TITLE	http://zeus.dl.playstation.net/cdn/UP0102/BLUS30722_00/DymPupRTWEYKjJNKPrqCVoVZycCRQbdMCUUVtUhCodFZQKpfJCmHVRjvWswadgOgZKQnkfLIQJFxrHSxJwKayllliiiRuJgRgQLNB.pkg	MISSING	UP0102-BLUS30722_00-AVASFTKABEL00000			132576	
NPUP10009	US	UNKNOWN TITLE	http://zeus.dl.playstation.net/cdn/UP0102/NPUP10009_00/GmSxgbMmrnBPABondcCuPlOnkUjOOJTfAzdFvnLYHRwyqcGBwxEZxquMahyaMYsPFGRnlpVBDXdogALNnxCvBjgesmHxxgJLogBWA.pkg	MISSING	UP0102-NPUP10009_00-AVASSF2SAGAT0000			102400	
NPUP10009	US	UNKNOWN TITLE	http://zeus.dl.playstation.net/cdn/UP0102/NPUP10009_00/OKVPReCULPcvRbhdidueGmZqwiWlPiFSYTZFSFFvxoTBjsJcYJgEDKYLSwRgWhldhOjPibiOqDmmcGDhTwsbqfTnBveeoFBonuTbe.pkg	MISSING	UP0102-NPUP10009_00-AVASSF2KEN000000			102400	
BLUS30453	US	UNKNOWN TITLE	http://zeus.dl.playstation.net/cdn/UP0102/BLUS30453_00/mVDZGFHXaCtaaSiPcpuPrYfNwaAnhwNszNAenPksKgTTeluldoXpUAJrCNuJLgikVKSpNAIZpTkdoLkVbMqGPwgUkWpmyHXpqAMMC.pkg	MISSING	UP0102-BLUS30453_00-AVASSFIV8BITHAWK			102400	
NPUP10005	US	UNKNOWN TITLE	http://zeus.dl.playstation.net/cdn/UP0102/NPUP10005_00/iBZDmiGJkZEufMOVOaRJchXqXfHqZgogwTyMGdbQJtKzWGFNFdVhRzzGXmWeGuguPGDDJeNYVcRWkdrJKsUjKGyQDCEUlhCmIKxoT.pkg	MISSING	UP0102-NPUP10005_00-AVASFALHPA3AKUMA			102400	
NPUP10005	US	UNKNOWN TITLE	http://zeus.dl.playstation.net/cdn/UP0102/NPUP10005_00/Kx9WPmx3qNdRVMgNDUvg9iViBX8eWPwS3MDYlmxKrNrWT4E7xGP7vhPFGU4BCLnAfrMsJtfH3L7S8QSfDEMDK3FQ4eKnhNuBpeBIW.pkg	MISSING	UP0102-NPUP10005_00-AVASFALPHA3RMIKA			102400	
NPUP10005	US	UNKNOWN TITLE	http://zeus.dl.playstation.net/cdn/UP0102/NPUP10005_00/ezCobDZpjsPJNXbFpQJqBfWIeudBvScaAlHDyOWXPQlOlucdQhWYVaYnYjmIsLfOeLBuFxYcdYnyAkYhQraXimIZasRzChAGcyJVD.pkg	MISSING	UP0102-NPUP10005_00-AVASFALPHA3GUILE			102400	
NPUP10005	US	UNKNOWN TITLE	http://zeus.dl.playstation.net/cdn/UP0102/NPUP10005_00/fTVkWAqtrtcCgDOXUfAFiuiayBYAfHywqcntVbTccXIRDOEaMAJPkVeKFPIDfDGkgSXxQwsMXHJMoqsjYyYQIMONgdfHdnZyhHrJK.pkg	MISSING	UP0102-NPUP10005_00-AVASFALPHA3KEN00			102400	
BLUS30453	US	UNKNOWN TITLE	http://zeus.dl.playstation.net/cdn/UP0102/BLUS30453_00/DbWAqhlghX0bx7tBXILXb24cHnoJ027THusB48KVWbFhKl8rvDx7FQ9Ncl60Rln20rAhjpOig3LWTm6WyXGSkrqTJgpfesWYKm28u.pkg	MISSING	UP0102-BLUS30453_00-AVASSFIVADON0000			112832	
BLUS30793	US	UNKNOWN TITLE	http://zeus.dl.playstation.net/cdn/UP0102/BLUS30793_00/sRpcnCbeynwjjkRWmodAUHfPvudFzlmyVnzkYDIltpnAWILQhdSNDQOPBiNggGCYfAFFKBatMDCnpsJxDmghIPVOuEUwcGpkBBdxJ.pkg	MISSING	UP0102-BLUS30793_00-AVASS4AEEVILRYU0			122528	
NPUP10009	US	UNKNOWN TITLE	http://zeus.dl.playstation.net/cdn/UP0102/NPUP10009_00/MwQzoKEheYRYMODptLyOTQCCJXwAwTswKglMmDPsnNteSIqJHQjpIkpIqnclWGHfVwYvHXELEAeRwwceeKYXuSJKCqHBSQOPGEzKX.pkg	MISSING	UP0102-NPUP10009_00-AVASSF2VEGA00000			102400	
BLUS30722	US	UNKNOWN TITLE	http://zeus.dl.playstation.net/cdn/UP0102/BLUS30722_00/qHmBtcBqEUZmxxkXOUsafiiwMXvupWmjMdQyEXJvtTUzqlpjFpuycBDguZEtjDqPmiyXCxnbyKPCROuNCDHUENgzOLGXyGCKkVvBn.pkg	MISSING	UP0102-BLUS30722_00-SFXTKCAMMY000000			107200	
NPUP10005	US	UNKNOWN TITLE	http://zeus.dl.playstation.net/cdn/UP0102/NPUP10005_00/NannNmEUIrzWGVigPkXvoyOqTNVsnqRvOKzKnaUIFrOsKtWFIviDMCXCzUOGsXvwbrtUuclJNFRNdplonQMdXqhCfsYtrkVGQbEKV.pkg	MISSING	UP0102-NPUP10005_00-AVASFALPHA3ZANGI			102400	
BLUS30453	US	UNKNOWN TITLE	http://zeus.dl.playstation.net/cdn/UP0102/BLUS30453_00/3QcxHCgq9HmlxeFj1qpOocd1IKMnJmpYsmp4cmPuww1Bo1lFHe460Lgk37KDdBwMGFuYxDrDTACXPi7PHGvlK8kX5EHlbQ67dij6F.pkg	MISSING	UP0102-BLUS30453_00-AVASSFIVJURI0000			110944	
BLUS30722	US	UNKNOWN TITLE	http://zeus.dl.playstation.net/cdn/UP0102/BLUS30722_00/EITwvCEnsqLdfmveZLfgYxyCSdfXKDxKPtUshcPcntPdtLXqHTfQGmcXRAUHdfDaiMWGsIpxDPKdJTQkbNwpxmytExtdAQnoWloAV.pkg	MISSING	UP0102-BLUS30722_00-SFXTKJULIA000000			122064	
NPUP10005	US	UNKNOWN TITLE	http://zeus.dl.playstation.net/cdn/UP0102/NPUP10005_00/aGdPvPAPttUBlQdNIlSdqQckkpygyonDerqLgDLlYLEpagEzCQUGKKIKfsyJYYraCdFVfQBNJeYMxaHAjWTbKBOEpZeFYsMiaPApi.pkg	MISSING	UP0102-NPUP10005_00-AVASFALPHA3VEGA0			102400	
BLUS30722	US	UNKNOWN TITLE	http://zeus.dl.playstation.net/cdn/UP0102/BLUS30722_00/mVVHIfDNTnoVerYgxYEQAZGGzXqTzVliCHDcvuscjlBblOTYtahTkPKFjeXidRyygJoOFKmvWYEXUUHWiXDOMNTnMDGDzvnDfwMZV.pkg	MISSING	UP0102-BLUS30722_00-SFXTKNINA0000000			126208	
BLUS30722	US	UNKNOWN TITLE	http://zeus.dl.playstation.net/cdn/UP0102/BLUS30722_00/JgxMLTxnsIrzXBCVaryeHrIrVvWOhVGXIHBKRBsTEhwBtgFvzcVavLYRHlbYDnaWtyCnYNkTEEuupqBEzOyBtUEaXGhPUydtdmpuK.pkg	MISSING	UP0102-BLUS30722_00-AVASFXTKJURI0000			102896	
BLUS30722	US	UNKNOWN TITLE	http://zeus.dl.playstation.net/cdn/UP0102/BLUS30722_00/bIzZkoMFZjlybKBWwSGOAduEykxqRDGbFtRzvULGABFbxoiKfmAbHtKiIxlFYVCJBDRBkQCxFapWjUretjCOTYUTUmViYrYQxSAdu.pkg	MISSING	UP0102-BLUS30722_00-AVASFTKNMBISON00			102400	
BLUS30722	US	UNKNOWN TITLE	http://zeus.dl.playstation.net/cdn/UP0102/BLUS30722_00/oNneJvkavFpmjCSDApKUXblYMHWOLwNfnqYIjOLrqGsIYpbsaeKNifAWFLEWzRuYFrcPQszgpMuVBLYZnubRGNsrNoiCfVpKzmOji.pkg	MISSING	UP0102-BLUS30722_00-SFXTKBOB00000000			121696	
BLUS30453	US	UNKNOWN TITLE	http://zeus.dl.playstation.net/cdn/UP0102/BLUS30453_00/miXAunKppnPzPYjHotVkGvhkfnGZXpOgexPPThrextUJCbqcXEdvTemcvUMRSKDHMkkDVxHEeDyswnvsAMZveuFOpzaqVFvxSFliL.pkg	MISSING	UP0102-BLUS30453_00-AVASSFIV8BITCAMM			102400	
BLUS30793	US	UNKNOWN TITLE	http://zeus.dl.playstation.net/cdn/UP0102/BLUS30793_00/cqniaxtphwdVuQTOFGusAWbMmOGkwbdSLvYzGfYwBdceQzMWVRyleMUqLQwTdTxbfpsRbeusuDvucxaiAdLgFBCsLzufWBIBFxLVz.pkg	MISSING	UP0102-BLUS30793_00-AVASS4AE8BITKEN0			102400	
NPUP10005	US	UNKNOWN TITLE	http://zeus.dl.playstation.net/cdn/UP0102/NPUP10005_00/2Mr12UblUaCuty0IVrF9b3aQDb248jgGMrcwbCOcenMbhxljn31EhvsyhNQJQCUWjteX7E8YfpsmYRiVrk8xxKejejoqlBKwRWcpp.pkg	MISSING	UP0102-NPUP10005_00-AVASFALPHA3BIRDI			102400	
BLUS30722	US	UNKNOWN TITLE	http://zeus.dl.playstation.net/cdn/UP0102/BLUS30722_00/KsiVudKcCcSvyirjesgcamNjQPaRJTmnZfZZbQPKIlDgehjXEOBdoPcrhuZrITwNrDlBycNXwRKvaauZTTUzefdwdJCVfnazHcCQI.pkg	MISSING	UP0102-BLUS30722_00-AVASFXTKHEIHACHI			131728	
NPUP10005	US	UNKNOWN TITLE	http://zeus.dl.playstation.net/cdn/UP0102/NPUP10005_00/TzVolOJJbhRbzKBJSAIUsNdBWyGmFleTkSFbbWchUlSXUBWQltNvEJlYlPxDdPXvniFVVeyjBDSbIoLWLMNmpkeYbmbYmguKCdBmD.pkg	MISSING	UP0102-NPUP10005_00-AVASFALPHA3EHOND			102400	
BLUS30722	US	UNKNOWN TITLE	http://zeus.dl.playstation.net/cdn/UP0102/BLUS30722_00/QZGDtZFwiiBXiXpQJijfwioBXUQfIeEZjXyVakGmdyFLsdqHXZFRZmLnMlwVHxEwndezrdEiVTRWLvddRGdufEDiOsZCcYSShgdJe.pkg	MISSING	UP0102-BLUS30722_00-AVASFTKMARDUK000			121616	
BLUS30453	US	UNKNOWN TITLE	http://zeus.dl.playstation.net/cdn/UP0102/BLUS30453_00/0hteRoOGbX3yKTDr8GBvdR9ry6HQQ8Vn0mUk80kpB7PIjrdR5h4g6PVwKSP7Vns45WQe1kX34A2ABdYPdAp1MNIEECoaTk9kiWB1c.pkg	MISSING	UP0102-BLUS30453_00-AVASSFIVVEGA0000			110608	
NPUP10005	US	UNKNOWN TITLE	http://zeus.dl.playstation.net/cdn/UP0102/NPUP10005_00/whUAcEhSGcukQegieYVVNBGUbVZpJLwdwSUyOgEXByOUhgrVggqhFHbOjOxDZfxQezoWevdqxNllVmbFdxfmZtBNQhVDnnwUrPFhV.pkg	MISSING	UP0102-NPUP10005_00-AVASFALPHA3GEN00			102400	
NPUP10005	US	UNKNOWN TITLE	http://zeus.dl.playstation.net/cdn/UP0102/NPUP10005_00/NItuwgEorXWUOAPkKGymoXEHeMBciAdyyZanrEFYXrtxQkypzbYlHGVhLMvLoMDIGeQZtHfoLhutXRzxIiPAGgcVXQHeCiwSvEhZe.pkg	MISSING	UP0102-NPUP10005_00-AVASFALHPA3BALRO			102400	
NPUP10006	US	UNKNOWN TITLE	http://zeus.dl.playstation.net/cdn/UP0102/NPUP10006_00/6G7Jq5lSQN21XqGH9Gcxqk3qJTTJScc5k76GM1BkGKMC3bDNpCqu79RO8Hu4lQorONVIfQCfMyV6hQvfcykymLNM10BDUIvrOUBlG.pkg	MISSING	UP0102-NPUP10006_00-AVASTREETFTGEN00			102400	
BLUS30453	US	UNKNOWN TITLE	http://zeus.dl.playstation.net/cdn/UP0102/BLUS30453_00/fk1i0k6rbArB0WnwoPLddbMKMSuKbu3qgjcDmyJwMvwD7XR86h9wp4nt5AsVAsaIxFhn2JJLIeOobQ4usfCKLL9sp3xXpIqpBpj7T.pkg	MISSING	UP0102-BLUS30453_00-AVASSFIVDAN00000			110752	
NPUP10005	US	UNKNOWN TITLE	http://zeus.dl.playstation.net/cdn/UP0102/NPUP10005_00/wjKwXcQwJhWMnAiRDAbTzCyJHMxsVJHnHjqwbiIaLKxrsypPkGHdIAQeTxpJVaDBNViQchhsAwIkBDXfASryxCjIhPkoWwpampIis.pkg	MISSING	UP0102-NPUP10005_00-AVASFALPHA3SAGAT			102400	
NPUP10005	US	UNKNOWN TITLE	http://zeus.dl.playstation.net/cdn/UP0102/NPUP10005_00/JsaNdyQQ1U6jxDf6yQb5AHEJA3nGL2OmsMQXxLrt1EOCSmfWtRIVlSpwWIjtI0YNJmJbI5W0NvfT2ERuaTaeVBho9C8iuadcfCkqt.pkg	MISSING	UP0102-NPUP10005_00-AVASFALPHA3JULI0			102400	
BLUS30453	US	UNKNOWN TITLE	http://zeus.dl.playstation.net/cdn/UP0102/BLUS30453_00/DbySer76MXdxsc8IVvmpr7091U3NmUXiTdkpkm0ePrAdgGA8ThU8lA1fpxxylMtBudPXbs6LbTp8e9Na0CtDahpxbdRSTU4naewT0.pkg	MISSING	UP0102-BLUS30453_00-AVASSFIVKEN00000			127184	
NPUP10009	US	UNKNOWN TITLE	http://zeus.dl.playstation.net/cdn/UP0102/NPUP10009_00/FXqukuGuvkYXjiDjqEdwcHWuIuzTmYnkYXQXBYTWjDtmmTCdZblTGiNgnBTVLIlTdXeRLfcTjYFWZVICvsTqzBBzEBnQWtmpurPgb.pkg	MISSING	UP0102-NPUP10009_00-AVASSF2DEEJAY000			102400	
BLUS30722	US	UNKNOWN TITLE	http://zeus.dl.playstation.net/cdn/UP0102/BLUS30722_00/qcYPvBGjvqEewoOWqSjiEyYLKzoeqPUCcsGnLRSKNEEukGFFnCEWbvNJduLLIrhQvoPncYZADyMmmzXXRnfeSIaLlNZjskbbKMwck.pkg	MISSING	UP0102-BLUS30722_00-AVASFTKHWOARANG0			112464	
BLUS30453	US	UNKNOWN TITLE	http://zeus.dl.playstation.net/cdn/UP0102/BLUS30453_00/fESYGvZNLZeGLaIDCirVKhNZNtGkIUXeSXbOwijOUBgrmorOWdDqMYXxHtLDITNSYOXlTyxxjXHBpQdOOGLOxWUDxEgOzYJajMInY.pkg	MISSING	UP0102-BLUS30453_00-AVASSFIV8BITSETH			102400	
BLUS30453	US	UNKNOWN TITLE	http://zeus.dl.playstation.net/cdn/UP0102/BLUS30453_00/uRpThsrhTwVPmOVQUGaCwxQiDtVzrPzpocmHndgjDeXpZAjCuwPDojkFFTZqJVvhRxRsCblqmiwqSBCBNQMwHQGtNbepVDgbkVybB.pkg	MISSING	UP0102-BLUS30453_00-AVASSFIV8BITSAKU			102400	
BLUS30453	US	UNKNOWN TITLE	http://zeus.dl.playstation.net/cdn/UP0102/BLUS30453_00/MwDlrjbETpPIdEQMXmwdZeDTqIDpnuxrDEzggavXylGdIpGRRfOpZbUrNYNdgIkYoQTTuMmijGLyhBeClTzdYBvTzWxrfdwDBqxrH.pkg	MISSING	UP0102-BLUS30453_00-AVASSFIV8BITAKUM			102400	
BLUS30793	US	UNKNOWN TITLE	http://zeus.dl.playstation.net/cdn/UP0102/BLUS30793_00/lvRoCMAaIQFQfKIeuONvGjrNiFTwVBPxdpnhRlnZEMPTShXOpdQFHqHSGQPrZYOtYIoYKpBcWdMLIGijhFpFwDKWycmqCkgujPyIT.pkg	MISSING	UP0102-BLUS30793_00-AVASS4AE8BITJURI			102400	
BLUS30453	US	UNKNOWN TITLE	http://zeus.dl.playstation.net/cdn/UP0102/BLUS30453_00/eKfpef883wUN2IQtGPkqxBn0qg2mfDrndaGkqireVbsnhGnXwh8CLUe9VueUPJHkd8OpxQ3P9eMaVIBT4XamMINMCjW0LSmHxppys.pkg	MISSING	UP0102-BLUS30453_00-AVASSFIVGEN00000			119360	
BLUS30453	US	UNKNOWN TITLE	http://zeus.dl.playstation.net/cdn/UP0102/BLUS30453_00/dUuHyWb5kKDUKWyBOrKHtk3L1GpuqR639BSnu89n9HKrA0inIlF7RyYo5TbQSJ2DfuUo3siCF7pLITaGA0LHN8wDDr2eviBR3LMES.pkg	MISSING	UP0102-BLUS30453_00-AVASSFIVCHUNLI00			124704	
NPUP10005	US	UNKNOWN TITLE	http://zeus.dl.playstation.net/cdn/UP0102/NPUP10005_00/fUYOlvHbekUljBzBDhbooGdZTSgqtCzfBJoQnhVzLjgiQpKvLOpiFBllYpQrzqbllsdRTZghIYcQJLDFOmtayfByiItyqOEtKGeaJ.pkg	MISSING	UP0102-NPUP10005_00-AVASFALHPA3CODY0			102400	
BLUS30453	US	UNKNOWN TITLE	http://zeus.dl.playstation.net/cdn/UP0102/BLUS30453_00/qbAjloWCHdFhthTICsULDWgFHYWXXZiCQdavinoPSmqtDvBxVQsGahMcBnjnjHJigejsEZSoZYREBBxrITUthVQucqYxldvBhPbOY.pkg	MISSING	UP0102-BLUS30453_00-AVASS48BITGOUKEN			102400	
NPUP10005	US	UNKNOWN TITLE	http://zeus.dl.playstation.net/cdn/UP0102/NPUP10005_00/DUjPTmbwvXFoFhcvOmgQDpYGXDyrRrCPupimCnzrhGUntTsrjMjAvzkOSAjuYtwkhHbLwvlvUeBrqiAKzcofyUvQGYKCWqcuFXPlB.pkg	MISSING	UP0102-NPUP10005_00-AVASFALHPA3CHUNL			102400	
BLUS30453	US	UNKNOWN TITLE	http://zeus.dl.playstation.net/cdn/UP0102/BLUS30453_00/bFzMAwypWQtaoPWtamkzgXYjccldYDpHwScBnPIThhCnnRRulEFXsmUgWmGNViIDPPMzTUGjztPAalhljbXXUDdvQzLmLPEfqZcPr.pkg	MISSING	UP0102-BLUS30453_00-AVASS48BITDHALSM			102400	
NPUP10006	US	UNKNOWN TITLE	http://zeus.dl.playstation.net/cdn/UP0102/NPUP10006_00/6fhqXOjaKlRD0BdxXiBciIcDNgL5wDDIh54OlgFTuE63UTfXrkihpM2pASpcgb1hsPG1OGngj22EtYjeEri4Sg0xoLnmTnaxsnD5u.pkg	MISSING	UP0102-NPUP10006_00-AVASTREETFTEAGLE			102400	
BLUS30722	US	UNKNOWN TITLE	http://zeus.dl.playstation.net/cdn/UP0102/BLUS30722_00/HYQeLIOlbACOXsYDcObAseGEbqCovMhWafuRxhxlXyufQqQlkUnaTYGruWHpBRMNBPkeDLPkezJvDVawBNZFMlePdvjYncbLypdxw.pkg	MISSING	UP0102-BLUS30722_00-AVASFXTKLING0000			110336	
BLUS30722	US	UNKNOWN TITLE	http://zeus.dl.playstation.net/cdn/UP0102/BLUS30722_00/EqKgCGLiSaeWDPomedRicXXQTofbbeWyTbBVVwUgBMMYJUiLHEsnptlUPbFyDBswimGGEJnnhHEhmHwMWmgJBRrGUmnWuDuUzDyCI.pkg	MISSING	UP0102-BLUS30722_00-AVASFTKNBALROG00			127392	
BLUS30453	US	UNKNOWN TITLE	http://zeus.dl.playstation.net/cdn/UP0102/BLUS30453_00/kwH3xjH30PrjaoSYlSBftv5E9rlxpPGmwoq7dkLrtPVY64XiWh2fIRlyM4XxWHajxHqegqQ3xCJ9r9fCIirwpCSc39w90BNsc0GJm.pkg	MISSING	UP0102-BLUS30453_00-AVASSFIVCAMMY000			113200	
NPUP10006	US	UNKNOWN TITLE	http://zeus.dl.playstation.net/cdn/UP0102/NPUP10006_00/uvvfRv7mAMHpFtxhD7C08947dT08k7FrQqLsUmaopT7bnvwIxLOUqH4HC2ht60JY95mPyjf9mimiebYWXGO4xfbFl0gEGs0kHDl3C.pkg	MISSING	UP0102-NPUP10006_00-AVASTREETFTJOE00			102400	
NPUP10005	US	UNKNOWN TITLE	http://zeus.dl.playstation.net/cdn/UP0102/NPUP10005_00/kflOrwmMcYTAODwZbzEEOdZoDtuXUHnVmJTqdtvIOAnvVGKCiGwLQhIGrBYFcHiAeJVarxKXjRfipdCVptbalAYVvvmtNNKOJncdM.pkg	MISSING	UP0102-NPUP10005_00-AVASFALHPA3DEEJA			102400	
BLUS30453	US	UNKNOWN TITLE	http://zeus.dl.playstation.net/cdn/UP0102/BLUS30453_00/EqaBpEcpvPmTVxamfWxwYjlWoUPJVByOaVpQLubVTzokidEoQPFlBtqSTeIRuQdHFSqmQpkajRgCSBjfIItNqvwTgxzFxRgWxtYNr.pkg	MISSING	UP0102-BLUS30453_00-AVASS48BITDUDLEY			102400	
BLUS30453	US	UNKNOWN TITLE	http://zeus.dl.playstation.net/cdn/UP0102/BLUS30453_00/CNU437qXCpvJRtvXMMhMACdjbnPctFYj5xcGSS2HVR0b6VjkGntU8HYFmV0DKHpSliyaG2PnFpa4WFgArHYIphkWoySajrgli6pQI.pkg	MISSING	UP0102-BLUS30453_00-AVASSFIVAKUMA000			124048	
BLUS30722	US	UNKNOWN TITLE	http://zeus.dl.playstation.net/cdn/UP0102/BLUS30722_00/gTTIUBUzAppBnQtwPzwoDQzFGwEkbSSjYrKKGdpWdGgFYHSdQtBItetvWVArdAvowKtaVTuhHjuZBTeQhTgwsfijWLWVTwRRsigNe.pkg	MISSING	UP0102-BLUS30722_00-SFXTKKING0000000			113328	
BLUS30793	US	UNKNOWN TITLE	http://zeus.dl.playstation.net/cdn/UP0102/BLUS30793_00/fZvaDyukcRfbyXgMqQbnTIuZNxjzRssGVWAtnVLemQudhGAGYINZMjTLAKemFqVEXMWhGgoSGddgWsKKMsNfoooIIYUgQLMTJhBwu.pkg	MISSING	UP0102-BLUS30793_00-AVASS4AE8BITMAKO			102400	
BLUS30453	US	UNKNOWN TITLE	http://zeus.dl.playstation.net/cdn/UP0102/BLUS30453_00/A7FNYagUdGMOyfmyUP1er0rrGTI1PHXdqPa2RsVhQ0KyJuE6DMwykU2fIllnAcoSCJfSbKmFy0p2dibCl45WCy1RaEM9FMalAhNUA.pkg	MISSING	UP0102-BLUS30453_00-AVASSFIVHAKAN000			103520	
BLUS30453	US	UNKNOWN TITLE	http://zeus.dl.playstation.net/cdn/UP0102/BLUS30453_00/HWWLAYc2ysvMyqRi582LN0eoUuVT0FbwY2Q7gF7qeEqLUWoJhPl4XsjmLildT5eRWMSnyLv32leoay3VQki8DRgASqGwp8qtjqlOs.pkg	MISSING	UP0102-BLUS30453_00-AVASSFIVBALROG00			107856	
BLUS30453	US	UNKNOWN TITLE	http://zeus.dl.playstation.net/cdn/UP0102/BLUS30453_00/N2ebhTVd7fno23ykwc2Sluqb4m4oF7A63euSXvxWjqcdIh9Int3uxR8ujniewmdRXP6ht2DbSCq9iETOy2XKpvdqdp141jdFPeGjh.pkg	MISSING	UP0102-BLUS30453_00-AVASSFIVMAKOTO00			113984	
BLUS30722	US	UNKNOWN TITLE	http://zeus.dl.playstation.net/cdn/UP0102/BLUS30722_00/IeTEfgtSBpaRrTVMWnqeGqzIyAPeubWuOeyCkkYJEmdrpVGVhTvTGMgvpswYKJdNTvLQVkipHEwPwhUxiFGOkabyXcVNBTGzvrfNj.pkg	MISSING	UP0102-BLUS30722_00-AVASFTKNAKUMA000			107920	
BLUS30722	US	UNKNOWN TITLE	http://zeus.dl.playstation.net/cdn/UP0102/BLUS30722_00/iXMmjjcPbGMRGuqGEaJCxOStNnByjrhWOUZyJGCukKGVoHyLGJQwXvjseHQWbAIeLygcTDBeJJfiNvzPKrDiKxwnPXGfgtEQjUQZl.pkg	MISSING	UP0102-BLUS30722_00-AVASFXTKRUFUS000			111632	
BLUS30453	US	UNKNOWN TITLE	http://zeus.dl.playstation.net/cdn/UP0102/BLUS30453_00/9j0yOtEBgbqfAP3MdyACcd2ToMORk99x6mSD0nQwVDdJeFmXLkBBRhgWjIBJhhJErtncLJpoBElHX0qN8PFS8GL2Js2ehtMhsvD6U.pkg	MISSING	UP0102-BLUS30453_00-AVASSFIVDHALSIM0			109328	
BLUS30453	US	UNKNOWN TITLE	http://zeus.dl.playstation.net/cdn/UP0102/BLUS30453_00/6lh6WTOlBsNQQ25vFKp7l0shN8F778cd0wrhxhQv5xP0rVgEkr16aP6aPbxcPq8kHuTvyvmHr7NJRHTyakjVMcCw65qtc2CVh3GD4.pkg	MISSING	UP0102-BLUS30453_00-AVASSFIVCVIPER00			106768	
BLUS30453	US	UNKNOWN TITLE	http://zeus.dl.playstation.net/cdn/UP0102/BLUS30453_00/CN74jixLC6x2O7d6d5WKqYFoRbcARs4h9GFN28K0bXEqTd31b89aVpcCRAKXjHxr1yDjrGnyuKoVr6TjQXQJkvJNeUj0MU5kVxI3O.pkg	MISSING	UP0102-BLUS30453_00-AVASSFIVMBISON00			117264	
NPUP10005	US	UNKNOWN TITLE	http://zeus.dl.playstation.net/cdn/UP0102/NPUP10005_00/4lKcOYr641ENIvqsCF5uHMvBSAOU45OWk9h6BGBSOL6aPuPFEVLu7kGMKK8l3yhvc7SYJIW5slq8AvR6twEWC3BIhXECNb0yoQLAA.pkg	MISSING	UP0102-NPUP10005_00-AVASFALPHA3JUNI0			102400	
BLUS30453	US	UNKNOWN TITLE	http://zeus.dl.playstation.net/cdn/UP0102/BLUS30453_00/kFsbHJFSnOQpfPcghqEWBTqMTBzVEYcwmERIMzSnyWROzCiAgVMGkOVePbwECmEqabJwLLcSVCYMBHMbbiyigDCFAPcYbJszkKOAP.pkg	MISSING	UP0102-BLUS30453_00-AVASSFIV8BITCVIP			102400	
BLUS30453	US	UNKNOWN TITLE	http://zeus.dl.playstation.net/cdn/UP0102/BLUS30453_00/9aSJp36n9xR2SyerL5Ld08CGa9V1kYv7EptFrDFNB1PDIQ5MWvhaUiG7Sy17gE6NLJBNnCjA74uFmJuLqvbL1QEGlx8hkwEi5hp4t.pkg	MISSING	UP0102-BLUS30453_00-AVASSFIVABEL0000			126176	
BLUS30453	US	UNKNOWN TITLE	http://zeus.dl.playstation.net/cdn/UP0102/BLUS30453_00/vXJvQwSFBZWOixOhqdXVGXReOdsKPZBCVmDZBtWzdjAoYdJalbdKGOkmJBIxFobhPAfJxAZYMTzdWvTPmnwGqrbXJHiRNWXGGkBcZ.pkg	MISSING	UP0102-BLUS30453_00-AVASS48BITELFUER			102400	
NPUP10005	US	UNKNOWN TITLE	http://zeus.dl.playstation.net/cdn/UP0102/NPUP10005_00/DEoIbnNHdiDFMNpjXfceUyGPYOAgZbPqPYXsTzELHEkkeCqdzzoGMgGskJgpRgtBHYIOOGoxeYCabGDenBLgCsxSQjUhQXbliCKut.pkg	MISSING	UP0102-NPUP10005_00-AVASFALHPA3BLANK			102400	
NPUP10006	US	UNKNOWN TITLE	http://zeus.dl.playstation.net/cdn/UP0102/NPUP10006_00/8CjEqnut8A34v5UYdl4CFm878KBoe5fG32ehInc7vTQ7pRM896OctuDDRh2TSG6KqtQDwpd0yiopUvla7Umpp7xKdOe7NvGUCugAr.pkg	MISSING	UP0102-NPUP10006_00-AVASTREETFTGEKI0			102400	
NPUP10005	US	UNKNOWN TITLE	http://zeus.dl.playstation.net/cdn/UP0102/NPUP10005_00/grOXMkMNfVPHmFBKlyxpkNLuXHqcmzksUdwZOTNORAZTBfgthMTlgBgsGFnYBNVyOUHqlwVMQUHOoGwPipKtaVJCplicBzDjhuzwT.pkg	MISSING	UP0102-NPUP10005_00-AVASFALPHA3GUY00			102400	
BLUS30793	US	UNKNOWN TITLE	http://zeus.dl.playstation.net/cdn/UP0102/BLUS30793_00/KToMhVFuqFIBKCWkPxIoTlnHspuCMoIfBMhLEmbsiPuQdYLxBnGSPstXmBYDwjKIRAVMkfxmRHhcsYZaXvJxXEiKwGXvjfuBhPHaZ.pkg	MISSING	UP0102-BLUS30793_00-AVASS4AE8BITRUFS			102400	
NPUP10009	US	UNKNOWN TITLE	http://zeus.dl.playstation.net/cdn/UP0102/NPUP10009_00/tCooSpnaFtNUyGJjHxTQpSbsySToBReLUIlnTDqOLXeQffjVEWLdXaHEMGzXjMPvMQVdMFhqDbeKcmamKxvSrjjLZtRBOBOEnkIMk.pkg	MISSING	UP0102-NPUP10009_00-AVASSF2DHALSIM00			102400	
NPUP10009	US	UNKNOWN TITLE	http://zeus.dl.playstation.net/cdn/UP0102/NPUP10009_00/tPgQmJawrxURQpqRjXVWAabefGNubWRrfGbIKoAKsnKdMCnoKYPaXffvPKsiFWeFCabCEfWuGRUuTEfejuMsMRupLadSxVIvCBUQI.pkg	MISSING	UP0102-NPUP10009_00-AVASSF2RYU000000			102400	
BLUS30453	US	UNKNOWN TITLE	http://zeus.dl.playstation.net/cdn/UP0102/BLUS30453_00/AFHQ6C3l47dXI4BoF4dFFhTe56lXJRnefdiad0j3Bj9WgVu7GbW5qDb74yrqetEByx6r3M5ERBOyL3CDrLj63lLRNQT5pXaHQrCxs.pkg	MISSING	UP0102-BLUS30453_00-AVASSFIVSAKURA00			114752	
BLUS30453	US	UNKNOWN TITLE	http://zeus.dl.playstation.net/cdn/UP0102/BLUS30453_00/hPOVTBdzfnRHfuTUPJgwqkYfTmkCRxafdxwzOCOriwHlMGILDwDoAVWEpcMnOQspXmHUhrxietbtZMXSBqdaiUcsdSqDOtPywnufo.pkg	MISSING	UP0102-BLUS30453_00-AVASS48BITDEEJAY			102400	
BLUS30453	US	UNKNOWN TITLE	http://zeus.dl.playstation.net/cdn/UP0102/BLUS30453_00/zqtfgvjbRLJILyLcFoHZioFIMLPolERNLZWFzoXfSUDrftEbajSbQkDBPVFMlOEEmZjHcKGCrQRXzVoySdqSfLDIwUKKPdVXGpVdZ.pkg	MISSING	UP0102-BLUS30453_00-AVASSFIV8BITBALG			102400	
BLUS30453	US	UNKNOWN TITLE	http://zeus.dl.playstation.net/cdn/UP0102/BLUS30453_00/IkigYphQgCkptBXkUcbrKASwVLetjqRIOVLAsZfHuLiBjDMRkkBstWOWdBIwEDZCAJCSdrtastYMbffIFvLCxVZfHxMAgPOTzxbRX.pkg	MISSING	UP0102-BLUS30453_00-AVASSFIV8BITBLAN			102400	
BLUS30453	US	UNKNOWN TITLE	http://zeus.dl.playstation.net/cdn/UP0102/BLUS30453_00/hlTlAxvElRyNytFNTGwoRiKiEfdkCtVGDzOSfkdBHTbsoaSorFvWCQfUmfPgEvjcDOgAvJBXbXzXIKePXNfxbtLhoNUOwmXTJSXqe.pkg	MISSING	UP0102-BLUS30453_00-AVASSFIV8BITCODY			102400	
NPUP10009	US	UNKNOWN TITLE	http://zeus.dl.playstation.net/cdn/UP0102/NPUP10009_00/orKwaqtuLuvFDVvMLeckXarZZwEriEIgGgQzBrjKjEBUjorPnjeLYxcUQDlSGLfxdgXnJprocldpuUspqQKwUokVNhgITQQlnezNH.pkg	MISSING	UP0102-NPUP10009_00-AVASSF2EHONDA000			102400	
BLUS30793	US	UNKNOWN TITLE	http://zeus.dl.playstation.net/cdn/UP0102/BLUS30793_00/yhsQYfRqmBsrYgaBWLzOzpDbbKlNJseClTmSOZumvAfqjOyvVPuSbcjEawuiVWVRhYPSywujnDBIiudPiyRkNBqDPbjQNDWmfmTBv.pkg	MISSING	UP0102-BLUS30793_00-AVASS4AE8BITRYU0			102400	
BLUS30453	US	UNKNOWN TITLE	http://zeus.dl.playstation.net/cdn/UP0102/BLUS30453_00/179L4GoTYJ622vYMD2MdSjjyC3xVCH3udIqywtalJJJfELOkaBhV2bM1xG6ShpAUyuKD0oNI06n8x31PI9yr9e6aBAWOpmRy2FY44.pkg	MISSING	UP0102-BLUS30453_00-AVASSFIVIBUKI000			105360	
NPUP10005	US	UNKNOWN TITLE	http://zeus.dl.playstation.net/cdn/UP0102/NPUP10005_00/nyqhMDYDUKTEeaDJMJLDWZkVsFnphOetXmgUeKjHremcigdtANStkZMsSkFcYQwMgWltFmhIfrdGlawCVnGgOaffovhzSZZccSnMK.pkg	MISSING	UP0102-NPUP10005_00-AVASFALHPA3DAN00			102400	
BLUS30793	US	UNKNOWN TITLE	http://zeus.dl.playstation.net/cdn/UP0102/BLUS30793_00/dlLrxgTgwBpDnlgJXWHxLPwmebFLOPpkBvYRKQMnxGRzYOiiXmkgqAzqigLqijzcpvDUMRscmjTeYGgymqMDINzgpuFBpLhedsdaD.pkg	MISSING	UP0102-BLUS30793_00-AVASS4AEONI00000			124288	
BLUS30453	US	UNKNOWN TITLE	http://zeus.dl.playstation.net/cdn/UP0102/BLUS30453_00/Qjaj2fnVubVEaHWEgueviTjlI4cXNJ1Lql3DLDN23DIjxMw8KONs9KPlhLBT5PodgUG3Ru7KRvhIg16cmCeCq11UiJQVkkA4Yiub7.pkg	MISSING	UP0102-BLUS30453_00-AVASSFIVSAGAT000			116048	
BLUS30453	US	UNKNOWN TITLE	http://zeus.dl.playstation.net/cdn/UP0102/BLUS30453_00/mPwUoeXxutQWsNwTdCxsIIGUIaHknpHJySTbxEyQBxpQXPeIPpdnVWDYUiocZSOCpXJBaJgEXdxwuDtnedhiFRGLWdmJMNGrvlvay.pkg	MISSING	UP0102-BLUS30453_00-AVASS48BITEHONDA			102400	
BLUS30453	US	UNKNOWN TITLE	http://zeus.dl.playstation.net/cdn/UP0102/BLUS30453_00/tgRgmsu0EXDg1JlwmuooAfavSd906I8rlX29oBxOapKQ0NL5m8NjH9tVmMdsrgbHJpWSpAccPlckUHultXW2vfwrsxBYjWkIbV3gP.pkg	MISSING	UP0102-BLUS30453_00-AVASSFIVROSE0000			108560	
BLUS30722	US	UNKNOWN TITLE	http://zeus.dl.playstation.net/cdn/UP0102/BLUS30722_00/jnCiFjEWiUdnLAwYZXUFMKGbbYqCjsRpwctQSlaSvkafHbKjemLrePkqfrwNECxPPvUsRJxPWQWbVNgSZhAthLhwNwoFbCRhPsIDL.pkg	MISSING	UP0102-BLUS30722_00-AVASFXTKLILI0000			110896	
NPUP10009	US	UNKNOWN TITLE	http://zeus.dl.playstation.net/cdn/UP0102/NPUP10009_00/eomIEuwmRCtUZdcVqnzXbtKBantulWXEboJgjvkcbzqbmdeXSnfGlzHJaKCkVPcMvKPpVWQVbhZEBJrGjeQKyCIecAaDnkqxXeMBc.pkg	MISSING	UP0102-NPUP10009_00-AVASSF2GUILE0000			102400	
BLUS30722	US	UNKNOWN TITLE	http://zeus.dl.playstation.net/cdn/UP0102/BLUS30722_00/LnSHpSMRiGwZEaglbaMQTwNpTWugYAPOmYnhGwcsJadteQFsmaFKZKkAPqcdFGwrHuSEieTgWVmImWyKBixdfpGIxLeIIvhbGyLgz.pkg	MISSING	UP0102-BLUS30722_00-AVASFXTKZANGIEF0			107680	
BLUS30722	US	UNKNOWN TITLE	http://zeus.dl.playstation.net/cdn/UP0102/BLUS30722_00/rLCWaasOcZDdXOIhtqJhYsPELLYJxXHcXhwMjXkDgfWtYczwDCAALrwhbPPTfoBaqJobLmjWkTSdupCCMHDzsciwrELEzEyLnqGKY.pkg	MISSING	UP0102-BLUS30722_00-SFXTKRYU00000000			109904	
BLUS30793	US	UNKNOWN TITLE	http://zeus.dl.playstation.net/cdn/UP0102/BLUS30793_00/hNBvyDNzzaDiRuWxsLbEJebdYNJRWCmkhkhfvBCStcBLuoanTmkBuKLYSUiWYrlvOSqmIWRMXXXoXBCqrQaDkLIboSrJviYqQkBxo.pkg	MISSING	UP0102-BLUS30793_00-AVASS4AE8BITSAGT			102400	
BLUS30722	US	UNKNOWN TITLE	http://zeus.dl.playstation.net/cdn/UP0102/BLUS30722_00/KlbQmsmFtcdXHOPgSAZPBEPaTMtsHhIBXouPHVXsuLCAytcdOWHKSVLVQlRCdzVzIbJgpLRctuaNIemYaOvxosEOkdMCWpHNoWbyH.pkg	MISSING	UP0102-BLUS30722_00-AVASFTKDHALSIM00			115488	
BLUS30722	US	UNKNOWN TITLE	http://zeus.dl.playstation.net/cdn/UP0102/BLUS30722_00/FvVTkEipJSXbGYQfqOdBlMOPTsBFutJPQXTNjfMWjAUtJTBcpGJqjIUwkjeXCLKpfaGsGvXUixsNwUOpMoKCjMVidjHzWxHKNNBmg.pkg	MISSING	UP0102-BLUS30722_00-AVASFTKHUGO00000			111536	
BLUS30722	US	UNKNOWN TITLE	http://zeus.dl.playstation.net/cdn/UP0102/BLUS30722_00/bAlIQSojzuEjigdXWqPusHBjQPDyMUUmviOIxYUoADNwpOktwCZnxdJyaGnvLyaxqHJcBTpFMNZFCnnuAvgDPSitceDIXCnyqmRBp.pkg	MISSING	UP0102-BLUS30722_00-AVASFTKNVEGA0000			103536	
BLUS30722	US	UNKNOWN TITLE	http://zeus.dl.playstation.net/cdn/UP0102/BLUS30722_00/ezNaOeMfYCUbCAKrntmdQoCxWsrvuYZVYvLjWtdYCxgEpGNGYxPLvoIYWoWEsIjPbAwZbihgEdOsbAebwHkDaCUAXGeJnGRdjKmeE.pkg	MISSING	UP0102-BLUS30722_00-AVASFTKSTEVE0000			116336	
BLUS30722	US	UNKNOWN TITLE	http://zeus.dl.playstation.net/cdn/UP0102/BLUS30722_00/qoJFDIPXMgrcBvTOpnUWEmYfLtCvlnmCJLZVyfXTgfCHhHBqIljuDzSmDJHIUZnNSDFhkFmtAOsBXyJNjJBSSMJftiQIWlLaoaVaT.pkg	MISSING	UP0102-BLUS30722_00-AVASFTKNMARSHALL			119568	
NPUP10005	US	UNKNOWN TITLE	http://zeus.dl.playstation.net/cdn/UP0102/NPUP10005_00/yGjtMyHVWaYmxwZsycyOuxbeCSafLPbnfMAejLgfRpIGTwadsVautvAwIhMTtKlrqRipyqEKHYyKMVvyjeArYkjFUqcnULMTgERmg.pkg	MISSING	UP0102-NPUP10005_00-AVASFALPHA3SAKUR			102400	
NPUP10009	US	UNKNOWN TITLE	http://zeus.dl.playstation.net/cdn/UP0102/NPUP10009_00/lspCJCxSRIMcThBauHTjoFhPgGAvBuDPqOMvdKjxSCBiZWcJdrdvtgOiynhGpGVneKxJhDLSPIrGitutdbtkJYekJEnsrfwQgjTdw.pkg	MISSING	UP0102-NPUP10009_00-AVASSF2MBISON000			102400	
BLUS30453	US	UNKNOWN TITLE	http://zeus.dl.playstation.net/cdn/UP0102/BLUS30453_00/bnZtmewPlnHJSTwvBlNqKUWHRtxszVbhjNSFzEYyRHuwlREqynqPrqsExxvtQwhbHuUgaoCtUKTZgvvhfeaHBhpBooZVEtqAoCaOd.pkg	MISSING	UP0102-BLUS30453_00-AVASS48BITGEN000			102400	
BLUS30793	US	UNKNOWN TITLE	http://zeus.dl.playstation.net/cdn/UP0102/BLUS30793_00/GgGxPBRbeenYUURqBcfqYfUlvZPJcXlDMMujkpdLkzMsBoYoOMOGyfLFTAePOSUGznMzNoIcdqhZUIegeDPvduKgRhsnrydBJJiTM.pkg	MISSING	UP0102-BLUS30793_00-AVASS4AEYUN00000			110176	
NPUP10009	US	UNKNOWN TITLE	http://zeus.dl.playstation.net/cdn/UP0102/NPUP10009_00/OIgrmxzxtXYTfmjidvqrFCOJCJoWzcmuFdhRHiYalQNMYcWLBbQqePbOxuugqhyQRPZWrdIYhohAJKLhHyCrMjjPqRfKtfYSGfrGE.pkg	MISSING	UP0102-NPUP10009_00-AVASSF2THAWK0000			102400	
NPUP10005	US	UNKNOWN TITLE	http://zeus.dl.playstation.net/cdn/UP0102/NPUP10005_00/f6cSUck1Fu2xU1U7sO1ce6fuuuEnvQTTnJdE0ulThRX0Md25ytXNLUcR4XL5X7cDcRIB81mR7YHL9nY90fQIW8mqVEhBufahc8TPl.pkg	MISSING	UP0102-NPUP10005_00-AVASFALPHA3CHARL			102400	
BLUS30453	US	UNKNOWN TITLE	http://zeus.dl.playstation.net/cdn/UP0102/BLUS30453_00/P4xwvIILR5bqXQJx0gc0s88kUFcioIrjTqyH36O7dBQWSjSao0fEySedJbxsdJmJr06lKOUwA2rekjhpSP93EDPwikpmNG12KwDSO.pkg	MISSING	UP0102-BLUS30453_00-AVASSFIVGOUKEN00			124944	
BLUS30453	US	UNKNOWN TITLE	http://zeus.dl.playstation.net/cdn/UP0102/BLUS30453_00/3rsa53hNU4idYd1v8I3q1TJA96EgmnIaD5typFAQqQxtmPQnmpbG0B6gMttWHg83Ag3mul478YnGNAE6m1cGs6CCrav3jGIm1oInd.pkg	MISSING	UP0102-BLUS30453_00-AVASSFIVELFUERTE			118128	
BLUS30453	US	UNKNOWN TITLE	http://zeus.dl.playstation.net/cdn/UP0102/BLUS30453_00/sMrnSYbpaEbXYMCZYsmbSXsTaSdLDhsStjCYzcfBflfxVgCXKrzwQLbTbszIFbtlJHkqmIlSPWVCuvyksnQigsvqhoBKmlGqcmdBN.pkg	MISSING	UP0102-BLUS30453_00-AVASSFIV8BITCHUN			102400	
BLUS30722	US	UNKNOWN TITLE	http://zeus.dl.playstation.net/cdn/UP0102/BLUS30722_00/lKAsQyjbuBBzMjagXCtEuSSenbwhGLpPnUTZTYGpLrbMtUMJiOzFGNCbFMxeHpsbjCvNqIvbpkzGLDpuDqPiElOGMBRiPafXuowPr.pkg	MISSING	UP0102-BLUS30722_00-AVASFXTKASUKA000			120368	
BLUS30453	US	UNKNOWN TITLE	http://zeus.dl.playstation.net/cdn/UP0102/BLUS30453_00/fJRhFmOOoTTUCIFAKfTBSnkyONvqHSgovbBUaknfnufiUVVegdzwPCEhHEMrDKzkyTlwtZEjlRTNOIEaDtUjxXfKSvCOtwnuiKQdg.pkg	MISSING	UP0102-BLUS30453_00-AVASSFIV8BITZANG			102400	
NPUP10009	US	UNKNOWN TITLE	http://zeus.dl.playstation.net/cdn/UP0102/NPUP10009_00/AXCoUiihEtdtZZoVhPNOVCjmcCWyMjTWRIgYdsVwnVbuzuvzomuXKkgZbkNgxRlsuXMiUQdapbgyrFOlkudwzPwxRMcBJAkMFNUKq.pkg	MISSING	UP0102-NPUP10009_00-AVASSF2FEILONG00			102400	
BLUS30453	US	UNKNOWN TITLE	http://zeus.dl.playstation.net/cdn/UP0102/BLUS30453_00/pxvE8VkHyMauDM3mkDAvKNhvOclbLoMlS08w0NucfVIynKJO0DAMeUCiIYsN0sdf9UDgmRUKgUdo3dy9fNrGBN53TiMTGpvcXDXlK.pkg	MISSING	UP0102-BLUS30453_00-AVASSFIVEHONDA00			104864	
BLUS30453	US	UNKNOWN TITLE	http://zeus.dl.playstation.net/cdn/UP0102/BLUS30453_00/6AuwBfwViHQrS9uU1McmWku3FH1VpO00fig8iDkKLeR7YNXBwqw2yhpvu2vGBHxH89ba0IcywOcjyB080GlNGonQFv6534iVVIgBp.pkg	MISSING	UP0102-BLUS30453_00-AVASSFIVBLANKA00			114336	
BLUS30793	US	UNKNOWN TITLE	http://zeus.dl.playstation.net/cdn/UP0102/BLUS30793_00/wRYBumarQRgxpPQzUhaYnyQmSmtiQiLMInxOngzxVLyrVpXVjaMXeeXyuyTbJxdBlipVgRxeYbodWKVCJVcIhURmoIYdJifyPUPyJ.pkg	MISSING	UP0102-BLUS30793_00-AVASS4AE8BITHAKA			102400	
NPUP10009	US	UNKNOWN TITLE	http://zeus.dl.playstation.net/cdn/UP0102/NPUP10009_00/WQucxvDApevBduwuSYElncFcWxDhrjdggaPMgvjSaqKWhSWEtlCLrhWoKTaqKNreIGqZRucpujEIkgYDteJapWTvPLrkzrOnRSyRD.pkg	MISSING	UP0102-NPUP10009_00-AVASSF2ZANGIEF00			102400	
NPUP10005	US	UNKNOWN TITLE	http://zeus.dl.playstation.net/cdn/UP0102/NPUP10005_00/0RMYf9DF60XVXMTV8Bd4FemK5ivxWGhm3HlMcndiAOVBiEpGTqKcyMkMkibxoVw0be8jcGlmN9mawtq7anBpgkmQJh9mfvHDmW4nw.pkg	MISSING	UP0102-NPUP10005_00-AVASFALPHA3ROLEN			102400	
NPUP10005	US	UNKNOWN TITLE	http://zeus.dl.playstation.net/cdn/UP0102/NPUP10005_00/iEzEvicwVIyZMTqbpkJCqJeExPaHOfYsdesRMLoaknWnUThFOkwTjcDvxUQJuTOGaZPwiOOxAGOgDaHeSQGqhkUtcCushSVdIMOJj.pkg	MISSING	UP0102-NPUP10005_00-AVASFALPHA3MBISN			102400	
BLUS30722	US	UNKNOWN TITLE	http://zeus.dl.playstation.net/cdn/UP0102/BLUS30722_00/KWzcARMHsqYxSArkXCfWuUloWbeYOiAbhjSROTkDZWVnBqSkLVmTYVwEHVkRYkjDtBTdTfBRIDFNoClgksCFYENhDpFegXwoOpTXG.pkg	MISSING	UP0102-BLUS30722_00-AVASFXTKIBUKI000			115872	
NPUP10006	US	UNKNOWN TITLE	http://zeus.dl.playstation.net/cdn/UP0102/NPUP10006_00/RAQVvfPIsxTpY69J9M7IwQqLFBK6vaXcN3HiqqoKh4aBtv0E1tC1SKM5rVjQKtb03j0um8f6jhEKu9b2RBUfH5iBrsI3NQ2yC7RYJ.pkg	MISSING	UP0102-NPUP10006_00-AVASTREETFTRETSU			102400	
NPUP10006	US	UNKNOWN TITLE	http://zeus.dl.playstation.net/cdn/UP0102/NPUP10006_00/wUN14eRYslGODG2oelmAIJbh9LW3b7wXITC7sTrtuWVfMB1xQSOFWx1wi0eDiHn3HIxjUTs1kyncOKYtuxmH7nfrdpAdfVfI8R78g.pkg	MISSING	UP0102-NPUP10006_00-AVASFBIRDIE00000			102400	
BLUS30722	US	UNKNOWN TITLE	http://zeus.dl.playstation.net/cdn/UP0102/BLUS30722_00/fTTQfidEeUwyYlmUzGvNZkpmbftjvHIDlfjIHuLmNylbyvyOMOcAdmOMsiBSOSsqFrBoQYFcRnvozTmBIQlasGmJYOKRTIllKBkov.pkg	MISSING	UP0102-BLUS30722_00-AVASFTKYOSHIMITS			135984	
NPUP10009	US	UNKNOWN TITLE	http://zeus.dl.playstation.net/cdn/UP0102/NPUP10009_00/JggtNTMePMHoSJqWkMLHxXeCdIkOUnCRsxpjYrMEkBHjvnrYYFftXtuDXevUENLsoZIJWONNkPVsCnqajfrcceTXjvSKeJljqhjZW.pkg	MISSING	UP0102-NPUP10009_00-AVASSF2CHUNLI000			102400	
BLUS30453	US	UNKNOWN TITLE	http://zeus.dl.playstation.net/cdn/UP0102/BLUS30453_00/AkPwpoTVEoOeHTFFfcbrTtSKXJaFuDvEhNWjATbdyHAtLeVYPSAsCuDxiNZBewlWrDpVPZWsaQAdhiBmdmGjvmpMhrFtdUtmavxXu.pkg	MISSING	UP0102-BLUS30453_00-AVASS48BITFEILON			102400	
NPUP10005	US	UNKNOWN TITLE	http://zeus.dl.playstation.net/cdn/UP0102/NPUP10005_00/DzFRHrDhAYRtXXhcqJBkjXOtDdiQdlyFIYTzuWNDsLgWLeXbahuAzaiIbVlpMKrhmRNsjkfzaXuUmWvggzEmdLqyMRSbFYeEjRbUA.pkg	MISSING	UP0102-NPUP10005_00-AVASFALHPA3DHALS			102400	
BLUS30722	US	UNKNOWN TITLE	http://zeus.dl.playstation.net/cdn/UP0102/BLUS30722_00/pcMPkRqdxLrzrVGUwOQoZQHHMHVVxhiPwUgNBvAdXECZojomdUoVvbxNkKStjnddRWiDQMUpSTfqFakzeTHVEtaxpeBxZoTQSDxfm.pkg	MISSING	UP0102-BLUS30722_00-AVASFTKRAVEN0000			120640	
NPUP10005	US	UNKNOWN TITLE	http://zeus.dl.playstation.net/cdn/UP0102/NPUP10005_00/RtiYIknAPGDCKSMHyewsOiqoeamnhygSKcrmMCyUbFdHKbCnQRWyhknovuMTZgpqPdeUglUorjDaMnlViaTEmslZxVgEFNNZbZwNq.pkg	MISSING	UP0102-NPUP10005_00-AVASFALPHA3FEILO			102400	
BLUS30453	US	UNKNOWN TITLE	http://zeus.dl.playstation.net/cdn/UP0102/BLUS30453_00/mrUHiFqQlgMvesDXNeIqIjLIVFctOTPNTpZxmSrigtuHuJuWWjtYsADqqCcRVPvcgvvmTXHIJUDNUQhmHgOiHMdahdrEZRQmzrLuu.pkg	MISSING	UP0102-BLUS30453_00-AVASSFIV8BITDAN0			102400	
BLUS30453	US	UNKNOWN TITLE	http://zeus.dl.playstation.net/cdn/UP0102/BLUS30453_00/l681J7D4NPqDKx5R636BRCMH9UgPiV4FV0kOnAoXTlHi5JNALYifyXQwKQdWuAKHPYF3L6dpQTML3DQYmWSxl9XvvwCBLTaqsnFlN.pkg	MISSING	UP0102-BLUS30453_00-AVASSFIVRYU00000			114624	
NPUP10005	US	UNKNOWN TITLE	http://zeus.dl.playstation.net/cdn/UP0102/NPUP10005_00/GzerMpwbOBuyIQElmkmPOjYOwcAnyDbSRYnYjBdGYDPpRcwvlHFMxdrjtGuvcwRHcZURvFoIqsqQEDMzZjHqLdafgrHhGSkZRVBsG.pkg	MISSING	UP0102-NPUP10005_00-AVASFALHPA3ADON0			102400	
BLUS30453	US	UNKNOWN TITLE	http://zeus.dl.playstation.net/cdn/UP0102/BLUS30453_00/kecssnaTSAPTFWigBYrGpEUrdboFvegOjfUXTPfnHdPUbCsJCfxPDPAtlDZEPcnvsOnLwMItBmIvezvbsvIPqZjRNPpdtehsfMkJe.pkg	MISSING	UP0102-BLUS30453_00-AVASS48BITGUY000			102400	
BLUS30453	US	UNKNOWN TITLE	http://zeus.dl.playstation.net/cdn/UP0102/BLUS30453_00/ODaKIBksKEbC18HLLcCaMLPGc9tKgIuEN19nSdbpjIRAVidSNt06IjNyQNdC4MT5TrSluhh98m1iCfai6cNnQR7jt62tiI71UHnl4.pkg	MISSING	UP0102-BLUS30453_00-AVASSFIVDUDLEY00			102400	
NPUP10006	US	UNKNOWN TITLE	http://zeus.dl.playstation.net/cdn/UP0102/NPUP10006_00/XmwNW7lmeG3PnlrKAnuPqD0RxQMN19Ol7OMuwqwHAr5V2TICNRegjcCENLsfTXcUdNcRost1OiecrNyD0aeV1iimo2Vr3RMg5ceWT.pkg	MISSING	UP0102-NPUP10006_00-AVASFKEN00000000			102400	
BLUS30453	US	UNKNOWN TITLE	http://zeus.dl.playstation.net/cdn/UP0102/BLUS30453_00/hi8XpMpVL06jTCT010If5yKgfyyq1nbg1qIYo9AiqKUaTOUf5OiFbvIGSWgghATTSv8c3kw1XEFYU7dP17ArdXV44fksLMMRLB9ec.pkg	MISSING	UP0102-BLUS30453_00-AVASSFIVCODY0000			113472	
BLUS30722	US	UNKNOWN TITLE	http://zeus.dl.playstation.net/cdn/UP0102/BLUS30722_00/fEzhhePgueDUSSSJzmJepZiJAmaTfjkiYAUFrrNUzdljzXhkpMUQiYOuqVrVXRyGTafyPqeBLMzVSlUjFpNHkpRLMHHTCWyBYxgBI.pkg	MISSING	UP0102-BLUS30722_00-SFXTKCHUNLI00000			109520	
BLUS30453	US	UNKNOWN TITLE	http://zeus.dl.playstation.net/cdn/UP0102/BLUS30453_00/E4Y1EDGRoTlrAhu5BFgYaX6iOYQwCVqHtya6ljPqwsX72EtfBi2642XTeCECeM82uMbBr3gNFmjAMokrHMgTLMxwgRph1Qtub2AHL.pkg	MISSING	UP0102-BLUS30453_00-AVASSFIVFEILONG0			110880	
NPUP10009	US	UNKNOWN TITLE	http://zeus.dl.playstation.net/cdn/UP0102/NPUP10009_00/RXXESYJBSHhVIgxzDkZNSDROrlFLSHwmEtkiLWkLOtlFvaSBtbJOIraVuTJvQrYOBhKqWTKlUmSHuLijwrpnnxtvbYYjZhbzxAZUI.pkg	MISSING	UP0102-NPUP10009_00-AVASSF2CAMMY0000			102400	
NPUP10005	US	UNKNOWN TITLE	http://zeus.dl.playstation.net/cdn/UP0102/NPUP10005_00/lax7tC6y4PXqpr7tjDa9NfgwOIkjFHCtLkHOoR4OxKa3ydNGxFPRm5t2XoI3sGkVpC4F6Fsxe35mKJj9qgoC7g5hhokfnmq0gPsDk.pkg	MISSING	UP0102-NPUP10005_00-AVASFALPHA3EVILR			102400	
NPUP10005	US	UNKNOWN TITLE	http://zeus.dl.playstation.net/cdn/UP0102/NPUP10005_00/opxzyUtZFZoTZCWXzeDCMrogGydNcvLompmMXbuTsrJAbfwGwnKubcePRiZYBkYmSRDhXWzgOMHTIQivCalqkJzwzBzfUhODHacfn.pkg	MISSING	UP0102-NPUP10005_00-AVASFALPHA3RYU00			102400	
BLUS30722	US	UNKNOWN TITLE	http://zeus.dl.playstation.net/cdn/UP0102/BLUS30722_00/DKTYRLPxkhqpFzrsiAOuvNHlhBksAgGBtgFkQYKIxpEnwdlUnqasfkFjXRMIPvpMBtvnNtybrHglYbGDetWubYYbMoTeJmqogWZAs.pkg	MISSING	UP0102-BLUS30722_00-AVASFTKPOISON000			125744	
NPUP10006	US	UNKNOWN TITLE	http://zeus.dl.playstation.net/cdn/UP0102/NPUP10006_00/uD0mUPQGMeX0seojttUrWHtgmekhdgcpiGScU7dLDOwqTAdyDsPk76QloAOFE2L4ebexYTWF07Wu3QKsUOPIH5jqwcsYlDQBtQSIh.pkg	MISSING	UP0102-NPUP10006_00-AVASTREETFTRYU00			102400	
BLUS30453	US	UNKNOWN TITLE	http://zeus.dl.playstation.net/cdn/UP0102/BLUS30453_00/g1TcfWTyPDhoXMFPwvFXxqpTRoP8Ml2SAgO58tV9VCikdu4CxYXGpQkt3m0OG5MmiVmCa0qNmp0YJveKwDfw2rJiSNKJ96h2Y8jbI.pkg	MISSING	UP0102-BLUS30453_00-AVASSFIVSETH0000			117696	
NPUP10005	US	UNKNOWN TITLE	http://zeus.dl.playstation.net/cdn/UP0102/NPUP10005_00/48vl1LBUCo7GOB7U0fOFirqJqL53hO94uubq6g318fbXdbEu7sThTC3MwvMEGK2SSf7iNTuWyNxqwLnWe4tftOM9TLHiMibde5B1k.pkg	MISSING	UP0102-NPUP10005_00-AVASFALPHA3SODOM			102400	
BLUS30793	US	UNKNOWN TITLE	http://zeus.dl.playstation.net/cdn/UP0102/BLUS30793_00/FldWZjnVlqiHsbnGNAUfyCOYnUMjIwmdwkQPtSGoBbtWDMGPuxfjuyVSgnoTNEtmCbGqcLBvEsgSDRqYUwNZuWqpoLjiTvdlTGiEe.pkg	MISSING	UP0102-BLUS30793_00-AVASS4AE8BITMBIS			102400	
BLUS30453	US	UNKNOWN TITLE	http://zeus.dl.playstation.net/cdn/UP0102/BLUS30453_00/ysa032BW5tOsqJYkbsHYM6oSNXtS31SVlbyX1Dj4nVCjQnigCacOH2w7fJyb028v0CH1Iakhi7eo69KKU7p3AaNoeLEP0gtYmA2jn.pkg	MISSING	UP0102-BLUS30453_00-AVASSFIVZANGIEF0			107232	
BLUS30453	US	UNKNOWN TITLE	http://zeus.dl.playstation.net/cdn/UP0102/BLUS30453_00/tQG5JSrTPUdVQVnInw28bVAWn6pS6u96rRTX7aRJnFhQEBwOPdpNsFOSAT2CWM71jGA4M1xQukM9AlODE4s4BVkN2tjagprDb8V6o.pkg	MISSING	UP0102-BLUS30453_00-AVASSFIVGUILE000			119088	
BLUS30453	US	UNKNOWN TITLE	http://zeus.dl.playstation.net/cdn/UP0102/BLUS30453_00/SubGpvOpeKrmeCvDKeArdSdmyTPDcXgeceIttCKIVgJwNKnOLwUwatLtvmzKeGokhqxWdiHyuLbSzzEITkIWemHtDrRlIBRGzyLbF.pkg	MISSING	UP0102-BLUS30453_00-AVASSFIV8BITVEGA			102400	
BLUS30793	US	UNKNOWN TITLE	http://zeus.dl.playstation.net/cdn/UP0102/BLUS30793_00/MfBdQYwVJgiTZuqJWDJrXhUqigNKyDjDatkWvqeUHcGLVrzeLAQYvxutObWgbBAnyMdybUXhqJMFIInibQQBRxmpKmiwUmzNAcWQg.pkg	MISSING	UP0102-BLUS30793_00-AVASS4AE8BITIBUK			102400	
BLUS30793	US	UNKNOWN TITLE	http://zeus.dl.playstation.net/cdn/UP0102/BLUS30793_00/vlxvfdMnoHJGiiaHjqoRaQlOiHMVWHJKVoeqXxJxpBbrbLsFRKrOcBEhMOUoxKFcWmdSUfHjBPRAMPlIrQYdFydbgxsdPGzzFxevN.pkg	MISSING	UP0102-BLUS30793_00-AVASS4AE8BITROSE			102400	
BLUS30722	US	UNKNOWN TITLE	http://zeus.dl.playstation.net/cdn/UP0102/BLUS30722_00/ujsEmsvQLpJpdaTovHxtybehZkZdYotcBGZiYXsWUEpnzCIGcSRxtwjJCQQsaADXijVKUWHkGvRpelOqIdopqKvzpPyGlBzZbgAdV.pkg	MISSING	UP0102-BLUS30722_00-AVASFTKSAGAT0000			109344	
BLUS30793	US	UNKNOWN TITLE	http://zeus.dl.playstation.net/cdn/UP0102/BLUS30793_00/dTozTZLhPMIsozkoyzAdpWGXZBVEBSrwDCIgexNCgGITwDzrEaCcGgQXBDyEdjiPRoDmhcynwKLrDoxiXufpePIHOGOKKfzMRNODQ.pkg	MISSING	UP0102-BLUS30793_00-AVASS4AEYANG0000			109792	
BLUS30453	US	UNKNOWN TITLE	http://zeus.dl.playstation.net/cdn/UP0102/BLUS30453_00/cxg0HrwUODyE0sUpgSFOkGu08tftdYGAAb9pa5BraJjkBQHToDRfw1kU3CtcaD3keuY52XhmdF3rbmArSa6xjpEX9HNIOHJgCl8qD.pkg	MISSING	UP0102-BLUS30453_00-AVASSFIVDEEJAY00			102400	
BLUS30722	US	UNKNOWN TITLE	http://zeus.dl.playstation.net/cdn/UP0102/BLUS30722_00/RUFEZGcGMimzHpjHFXwOphjPpVNNPPhAiNevXfUCgGZEYtKNlagAQTRQPVlMxWWVGHCpIHYQxYGoofkAepedaDbOudfcnDguxTSzD.pkg	MISSING	UP0102-BLUS30722_00-AVASFTKNOGRE0000			129008	
NPUP10009	US	UNKNOWN TITLE	http://zeus.dl.playstation.net/cdn/UP0102/NPUP10009_00/dfyZSPiTxWffyFZHPRqbskBAEVSesvzvwXYHunxYrftBxiTiAdCMawhSbyQBInfdMzeHXqsSxuJHTbczhfYRyjdzbfNkOQtdtccKL.pkg	MISSING	UP0102-NPUP10009_00-AVASSF2BLANKA000			102400	
NPUP10005	US	UNKNOWN TITLE	http://zeus.dl.playstation.net/cdn/UP0102/NPUP10005_00/ybxirFnUDfmxXcxrfsWxyNrsqmYNMCdYfxXJqMKPGwXgpswUQHxUWAZoaSiCzvhiWhpZnNlJKhSHDcJqnQUotaSYlmLfHzvuEYCzV.pkg	MISSING	UP0102-NPUP10005_00-AVASFALPHA3ROSE0			102400	
NPUP10006	US	UNKNOWN TITLE	http://zeus.dl.playstation.net/cdn/UP0102/NPUP10006_00/mf1R1HFNmNyls6IRvyAbcP4er7A7G6CkKbkLaefx7EblVAlLG65YCTo8NOPVX5IHWEL0iajtghJ45Q69mr86aU6nw1nMHDoLH06JY.pkg	MISSING	UP0102-NPUP10006_00-AVASFADON0000000			102400	
BLUS30722	US	UNKNOWN TITLE	http://zeus.dl.playstation.net/cdn/UP0102/BLUS30722_00/gxIhjMJfHuqdTQcpYXxejQBHKhngDcxDRHNXmAsQvXAcdAbScyiTsEvkAZsnChAyFsRAwsXOZhTfbyvIBmXlwiALJvdQSKqqcEqfq.pkg	MISSING	UP0102-BLUS30722_00-AVASFTKNPAUL0000			133920	
BLUS30722	US	UNKNOWN TITLE	http://zeus.dl.playstation.net/cdn/UP0102/BLUS30722_00/NAQrHWRVMymTZGPdJcgdXyNPoYvBuijRWKzZxYAeLzrGblUHgFnqRzKkfYjJBhuVNFwjgGldZDoPJrKXbnPqhzbgxYsWjnqbKZPgQ.pkg	MISSING	UP0102-BLUS30722_00-SFXTKKAZUYA00000			108528	
BLUS30453	US	UNKNOWN TITLE	http://zeus.dl.playstation.net/cdn/UP0102/BLUS30453_00/GlDcyANhmZEbyOrbvGkveOwOEeWflBTMaYugwHNsUNKEsPdDHXBJtPYqOCeUFOXHdRmkiqpXgIsknAYIrKUVBSocmVYBXjBNNcEYB.pkg	MISSING	UP0102-BLUS30453_00-AVASS48BITGUILE0			102400	
BLUS30453	US	UNKNOWN TITLE	http://zeus.dl.playstation.net/cdn/UP0102/BLUS30453_00/AGFjVN5XWDnbmaqKRGhblgrD55bBo4HOV8PADkvJ94Y3BJIguyCDcp6hgwB4FYfIiOFyJ477kYhxjwRGjWRK24RN6YW38M7odhDWO.pkg	MISSING	UP0102-BLUS30453_00-AVASSFIVTHAWK000			115904	
NPUP10005	US	UNKNOWN TITLE	http://zeus.dl.playstation.net/cdn/UP0102/NPUP10005_00/vOcMcIVztMOuODlZSDleufbsMacvGKoqNkyCNWpRBVAYRuQtwPhhqLGGnjxWQaRpeCKOmBbylTjiYAZCWNRYODGmesxYYLPxSioMr.pkg	MISSING	UP0102-NPUP10005_00-AVASFALHPA3CAMMY			102400	
BLUS30453	US	UNKNOWN TITLE	http://zeus.dl.playstation.net/cdn/UP0102/BLUS30453_00/SWuToyjiAJigXDGWnFICMFiFDVgoiCQrGdFqTxgDzDGHfUXghAzbwmDHBdTtJHaEAjChQvsPomfQGdaEjysChjXcaVfWVnqZuqtuZ.pkg	MISSING	UP0102-BLUS30453_00-AVASSFIV8BITADON			102400	
BLUS30453	US	UNKNOWN TITLE	http://zeus.dl.playstation.net/cdn/UP0102/BLUS30453_00/LmFDhiZMucJBzcGNTBSODYOWibtWdGKZKplmVkEvSUePhGHbErSkKVNkZeCkrMWyHjfoVdPVuAUQHPPKOIurkNSmnGdfeOBEirtzn.pkg	MISSING	UP0102-BLUS30453_00-AVASSFIV8BITABEL			102400	
NPUP10006	US	UNKNOWN TITLE	http://zeus.dl.playstation.net/cdn/UP0102/NPUP10006_00/6mFKioVa40rmglC6QqHIW7PkVRApBS8ds6PuM36E4k6R4smEFdg10q6C44bJYtWMpojR1AndlI8cLxICXBR7JH17T8L3g7duP43W9.pkg	MISSING	UP0102-NPUP10006_00-AVASTREETFTLEE00			102400	
NPUP10006	US	UNKNOWN TITLE	http://zeus.dl.playstation.net/cdn/UP0102/NPUP10006_00/PDdaC4i3wjH4n4cssiyxlHgFSWCSb41v1BgrxLiJsNy7SaSD1C0ebSn9ooe3eSWvXHyMceMyu7ToCsveMaTvTVbjKCTolD58LhcEg.pkg	MISSING	UP0102-NPUP10006_00-AVASFMIKE0000000			102400	
BLUS30722	US	UNKNOWN TITLE	http://zeus.dl.playstation.net/cdn/UP0102/BLUS30722_00/PzPQwhUbhnhTqsWGhnubTkxMscwKPyYWlUxnDricWuvfFZilctyXsFbnrmEnKbVgYuStjgVvjnJywjmexGHrFGFEcrcdysxlkbGBQ.pkg	MISSING	UP0102-BLUS30722_00-SFXTKKEN00000000			117424	
NPUP10009	US	UNKNOWN TITLE	http://zeus.dl.playstation.net/cdn/UP0102/NPUP10009_00/zVKYGqNKipdUhzVrGwbeOIuSdsuhRdLRGihrFGHlfoywNPDrXTazoPUBZFJqVQtVSDROKMXRMWLGAfUjfIRpjomHinMlPTPXqtseV.pkg	MISSING	UP0102-NPUP10009_00-AVASSF2BALROG000			102400	
BLUS30722	US	UNKNOWN TITLE	http://zeus.dl.playstation.net/cdn/UP0102/BLUS30722_00/uPSrtwSvfiOFdteHSDrZXXAqmosSMHOxMxlBZsizsgwdDyOMFaZungjEOuOTXtQcyKSUjeVoXrTCBbYtAFUKVdSSILcHnfnOrdQWn.pkg	MISSING	UP0102-BLUS30722_00-AVASFTKNJIN00000			102400	
NPUP10005	US	UNKNOWN TITLE	http://zeus.dl.playstation.net/cdn/UP0102/NPUP10005_00/YLRiVScXqraDjvhOMUNrChEmPyfrXBmgYiqoYtZCYkIINGPXXZLbpYtYyUEGetwYSIJFHBNfxhgaozhWvmfWWrFmgETqnYifxIzXp.pkg	MISSING	UP0102-NPUP10005_00-AVASFALPHA3THAWK			102400	
BLES01386	EU	Rayman® Origins - Baby Dragon Avatar	http://zeus.dl.playstation.net/cdn/EP0001/BLES01386_00/KqVevBPYNefsyPePnVTfrnPRiqJWdCMTeEqjWwudiXRrQtEumZqakXcgwACKelPw.pkg	89e7bda83aa98e729dd8b376c636cd27	EP0001-BLES01386_00-AVRAYMANOR000011			102400	
BLES01386	EU	Rayman® Origins - Globox Toe-Grab Avatar	http://zeus.dl.playstation.net/cdn/EP0001/BLES01386_00/ZOpDZlpnDBiFLVsmHJIOpgiOofFNfOsthJbuuLNcBcLoZBWUYxVOJfkQHiCmAuRC.pkg	b05f9ab7022e0c7cf5738ce1136de9ee	EP0001-BLES01386_00-AVRAYMANOR000013			102400	
BLUS31164	US	UNKNOWN TITLE	http://zeus.dl.playstation.net/cdn/UP0082/BLUS31164_00/ztIKluQuTpwSOYLedynSRQMNpdPnDteCtlBGcApYOkdLXuEkgcrjbpIrwaPJQBYA.pkg	MISSING	UP0082-BLUS31164_00-UALIGHTNIN000001			103200	
NPUP10017	US	UNKNOWN TITLE	http://zeus.dl.playstation.net/cdn/UP0102/NPUP10017_00/VpPaqmcqxHCKGwcddoUmmruTxRYWYoJDdnPFtQLbaChOPCHcmxVCiVWOfevdzmTTQhIojUKdemihMftVFNPnImXUQpfbDzgYyUkNN.pkg	MISSING	UP0102-NPUP10017_00-AVADC2TRICERATOP			126496	
NPUP10017	US	UNKNOWN TITLE	http://zeus.dl.playstation.net/cdn/UP0102/NPUP10017_00/jcsuIQLmyBgYpcjpkfgmRkmcnMyZeWGttEUUCEjjFBqSvCyXAmVecpLRZWasOgLhreCtCLeqzhuAwatyBhFVlNyUPBsYTCSipsIzF.pkg	MISSING	UP0102-NPUP10017_00-AVADC2PLESIOSAUR			121104	
NPUP10017	US	UNKNOWN TITLE	http://zeus.dl.playstation.net/cdn/UP0102/NPUP10017_00/KCTwgnYXlnsDTpmDzCvrAcmUnSrJnKSGKGSzBhjSMSTUJrDNPABeXAqRZUlEvvYawIBNYkIyVxOfJuuHzSBAkuCRmtbGbkSolrbFL.pkg	MISSING	UP0102-NPUP10017_00-AVADC2DYLANMORTN			102400	
NPUP10017	US	UNKNOWN TITLE	http://zeus.dl.playstation.net/cdn/UP0102/NPUP10017_00/GvteMrqjqnVcoSAaNRFXAyZMJgmKeROqDcREsyOhCSRUcbRBhJqquANOHnWwJZvUFlKeSSREujDidJUBJUnbmJBVmqmnmmNEDdwAo.pkg	MISSING	UP0102-NPUP10017_00-AVADC2DAVIDFALK0			102400	
NPUP10017	US	UNKNOWN TITLE	http://zeus.dl.playstation.net/cdn/UP0102/NPUP10017_00/dgoSKDGHgzTbXDtBzfGqMFAnWtaNRkrECeIAoUbsSwLSIVcoYuQVWDVfdQEesuALrEqicuJMHzWmtCMWedqPqdqIbEjvtnpaseZfG.pkg	MISSING	UP0102-NPUP10017_00-AVADC2OVIRAPTOR0			102912	
NPUP10017	US	UNKNOWN TITLE	http://zeus.dl.playstation.net/cdn/UP0102/NPUP10017_00/TOELxJbTDWAVnfjkvXUCRfANKnnpFkmyBYEwrmAfzTQpOOjiNrgAQuBylyyAlqJYZWXswwMHMKpOgmXJIYGxjRxYthgYBcsaFohXP.pkg	MISSING	UP0102-NPUP10017_00-AVADC2TREX000000			125696	
NPUP10017	US	UNKNOWN TITLE	http://zeus.dl.playstation.net/cdn/UP0102/NPUP10017_00/HbRtuqCRySPtypLEYhwdJMMilknEqxFxxDOtNhliuLMibaQPsCRdcAXyXSTiArADlgujShKOKldcCoKDrXYcVZMRjUpEDuYVdugOp.pkg	MISSING	UP0102-NPUP10017_00-AVADC2REGINA0000			103696	
NPUP10017	US	UNKNOWN TITLE	http://zeus.dl.playstation.net/cdn/UP0102/NPUP10017_00/uUIkHloWqtNDFgvsrMRFUYMVUxhjWIGLDRYLvvbzMLbeRPTSutyMYDnopjyncyysMOGVatdmApXcusNcvJzZpOnBWrUNYUsfUaSBj.pkg	MISSING	UP0102-NPUP10017_00-AVADC2PAULA00000			102400	
NPUP10017	US	UNKNOWN TITLE	http://zeus.dl.playstation.net/cdn/UP0102/NPUP10017_00/CdNmqVMkoeFsrYRnJNGaQMwZXLNiymOfwlYrJjcArqkExZQHGbKaJWRrNtmElHCwAvfbbGOakNBJJtSLKnijLAxsoFWPYydQqevlU.pkg	MISSING	UP0102-NPUP10017_00-AVADC2THIRDENERG			102400	
NPUP10017	US	UNKNOWN TITLE	http://zeus.dl.playstation.net/cdn/UP0102/NPUP10017_00/OGeIOkUSDaMfaQauoyOiUBQTALcFIpYBuqPIxwNRCIXgHZzFDKlNekLMHDBVJgwBMForiRFiPaSyCDJXSVdKQkrdEBURwEqhguCYL.pkg	MISSING	UP0102-NPUP10017_00-AVADC2REGINAUS00			102400	
PCSG00002	JP	『真・三國無双 NEXT』アバターアイコン「馬超」	http://zeus.dl.playstation.net/cdn/JP0106/PCSG00002_00/xYbffKkVsBrrhPHznjoNWMOSBZmFmyiKbOajsDpWAYvYawKYiPLAlSQSDaqlicTqhqDMofyWVTvGjmcMIVZKiHIKBKggGGefMEMGA.pkg	MISSING	JP0106-PCSG00002_00-AVATAR0000000031			157920	
BLJM60417	JP	『無双OROCHI２』アバターアイコン「源義経」	http://zeus.dl.playstation.net/cdn/JP0106/BLJM60417_00/asTqOelCtxgongKLgEhCfkGXHlZBjKDDxoOjrPcnaBjFwTCrJkZYjpDWBraXPdfRTrjEJwJbCDpEugMRYjcsUzzTgNAiYztDPZLxe.pkg	MISSING	JP0106-BLJM60417_00-AVATAR0000000007			135584	
NPEA00316	EU	Demon Bean Pink Avatar	http://zeus.dl.playstation.net/cdn/EP9000/NPEA00316_00/wrkzQGlbQhXDIRSPqfCsLAFcdGdpGKtzDgKPHXnDCboLuYMmQvAHaLucAbjdkyOJ.pkg	9ba5bf551e4b203ee3a31f69e7b767a0	EP9000-NPEA00316_00-AVAPLUSDEMONBNPK			102400	
NPEA00316	EU	Demon Bean Green Avatar	http://zeus.dl.playstation.net/cdn/EP9000/NPEA00316_00/IftJSsuXWMUHVQlCRJbchjMkeJITOuWISooADgbIBXcVrQHXJqLQTaeqEclYtoWZ.pkg	b06d6f3105419e6cb71fd0057e189ac4	EP9000-NPEA00316_00-AVAPLUSDEMONBNGR			102400	
NPEA00316	EU	Demon Bean Brown Avatar	http://zeus.dl.playstation.net/cdn/EP9000/NPEA00316_00/KZALgvlXnYwFyBlgRnvHFfyAORivSCRQSCLhPrMjDYlLclCCpSUeZTIjBuGvQmHA.pkg	3b4d9f1ab55b476a8192d72210382d4d	EP9000-NPEA00316_00-AVAPLUSDEMONBNBN			102400	
BLUS30701	US	UNKNOWN TITLE	http://zeus.dl.playstation.net/cdn/UP1063/BLUS30701_00/rPXlQiYyvoWPbkoxZSRTBxsBJlLPGjCPLexxbVYbUvptoLEGplqajCoPMXHbgbZuUGtaVydkxwflJGHRkkaMqvYlHoejrTnORkzKw.pkg	MISSING	UP1063-BLUS30701_00-AVAHDNEPBLACKHRT			103712	
NPUP10003	US	UNKNOWN TITLE	http://zeus.dl.playstation.net/cdn/UP0102/NPUP10003_00/NeM9t7GC8MmL2NfjfN8rCHNs2jdRPCNXcAGjoMCMLfLSSVJCuaTUMH2ToX8EamUIuWth7Wbsh1boeOBl4B58Xac8DqAQJ2oYJuWh9.pkg	MISSING	UP0102-NPUP10003_00-AVADSFELICIA2000			102400	
BCUS98242	US	MotorStorm® Apocalypse Urban Avatar	http://zeus.dl.playstation.net/cdn/UP9000/BCUS98242_00/amQsDejSmGWdcvOLTATIOcSMZefYnfbgqUPUWZKaVdNtBcxULFIVPYeCvrWJgWesxmpOcApoLbQGWAVRbFkTqoQVHpvLcCJhctoJv.pkg	834e7e59cd7e252d7ce0d05130bd29f2	UP9000-BCUS98242_00-AVAMOTOAPURBAN00			102400	
NPEB00645	EU	Avatar: Luna di Oddworld	http://zeus.dl.playstation.net/cdn/EP4134/NPEB00645_00/greUOzvludDoSEtOipSmjfLQVAvslslbrhcBbwUQoDbzfrvZAVptEUdhaApTMeXA.pkg	MISSING	EP4134-NPEB00645_00-AVODDWORLD000003			105280	
NPJQ80015	JP	none	http://zeus.dl.playstation.net/cdn/JP9002/NPJQ80015_00/JP9002-NPJQ80015_00-AVATAR1503PSPLUS_bg_1_184c3c70ef5fb3dae858f12bde215703d1c013e6.pkg	24d953d53e68e608049e637eefcdcf71	JP9002-NPJQ80015_00-AVATAR1503PSPLUS			102400	
NPUB30783	US	Pure Chess King Motif Avatar	http://zeus.dl.playstation.net/cdn/UP2070/NPUB30783_00/AMDXBGgXEbHZxGeOhrqlexAzWpZfyQFIQMRuYdGTBISbkhWbNmbluylxeelibyiMcuEYASHQOQHHNriACcxWRXdlUaQIRyVGvGqxa.pkg	7d9e0ff4378118d4e27cd4cda6a69893	UP2070-NPUB30783_00-AVAPCHESSKINGMO0			102400	
NPUB30783	US	Pure Chess Golden Knight Avatar	http://zeus.dl.playstation.net/cdn/UP2070/NPUB30783_00/hDoKpAEXTSlaqZJWbdkgROrXWGlrHsPPqKjXAcVLxmUkwsthvqdzAEoCGDUOuGHiCsCLFrtYBxNDjkENZPtuneEFQfdvqunTICEfW.pkg	e31b1b381d32ce3874acfa3814b9b52a	UP2070-NPUB30783_00-AVAPCHESSGLDNKNT			102400	
NPUB30783	US	Pure Chess Black & White Knights Avatar	http://zeus.dl.playstation.net/cdn/UP2070/NPUB30783_00/QHhJQllpUUFGsnYxqNWRwLcKvALCGpoQZEgxBOhtJNFHCzTHDOXyNhZdwilutkQRxWyfoebAKtDufUTWPCCDsEwuEQuErnxMrGNzS.pkg	ba0b388a46c319de4fa615e3ca2589bc	UP2070-NPUB30783_00-AVAPCHESSBLKWHTK			102400	
NPUB30783	US	Pure Chess Staunton Pawn Avatar	http://zeus.dl.playstation.net/cdn/UP2070/NPUB30783_00/IPzuLgAaUiVCrkIYMsvrplPeSZZfMvlbjFDwBtzEZzdnQydAyFexkSsSmJOlQLIugBhaOIdypmnMFNjEhHsjuHdLdkPWalNPvCpiZ.pkg	0c08a213045ee2e457f9368aefcb71c5	UP2070-NPUB30783_00-AVAPCHESSSTAPAWN			102400	
BLES01788	EU	Hyperdimension Neptunia Victory: Neptune	http://zeus.dl.playstation.net/cdn/EP1063/BLES01788_00/iPpmvgQPqJRYziVshsfklSpMWhavitINYPQILCnbxxLcCvFbbFNpLsQYebsfdqIy.pkg	5b9bfc188535b9003c8c5c95f9269040	EP1063-BLES01788_00-AVHYPERDIM000001			102400	
BLES01788	EU	Hyperdimension Neptunia Victory: Noire Avatar	http://zeus.dl.playstation.net/cdn/EP1063/BLES01788_00/uPURjRbYeBtvTSIoEdaWWqwmqBoFgOtqZJOTtaDXNNvPlraoGLRuqulekXoeScoc.pkg	98db08321192145e5b5d561f4977ac8b	EP1063-BLES01788_00-AVHYPERDIM000006			102400	
BLES01788	EU	Hyperdimension Neptunia Victory: IF Avatar	http://zeus.dl.playstation.net/cdn/EP1063/BLES01788_00/NRJPXlfgABxGRtAYWhkdnbFDAHgpsTLTQPQdQgScDOioFZCOuzwdEpBCjMiXkizv.pkg	8a933e217e93b7a591af9a2eafe0d4b6	EP1063-BLES01788_00-AVHYPERDIM000008			102400	
BLES01788	EU	Hyperdimension Neptunia Victory: Blanc Avatar	http://zeus.dl.playstation.net/cdn/EP1063/BLES01788_00/iEFnYRgMajhqWsCNEUDNALNwVCccHXwdNHRldjvDUHZENpuKfKGMquQQicuEIAbg.pkg	caa49885b5661e6c583cfbbc9ca69027	EP1063-BLES01788_00-AVHYPERDIM000011			102400	
BLES01788	EU	Hyperdimension Neptunia Victory: White Heart Avatar	http://zeus.dl.playstation.net/cdn/EP1063/BLES01788_00/RFHqwauioTSvQZcsZBSXnnuFbSadhKkIKfoILQxxeaDggrLSSbmAHJfUpanwgDlM.pkg	432f9e0a40a22bec16e5bee9d6656a2b	EP1063-BLES01788_00-AVHYPERDIM000012			102400	
BLES01788	EU	Hyperdimension Neptunia Victory: Black Heart v2 Avatar	http://zeus.dl.playstation.net/cdn/EP1063/BLES01788_00/LbcSejrLGSfurmcLoYkiekHEzfERUBRsVpqwwxKNlmDnQQSOoxqNFBVNyzffgDGK.pkg	c6ae183812daa55db8bf4c3dffcec387	EP1063-BLES01788_00-AVHYPERDIM000020			104544	
NPJQ00036	JP	UNKNOWN TITLE	http://zeus.dl.playstation.net/cdn/JP9003/NPJQ00036_00/yJkpFyxGnHMYCoNdpXCGgORCjEpGTbJjucKfhsZFwKDiwfcQKHBfPTdFhfgdGCAleMaXUBtRJcglhYfCIalWTNMWwOaxXcfmjCERe.pkg?product=0084&country=jp	31e8cfbdd967b7fde17c9e635dcff5f3	JP9003-NPJQ00036_00-AVATAR1302DOKO05			102400	
BLES00909	EU	Avatar: EZIO	http://zeus.dl.playstation.net/cdn/EP0001/BLES00909_00/MuOFfAaHMzvHlTUzUuOBtxoQClSxxnJpVPxqRsfpMOJpfTBdkcqWGIWgUzKuMoOB.pkg	2bb201409aadab55482f1b54af2514e9	EP0001-BLES00909_00-AVASSASSIN000006			102400	
BLES00186	EU	UNKNOWN TITLE	http://zeus.dl.playstation.net/cdn/EP0102/BLES00186_00/eIZXuAUCGxmiBkEKEEvlvEKtDocHTTOoJROiysjOTQeUdsNzZiOLetREOjlmMHiQ.pkg	MISSING	EP0102-BLES00186_00-AVDEVILMAY000006			128672	
BLES00186	EU	UNKNOWN TITLE	http://zeus.dl.playstation.net/cdn/EP0102/BLES00186_00/pEFqHYWQCsxPnFFuDhiFulDEAPYkDmVZKfGGtNTOLAplRERrMVMfIxToHyqGsKCZ.pkg	MISSING	EP0102-BLES00186_00-AVDEVILMAY000009			110128	
NPEA00391	EU	UNKNOWN TITLE	http://zeus.dl.playstation.net/cdn/EP9000/NPEA00391_00/YGcLnlFGwHhgQeMNWkWGsnVwmNoQogtzaIvJqaEwTKVdtyTYqerXVSFBxPbeBGpR.pkg	MISSING	EP9000-NPEA00391_00-AVASTUDIOCRAIG06			102400	
BLJM61014	JP	ACVD AVATAR 4	http://zeus.dl.playstation.net/cdn/JP0506/BLJM61014_00/IgkyypQCKHzklyYCqpShJMYSJaMALQtCnfoJIYSHpChQvIrICbDXMkYyhyukZXIc.pkg	MISSING	JP0506-BLJM61014_00-AVATAR1405000004			102400	
BLJM61014	JP	ACVD AVATAR 3	http://zeus.dl.playstation.net/cdn/JP0506/BLJM61014_00/QhOCFGOHmvQBykgzwMNWsHhENRgnBrDkJWFthjtnPUethCmfNGujrOPAXknTAGgW.pkg	MISSING	JP0506-BLJM61014_00-AVATAR1405000003			102400	
BLJM61014	JP	ACVD AVATAR 2	http://zeus.dl.playstation.net/cdn/JP0506/BLJM61014_00/TyMHlrZvuTbkqkvQIuAYpEOwzPpqZvMlaoebwudJedTeMDLRQISVcWQxbhnNELuV.pkg	MISSING	JP0506-BLJM61014_00-AVATAR1405000002			102400	
BLJM61014	JP	ACVD AVATAR 10	http://zeus.dl.playstation.net/cdn/JP0506/BLJM61014_00/VPHdNXWqsEdKFxnPFEvFTIgrPdXetHfOIOxLrnavmiSXXzvHccJvSmtbpmcURFJD.pkg	4f58cee872eff2e5639df702eeed4520	JP0506-BLJM61014_00-AVATAR1405000010			102400	
BLJM61014	JP	ACVD AVATAR 5	http://zeus.dl.playstation.net/cdn/JP0506/BLJM61014_00/WGKjZimqsjtSmTzMBElOqaqXMfPkjhADAaPncsZzdngcqKVdqbkIzfcBwuzEgpfH.pkg	MISSING	JP0506-BLJM61014_00-AVATAR1405000005			120192	
BLJM61014	JP	ACVD AVATAR 7	http://zeus.dl.playstation.net/cdn/JP0506/BLJM61014_00/XwgZThGmjlITEFFRefuzrTRRlInWCyGRRFCdeIvlnjITRbsvPJCAaQjKUMnoPaSW.pkg	a54fb0a7b42c9b4f36fab1975de6e426	JP0506-BLJM61014_00-AVATAR1405000007			108720	
BLJM61014	JP	ACVD AVATAR 8	http://zeus.dl.playstation.net/cdn/JP0506/BLJM61014_00/oYuKlqItzGNQzEurntDxGHcjCrHxCRiExeQbsjaNsfkRHWgIbbnwVcLPoUiIaPLI.pkg	cf8d8137403b1b4ce46463f13dbcdbb1	JP0506-BLJM61014_00-AVATAR1405000008			104368	
BLJM61014	JP	ACVD AVATAR 1	http://zeus.dl.playstation.net/cdn/JP0506/BLJM61014_00/sVDoOeAWbfsXxWxjdKLgJxWutAqbZGjXeKTMOwsZdgtBbajuxVuhlfXIolgFocMy.pkg	MISSING	JP0506-BLJM61014_00-AVATAR1405000001			102400	
BLJM61014	JP	ACVD AVATAR 11	http://zeus.dl.playstation.net/cdn/JP0506/BLJM61014_00/txlNmSRimUjDgaYVPOkpkdegBqPQYWSonBhwBlmibKMERSLzVgReEldSlDsbHToB.pkg	32012223c981cb86a58552af18f3afd3	JP0506-BLJM61014_00-AVATAR1405000011			102400	
BLJM61014	JP	ACVD AVATAR 12	http://zeus.dl.playstation.net/cdn/JP0506/BLJM61014_00/yiiMYRhHlayOaObiIdQWPxjpOUHIiuuAbwVLUuGTgSAJruTTnSuWbGmsylmZzSRz.pkg	371289192e0d4dcc72f87036345e283a	JP0506-BLJM61014_00-AVATAR1405000012			102400	
BLJM61113	JP	DARK SOULS Ⅱ　アバター　4	http://zeus.dl.playstation.net/cdn/JP0506/BLJM61113_00/ArOFnTDMliTmTBonyKmHLEyYuECbEjpbIGlakOOjdsyzcoQGeEvnNaiRdmLEDcsP.pkg	c425008c11f66f6bde02b19146dad486	JP0506-BLJM61113_00-AVATAR1405000004			102400	
BLJM61113	JP	UNKNOWN TITLE	http://zeus.dl.playstation.net/cdn/JP0506/BLJM61113_00/EiRmUSHyperGoAgYxwQxFXmXPaqIZeujEvPzIExwMmwPaYCaiHWveFayHotdhRGd.pkg	ee65582f66d0887e070bc2b5c3aa8a3b	JP0506-BLJM61113_00-AVATAR1405000012			118112	
BLJM61113	JP	DARK SOULS Ⅱ　アバター　5	http://zeus.dl.playstation.net/cdn/JP0506/BLJM61113_00/FZDkLRuHdpndcrQIzBioOkgqyrzmYbOyQXqWbpvajwTObPfleGHhtALZSCrZNoep.pkg	6a8bf56203da84afe371b051a5856b71	JP0506-BLJM61113_00-AVATAR1405000005			102400	
BLJM61113	JP	DARK SOULS Ⅱ　アバター　2	http://zeus.dl.playstation.net/cdn/JP0506/BLJM61113_00/GACTFCfzffYmnYpwyCcpNNcBBVjkoJweZFFMjvpxvMymIVUgeXJhQDtwDZwZzirp.pkg	01966de8a2b90df3d1ad04d144359b01	JP0506-BLJM61113_00-AVATAR1405000002			102400	
BLJM61113	JP	DARK SOULS Ⅱ　アバター　3	http://zeus.dl.playstation.net/cdn/JP0506/BLJM61113_00/GJVQNtItPSIYRrURPpAeXeMcTkrtHFCytdfemZslnhDHjYHZZwNJmVUKVkSUtlYl.pkg	6bebe6479d6cd6c106763a3ee4692a32	JP0506-BLJM61113_00-AVATAR1405000003			102400	
BLJM61113	JP	UNKNOWN TITLE	http://zeus.dl.playstation.net/cdn/JP0506/BLJM61113_00/JpCtZJwoOmgcOnSAZZcXTdxjthaDJvtArJvhAXjjQPHzhkztUqUaCjKEjttmYSKW.pkg	5f420fe47c94c0ba39dad6c56f91f82f	JP0506-BLJM61113_00-AVATAR1405000011			102400	
BLJM61113	JP	UNKNOWN TITLE	http://zeus.dl.playstation.net/cdn/JP0506/BLJM61113_00/awLioaruyntntuBduCAKyWHurTqvpTUlVTkggvOKLIuHkYTrErIvIrhiGTIcGgjU.pkg	fa33729867aee56626ab9f704218eb2d	JP0506-BLJM61113_00-AVATAR1405000010			102400	
BLJM61113	JP	UNKNOWN TITLE	http://zeus.dl.playstation.net/cdn/JP0506/BLJM61113_00/ctsyoPIqDVFhNbFRHbRrkzONYFlmTiHzEihTFnqyYJailzkOdRymipEVYPksVskF.pkg	47f576bf00c850e0e1eb9bf17df6573c	JP0506-BLJM61113_00-AVATAR1405000009			102400	
BLJM61113	JP	DARK SOULS Ⅱ　アバター　6	http://zeus.dl.playstation.net/cdn/JP0506/BLJM61113_00/glxlEjJuDBsxwSFvmHeAUQhgXQNtBbUFATPrkIJTqDACMiAbybMerDehOuTblLTW.pkg	88beed48baca120d31d35adf82107884	JP0506-BLJM61113_00-AVATAR1405000006			102400	
BLJM61113	JP	DARK SOULS Ⅱ　アバター　1	http://zeus.dl.playstation.net/cdn/JP0506/BLJM61113_00/kNjePhbLjIxoDYXdLPMzIlvPEaVUMmQtNJkFtOQJsDYKADaDDTYqmpteQPocOKQS.pkg	9e81a9415afe0faf49f895281c2dde4c	JP0506-BLJM61113_00-AVATAR1405000001			102400	
BLJM61113	JP	UNKNOWN TITLE	http://zeus.dl.playstation.net/cdn/JP0506/BLJM61113_00/oiGWKnyYNTtsLlUixnmMZukINUhBEZvnoSMDwrVdRAhbCrGxnTjpPoCtsUdnBtxf.pkg	3e514a85ebfe2b84e232de97810a5541	JP0506-BLJM61113_00-AVATAR1405000007			102400	
BLJM61113	JP	UNKNOWN TITLE	http://zeus.dl.playstation.net/cdn/JP0506/BLJM61113_00/wKUsDnflvbOZVXpCmCMVZPkcdLWKbhyLkhrNpEMCvtBHdFtMMJELbXooDXdiyYvb.pkg	8a434a61fde357ab86e47092c3d0bcad	JP0506-BLJM61113_00-AVATAR1405000008			102400	
BLUS31193	US	UNKNOWN TITLE	http://zeus.dl.playstation.net/cdn/UP0001/BLUS31193_00/ojiAEKSysIXCUlfWRhjnSHcDegRfhDQHRiiLaUvfjeQdRaflMZfWMXyAPUfbdjWK.pkg	cb87bf35d9ab4101f04c558dfbea9b39	UP0001-BLUS31193_00-UAASSASSIN000001			102400	
BLUS30339	US	UNKNOWN TITLE	http://zeus.dl.playstation.net/cdn/UP0101/BLUS30339_00/PPEhQBVsnIpWIXkrsODJuYpyxKCoqACZHaPjpnYkhohhoGPlPvXvweCptmidTnxcyjfdlasofjITWrhaoinqxtnufNYMoiLMlVivQ.pkg	MISSING	UP0101-BLUS30339_00-AVACLSBRKNGODMAS			102400	
NPUB30505	US	UNKNOWN TITLE	http://zeus.dl.playstation.net/cdn/UP0101/NPUB30505_00/KFkmDOTUlefjjuxFTqJOBtBgAlbgXGcJMFDnJdvCtXztMCzWcUKmuLYDrWBquQQkYVnuvuXKlKmeZnVzGsMXYkYTUWIBYAvQZlFfC.pkg	MISSING	UP0101-NPUB30505_00-AVACHODSOMA00000			102400	
NPUB30505	US	UNKNOWN TITLE	http://zeus.dl.playstation.net/cdn/UP0101/NPUB30505_00/LEdQMIcpOfLJVpBupWxqjCDtIbuAyFYssKaaJjMthlayztlBHPaScMoKrPnxVYvxSORTcCLzAWbeTnJuRCPiZXLzLTAUTDcRKCpNt.pkg	MISSING	UP0101-NPUB30505_00-AVACHODJONATHAN0			108000	
NPUB30505	US	UNKNOWN TITLE	http://zeus.dl.playstation.net/cdn/UP0101/NPUB30505_00/WOnNReeOSeRzLfWcFCBQqfIXIWDamOjcLeTJiCTACBRzVNByCetyWZBuxaznkSEGyBBYOEjDLTBZKXRzwUHOKPfWGiiQRXBWLbfbr.pkg	MISSING	UP0101-NPUB30505_00-AVACHODMARIA0000			107072	
NPUB30505	US	UNKNOWN TITLE	http://zeus.dl.playstation.net/cdn/UP0101/NPUB30505_00/kBdDYBWwvzdCGTPqSpHHIpaDjDOuZXWqlvUBuOsOyOYAiPRHzBIAxmNgXyiGwrbTJwHEfHvVHBLmhvbFKSxTKGAVoUTGRXlbYjHeQ.pkg	MISSING	UP0101-NPUB30505_00-AVACHODSIMON0000			104288	
NPUB30505	US	UNKNOWN TITLE	http://zeus.dl.playstation.net/cdn/UP0101/NPUB30505_00/pIPWupJePwVKzoyTlrfkZyJudLhArFnIidnSPUtSOEuuMVFNebkIbdaeedfmARSMlZHUEleAXLVYnyRJzdBibYzIrjeYglUOilGjA.pkg	MISSING	UP0101-NPUB30505_00-AVACHODCHARLOTTE			102400	
NPUB30505	US	UNKNOWN TITLE	http://zeus.dl.playstation.net/cdn/UP0101/NPUB30505_00/pWSYEHJYbnUbsNJXHjLuYKrmsKqUspczaVdbhtwQpfLrDngyCGjtvprtJMBufhkodRLjAEqyaJAqfqQZGDNDKHXMYCbxRODkTMLSd.pkg	MISSING	UP0101-NPUB30505_00-AVACHODSHANOA000			103392	
NPUB30505	US	UNKNOWN TITLE	http://zeus.dl.playstation.net/cdn/UP0101/NPUB30505_00/pmHjJNLrFKXlOJqwmfQxeQUMNFHrAbBeOKsOkoXStsZZkaVHefMQzKRPXoscoZaGBzcoThCWoXagiCxCGBSYrzafpWSoXywTItmtB.pkg	MISSING	UP0101-NPUB30505_00-AVACHODALUCARD00			110832	
NPUB30505	US	UNKNOWN TITLE	http://zeus.dl.playstation.net/cdn/UP0101/NPUB30505_00/vWXYZYGiphunghmASFXazKipLgqyCNsdylYXRsGtQuFhlpjHPIaItHDUctQKwjfXuYhkjuzReRCyrfduKSWOuaFWrnPITmiFmqZnn.pkg	MISSING	UP0101-NPUB30505_00-AVACHODYOKO00000			109408	
NPUB30505	US	UNKNOWN TITLE	http://zeus.dl.playstation.net/cdn/UP0101/NPUB30505_00/yCjFBrRmCtDFODSBUUIioxoCrlwletMsHKoasQnYwbxSlueOlaZPmrVYgwOvTuWEJXkRTMtUtsDGaoAvbvcjeRzyMaoBFPMnMSgOD.pkg	MISSING	UP0101-NPUB30505_00-AVACHODRICHTER00			108944	
BLUS30439	US	UNKNOWN TITLE	http://zeus.dl.playstation.net/cdn/UP0102/BLUS30439_00/1v2TxLfmE3RBLxcTDwWoq4m8odVxFoJurUefk6Qwr3FXyKpQJ252frL73EbCqS8neoD8T5QsVb90Mth384cU7uBMocS9a56elKP1G.pkg	MISSING	UP0102-BLUS30439_00-AVADEADRIS2CHUCK			102400	
BLUS30439	US	UNKNOWN TITLE	http://zeus.dl.playstation.net/cdn/UP0102/BLUS30439_00/GODEiSUpLhkwmeDILBYnrUTIQAQWBRuGEoMBRXIUrdHGUhHRbehGvGHwARwuNfavjKvFKKgBNAjJNudjbfNIvKyyZhljdTJXWKlVD.pkg	MISSING	UP0102-BLUS30439_00-AVADR2CRYSTALBAI			102400	
BLUS30439	US	UNKNOWN TITLE	http://zeus.dl.playstation.net/cdn/UP0102/BLUS30439_00/IBOvXiarJhhgZMEiFkuzkQztJOxRXoOVAzqLECiptqBLmTeBhpIFkZAMbRhkNwTTNpkTLAnKmxXxPoXyXpPiwhsHbvhtiRKztfisd.pkg	MISSING	UP0102-BLUS30439_00-AVADR2TYRONEKING			102400	
BLUS30439	US	UNKNOWN TITLE	http://zeus.dl.playstation.net/cdn/UP0102/BLUS30439_00/SckXoNmmftrfPSfqxIGlOPqwUWoyLeatLZgTNUkHobvlfiqLAnRnQtcHdBTGnhpufrhgOBeQXSTFEQCRDOUJSzFYocWvDfPkTtMAR.pkg	MISSING	UP0102-BLUS30439_00-AVADR2CHUCKGREEN			112016	
BLUS30439	US	UNKNOWN TITLE	http://zeus.dl.playstation.net/cdn/UP0102/BLUS30439_00/aBrpvOjEMmiwcWNGOrFzruIIlENoJxQYXCwcybrBPBVekFLhpYDvNTuxJoCEqlVNaCiXyJwTSoGBpbkdmeXiGstTtewECFkxyHMaP.pkg	MISSING	UP0102-BLUS30439_00-AVADR2STACEYFORS			105776	
BLUS30439	US	UNKNOWN TITLE	http://zeus.dl.playstation.net/cdn/UP0102/BLUS30439_00/cbzOZUPuKyoVdurLtLjzZBRfvrYdECTenMxFrpsUeemMuwQNBGDjrKOfILDWfrGrtgEtTElSoTqCetscUjvpUKbLOoaapfKAZFACL.pkg	MISSING	UP0102-BLUS30439_00-AVADR2ANGRYCHUCK			102400	
BLUS30439	US	UNKNOWN TITLE	http://zeus.dl.playstation.net/cdn/UP0102/BLUS30439_00/dAyIIDpWgTZxeybAvHCOBldTZnpApNBERquITEcjKpvHlKMwKByQBYPHeoCvQqAjgSRUprftMFHDLALOrtOYbRbCVnwIXlziPwnKR.pkg	MISSING	UP0102-BLUS30439_00-AVADR2BLOODYCHUC			102400	
BLUS30439	US	UNKNOWN TITLE	http://zeus.dl.playstation.net/cdn/UP0102/BLUS30439_00/dG4rr9a8vGG25qyqEN3pPupVJJPjn0pu7BYL2UlYSylsym7ytQloBgUuecLKqWWiuxjFtVvfDRJEOJsKaimMxcffHLp7N2DX62g51.pkg	MISSING	UP0102-BLUS30439_00-AVADEADRIS2FATLA			102400	
BLUS30439	US	UNKNOWN TITLE	http://zeus.dl.playstation.net/cdn/UP0102/BLUS30439_00/fweRSMNpyCfpPFYNgELBQBLXnnczlFCiVJWpGXJhPvaAtiIkVPSzusZliYixkvarvEwQrxxEnusiaRzKSBnXbEsBFhtzNFLlierNn.pkg	MISSING	UP0102-BLUS30439_00-AVADR2AMBERBAILE			102400	
NPUP10003	US	UNKNOWN TITLE	http://zeus.dl.playstation.net/cdn/UP0102/NPUP10003_00/30oDXss9CbEmISqkTXtCyTRDcvLmBiO8yWA5DrYsJHuU5Pc4lGJ4u6Hcnvrx4P4dvFBQorsT5Y4xHXw85fKh0XIiMFguWtloRSUIP.pkg	MISSING	UP0102-NPUP10003_00-AVADSJEDAHDOHMA0			102400	
NPUP10003	US	UNKNOWN TITLE	http://zeus.dl.playstation.net/cdn/UP0102/NPUP10003_00/4ahCJQedKh2IXtd5PbCmQJ0OwehAjufr6yS6fnxYSYly6LCkQVHwngNMbs21YDQTaa1vuKLJRUms7d38vCOG6iP4TDXl77viRHRXl.pkg	MISSING	UP0102-NPUP10003_00-AVADARKSTALKJONT			102400	
NPUP10003	US	UNKNOWN TITLE	http://zeus.dl.playstation.net/cdn/UP0102/NPUP10003_00/6LbbPgfw0LDJkfx4kjImvO8nl9WUX8qdAbBuNht1VNbl6LE4oAlpUtp3grW5s5aX6dHmgbblewKbf8I5I2Oshcgu2A8JM0DvhCA5S.pkg	MISSING	UP0102-NPUP10003_00-AVADARKSTALKFELI			102400	
NPUP10003	US	UNKNOWN TITLE	http://zeus.dl.playstation.net/cdn/UP0102/NPUP10003_00/6QpMvGvpdEXnVB5pYckU1aLe8OI5bAccSCeA6efdaui8DUWcQ9ck1bqKgLv6owaiBybtt56OrP35AcQ2AfSlptcbM6u3GaA5kfaoL.pkg	MISSING	UP0102-NPUP10003_00-AVADARKSTALKSASQ			102400	
NPUP10003	US	UNKNOWN TITLE	http://zeus.dl.playstation.net/cdn/UP0102/NPUP10003_00/77rr6P8DsXrULOxOwrBJYVQ7s1iAqtxk29ytIGNBm6cdVI6Cnt2yF5J0j9X3dLLRBN06gMmHD0nGkq46Wt1nDiGSPmvSRo1Piklnv.pkg	MISSING	UP0102-NPUP10003_00-AVADSRIKUO000000			102400	
NPUP10003	US	UNKNOWN TITLE	http://zeus.dl.playstation.net/cdn/UP0102/NPUP10003_00/9qdxLVV8XFkUbOIg7BADJvvEXbIp6QUVJCJal4VJW1tpMoLJxUApAW7OTamSV0nVSYVncKiHIYff79oTljbT7gcit93eIK2LvkKya.pkg	MISSING	UP0102-NPUP10003_00-AVADARKSTALKANAK			102400	
NPUP10003	US	UNKNOWN TITLE	http://zeus.dl.playstation.net/cdn/UP0102/NPUP10003_00/BlkfUGqh4d4s3EhmlNC45bHsijSGJE6SDmrNkhQN5ScRvuj5nMpTPMSb4AMdFGgTmCejn0yfOWWqayPU76ywnGVi1Orvci0KkMJSe.pkg	MISSING	UP0102-NPUP10003_00-AVADARKSTALKMORR			102400	
NPUP10003	US	UNKNOWN TITLE	http://zeus.dl.playstation.net/cdn/UP0102/NPUP10003_00/Bm8CsHYcXIJ6BUNL7AU2HPo9SLQJNDOaEV3xV7TJf839hKuRL6lLBuqNBlimEsWRntf4tQ01bxhlMuG2OrAuyVdU0PbcCPYlla0yF.pkg	MISSING	UP0102-NPUP10003_00-AVADARKSTALKLORD			102400	
NPUP10003	US	UNKNOWN TITLE	http://zeus.dl.playstation.net/cdn/UP0102/NPUP10003_00/CptIDJbIUO4SdyOO7Dni7fPjpR8r1gU6TIm65f3MGY5p7behixVjjV5SF7YnMfcV9xgPjhQd4sfvSA7otH96t5VwBPe1GJlV3sVJ6.pkg	MISSING	UP0102-NPUP10003_00-AVADSQBEE0000000			102400	
NPUP10003	US	UNKNOWN TITLE	http://zeus.dl.playstation.net/cdn/UP0102/NPUP10003_00/N8Pdn1YooLmVdx9F0MUFEb2FqSxMqAYj1mbREra4FGuLuD1847BLSkegaH4LR6FBXK80NP5xv8Kcy3jXrg3pgE7DgeEJRJ9PMwGUQ.pkg	MISSING	UP0102-NPUP10003_00-AVADARKSTALKLILI			102400	
NPUP10003	US	UNKNOWN TITLE	http://zeus.dl.playstation.net/cdn/UP0102/NPUP10003_00/NetRUJbU5RCXM0q5Pc7B6wCcaxNp4K7X0s6Bo5kO3ibLMA9bNlaVhaNx116R8qpur9CFx8elaHOxAi57q7n3Ygj8yragk7gr438wx.pkg	MISSING	UP0102-NPUP10003_00-AVADARKSTALKDMAX			102400	
NPUP10003	US	UNKNOWN TITLE	http://zeus.dl.playstation.net/cdn/UP0102/NPUP10003_00/O5Ejfg5JTpsOk65LKUwdy2wdSgFuONYWMibEEGF06iWX8TbDLRjoxfT3Q6hD8rxPeC9lqnuNa1a55fFftcIMWJtKxDO7mVvQtLRB2.pkg	MISSING	UP0102-NPUP10003_00-AVADARKSTALKOBOR			102400	
NPUP10003	US	UNKNOWN TITLE	http://zeus.dl.playstation.net/cdn/UP0102/NPUP10003_00/UWg2PLRsukNcTDXNVBDOHdUgN3JkkeC0tdt1WLnGMPPhfmahv0VsYAs1ifBrRivWPeQhnt5SiG0BeeQFg9lQJKSguQHu7VmykokTi.pkg	MISSING	UP0102-NPUP10003_00-AVADSMORRIGAN200			102400	
NPUP10003	US	UNKNOWN TITLE	http://zeus.dl.playstation.net/cdn/UP0102/NPUP10003_00/i7N5Gf8eu98vPCQulf0yCLpeMcK1CIewCIVi3jjDk9JqnR1IDiBWxHHtXTL8SouLpDrnWke2h5fqpJvLmuYtkJgNeq7WMFMfSr5u5.pkg	MISSING	UP0102-NPUP10003_00-AVADARKSTALKBBHD			102400	
NPUP10003	US	UNKNOWN TITLE	http://zeus.dl.playstation.net/cdn/UP0102/NPUP10003_00/naKmSryFlMQLERM4PEtCAgVVuMR8UiXJPEjOOWSEEn4fpkIjJwDS0Akixfj0s4eDPFNi66QpBVcwr2yTRMcewyQ0VK7SioqmxHoCy.pkg	MISSING	UP0102-NPUP10003_00-AVADARKSTALKHSIE			102400	
NPUP10003	US	UNKNOWN TITLE	http://zeus.dl.playstation.net/cdn/UP0102/NPUP10003_00/vwF084ugQEpsoLN0rlfW7XUkLaNielgchWvtsDiyipiaHyLamHRyhA3RYfTJ9OIHnncfK7AtAC2mXFNX5Rj1lms7dWomjiXDtDeYp.pkg	MISSING	UP0102-NPUP10003_00-AVADARKSTALKVICT			102400	
NPUP10003	US	UNKNOWN TITLE	http://zeus.dl.playstation.net/cdn/UP0102/NPUP10003_00/w6SEkPCxwcQOlNTFABhhG0pQlvLCf6XqbymymasH11Xyt8YG9ws1iR7RL9U96lTFnW6cxlmhbHLnJP64OEQeV74jHtYaJIeV201rT.pkg	MISSING	UP0102-NPUP10003_00-AVADSDONOVAN0000			102400	
NPUP10014	US	UNKNOWN TITLE	http://zeus.dl.playstation.net/cdn/UP0102/NPUP10014_00/KhzRyblsxfUwDtkXAjcRuCFJejmyXCtsPOmDJmLwKkRzwNIHTuYjBQQzkfLBPffVhNxMRstQcGKOMbmeEzugFDqDokqHrjncNwXBw.pkg	MISSING	UP0102-NPUP10014_00-AVABOF4URSULA000			102400	
NPUP10014	US	UNKNOWN TITLE	http://zeus.dl.playstation.net/cdn/UP0102/NPUP10014_00/RvgAxosjwuxyWAdvzOFDeRTKgEiMZCfxscaTBTvLkSsDgjjvyrHRNkxHwxIwxMGmOwjZhQgNDfpgfZMbNkhzvGLFPtrFfElLdLuwx.pkg	MISSING	UP0102-NPUP10014_00-AVABOF4WONQU0000			102400	
NPUP10014	US	UNKNOWN TITLE	http://zeus.dl.playstation.net/cdn/UP0102/NPUP10014_00/YrnWcEkbSWvEeDcIpcJsmnSAThCQwoISqHUCbyrwlnLgObxgYkNORkkGkCKfOqnDZDgDmWjMrMIebFXXvHopBsvQWwlnlZixlKPqQ.pkg	MISSING	UP0102-NPUP10014_00-AVABOF4RYU000000			102400	
NPUP10014	US	UNKNOWN TITLE	http://zeus.dl.playstation.net/cdn/UP0102/NPUP10014_00/ebJnTTiZXnYfByfcWcRrHRjnerTrImnHySGFCChdLPpXnnYMmLETklyywcQzfyJxGSyJcGqLectXXMybMCNUbAEikXGUkVjomgacx.pkg	MISSING	UP0102-NPUP10014_00-AVABOF4MASTER000			102400	
NPUP10014	US	UNKNOWN TITLE	http://zeus.dl.playstation.net/cdn/UP0102/NPUP10014_00/fYTyeqpEzZmanESAnoStSvQuhUaYVBsnFENJAfzwViiwVwToQPNPXRyaTkVBmwEDXAbNHUvHmPKYWYuhGLmzjPBAHWOyfBmdNWELy.pkg	MISSING	UP0102-NPUP10014_00-AVABOF4FOULOU000			102400	
NPUP10014	US	UNKNOWN TITLE	http://zeus.dl.playstation.net/cdn/UP0102/NPUP10014_00/lEpnzNTjqLvobOlyhkZRKDUiFDaEXNvuXVXHOAHrBtIpbOsIwFMmAonxwufquaYsEToMGygSMgVjuFWhoqXpCiDlMprhgxUuLoEnq.pkg	MISSING	UP0102-NPUP10014_00-AVABOF4RYUTRANSF			102400	
NPUP10014	US	UNKNOWN TITLE	http://zeus.dl.playstation.net/cdn/UP0102/NPUP10014_00/oiWrwdGglJMfCMvrFsJMPzezjuEGxIFQUUrxlHbevaNUjgJwQiKVyZvyFItVJbXJldBaAztIAiLgYwzDwuSdckGniyuSGvnHIeVGT.pkg	MISSING	UP0102-NPUP10014_00-AVABOF4SCIAS0000			102400	
NPUP10014	US	UNKNOWN TITLE	http://zeus.dl.playstation.net/cdn/UP0102/NPUP10014_00/pSBguKfjuzUROnBwwMcxRUogQCQkrwvLwxjuXqQpHBetfEzPjRVJiLPjdHMdviLkoNJSluegzXqgrcIvZRXtpdZIggNLBOXMIaSvE.pkg	MISSING	UP0102-NPUP10014_00-AVABOF4CRAY00000			102400	
NPUP10014	US	UNKNOWN TITLE	http://zeus.dl.playstation.net/cdn/UP0102/NPUP10014_00/uojQNnNSUiZdQrBNRkanNjEmuRPGkaBQPcqgvBFlqVyeYMxCwXctrZsqZmvCReAinWSsBpazEpiJKrvqIWCQbEzcJfLebzEpJuLYj.pkg	MISSING	UP0102-NPUP10014_00-AVABOF4RASSO0000			102400	
NPUP10014	US	UNKNOWN TITLE	http://zeus.dl.playstation.net/cdn/UP0102/NPUP10014_00/vpleHTZzfDUplVYgCMraInDcNFlaxIrwdskLATAXLtEnBRdJjPWkDuimxSynsTIfMMKjnKanAmwkypDzFUHVZLQtcLpWfriVEVVOh.pkg	MISSING	UP0102-NPUP10014_00-AVABOF4NINA00000			102400	
BLUS30735	US	UNKNOWN TITLE	http://zeus.dl.playstation.net/cdn/UP1063/BLUS30735_00/PEIqrCcCcESiWEYHEBESJcLykJTFMnVAubLqXvuXHHHvyohxWSOEmHlaWIKCVRFgGhHMZCpeuimFxhAnTMjGxLiNXoBbDXCeYnAoz.pkg	MISSING	UP1063-BLUS30735_00-AVAATELTOTORI000			108512	
BLUS30735	US	UNKNOWN TITLE	http://zeus.dl.playstation.net/cdn/UP1063/BLUS30735_00/yFAlAookXkfWeSKRCMHetlRlOGwmFmlgbyDbDRfmokNmMLnPuNiFBdkkfDUyEJLlyzgGSFZaqqLINfRSTyGGaTnSJOJXoUbZJkDoG.pkg	MISSING	UP1063-BLUS30735_00-AVAATELRORONA000			106208	
NPUB31440	US	Alien: Isolation - Survive Avatar	http://zeus.dl.playstation.net/cdn/UP0177/NPUB31440_00/UP0177-NPUB31440_00-UAALIENISO000001_bg_1_b23fab99ecb16c056d8cde6d98ae27d16cc086eb.pkg	c6c1d1c5e6f81b96924d80a2659f077e	UP0177-NPUB31440_00-UAALIENISO000001			102400	
NPUB31440	US	Alien: Isolation - Seegson Logo Avatar	http://zeus.dl.playstation.net/cdn/UP0177/NPUB31440_00/UP0177-NPUB31440_00-UAALIENISO000002_bg_1_26c8806b3da7e9dc4fc94578f54bdaf9a8544b83.pkg	0dc9d5cb84920688b059ecb7463357f1	UP0177-NPUB31440_00-UAALIENISO000002			102400	
NPUB31440	US	Alien: Isolation - Logo Avatar	http://zeus.dl.playstation.net/cdn/UP0177/NPUB31440_00/UP0177-NPUB31440_00-UAALIENISO000004_bg_1_e6676a96f68846a99e92891639e642912566c4ef.pkg	11f411e4dc4016bc96eee7fde14106c8	UP0177-NPUB31440_00-UAALIENISO000004			102400	
NPUB31440	US	Alien: Isolation - Arc Avatar	http://zeus.dl.playstation.net/cdn/UP0177/NPUB31440_00/UP0177-NPUB31440_00-UAALIENISO000005_bg_1_bfb3403ee2b2adb0556c12fa34ca8b949ce68934.pkg	42a54ea31c2883b1150c7859689fb9e2	UP0177-NPUB31440_00-UAALIENISO000005			102400	
NPUB31440	US	Alien: Isolation - Samuels Avatar	http://zeus.dl.playstation.net/cdn/UP0177/NPUB31440_00/UP0177-NPUB31440_00-UAALIENISO000007_bg_1_f3833489bc665677d69970ee914f69e22828c26a.pkg	64921114c70204b7c87836a8143a560a	UP0177-NPUB31440_00-UAALIENISO000007			102400	
NPUB31440	US	Alien: Isolation - Robot Avatar	http://zeus.dl.playstation.net/cdn/UP0177/NPUB31440_00/UP0177-NPUB31440_00-UAALIENISO000010_bg_1_68a1a0a53d3491ccfa6f4f56bf5ea32144332319.pkg	f8aa072e81459f5aa5195a4659891eb9	UP0177-NPUB31440_00-UAALIENISO000010			102400	
NPJQ00043	JP	『フリーダムウォーズ』 「咎人（男）」アバター	http://zeus.dl.playstation.net/cdn/JP9003/NPJQ00043_00/FvLZequvPHRsWszDRLVErpRUVuOGIhSbTdIciSHokTeXeQLkXDtBVgrLbByJguBs.pkg	MISSING	JP9003-NPJQ00043_00-AVATAR1402FW0003			102400	
NPJQ80008	JP	「ヱヴァンゲリヲン新劇場版」 綾波レイ　アバター2	http://zeus.dl.playstation.net/cdn/JP9003/NPJQ80008_00/ldjmNFvoLYTZNkKDEEotcQWRHqZFexSypSAAIPdhJLwiTNoADimOwORKwAzpojFViDzMTcXRgsCvOqYslpFJEPOXmYqrGVAVqBTOQ.pkg	80ff2e390a3a0f82d5b5be0ca7a1e2bc	JP9003-NPJQ80008_00-AVATAR1208E12001			102400	
NPJB00448	JP	ドラゴンボールZ BATTLE OF Z　キャンペーンアバター　超サイヤ人ゴッド孫悟空	http://zeus.dl.playstation.net/cdn/JP0700/NPJB00448_00/BTubpOHKnmJucdeMuKWXvbcQKozXytFtZYpeQBhLOxkplIbUyJLqKUrKdkMFVbsW.pkg	MISSING	JP0700-NPJB00448_00-AVATAR1312CMP001			102400	
NPJB00448	JP	ドラゴンボールZ BATTLE OF Z　キャンペーンアバター　超サイヤ人孫悟空	http://zeus.dl.playstation.net/cdn/JP0700/NPJB00448_00/CvQCWfaZRoOCxHTjRsaXAdPrpuyxInnltiYIjHGZjCjYTXLFWpCYflzGGgrgQAeJ.pkg	MISSING	JP0700-NPJB00448_00-AVATAR1312CMP004			113376	
NPJB00448	JP	ドラゴンボールZ BATTLE OF Z　キャンペーンアバター　超サイヤ人ベジータ	http://zeus.dl.playstation.net/cdn/JP0700/NPJB00448_00/CFhbymKIQFFnAsLMTTxaewanFUKnpuEZdCseGDcVystHzPgorORZezZIBzvGMkQl.pkg	MISSING	JP0700-NPJB00448_00-AVATAR1312CMP005			102400	
NPJB00448	JP	ドラゴンボールZ BATTLE OF Z　キャンペーンアバター　破壊神ビルス	http://zeus.dl.playstation.net/cdn/JP0700/NPJB00448_00/QqFehAYLQyFJCNRvbFmmEjUvzoBkhjWnKUktUGWqqKzUcyphMiIKiDmcRhPPvWrz.pkg	MISSING	JP0700-NPJB00448_00-AVATAR1312CMP002			102400	
NPJB00448	JP	ドラゴンボールZ BATTLE OF Z　キャンペーンアバター　ウイス	http://zeus.dl.playstation.net/cdn/JP0700/NPJB00448_00/ZnHDgAcalmVszjjAmQynMkbVvTGIYlEgMgPFUrOYQPFIaNrmeIsFDZqqVNKvRdkh.pkg	MISSING	JP0700-NPJB00448_00-AVATAR1312CMP003			102400	
NPJB00448	JP	ドラゴンボールZ BATTLE OF Z　キャンペーンアバター　超サイヤ人トランクス	http://zeus.dl.playstation.net/cdn/JP0700/NPJB00448_00/XrQefyJrrrCQxVDUZHfsdVaqXIHdCMzXBALPjxbieoidAbGiNShYGfZcavQtaGeW.pkg	MISSING	JP0700-NPJB00448_00-AVATAR1312CMP006			102400	
NPJB00448	JP	ドラゴンボールZ BATTLE OF Z　キャンペーンアバター　ピッコロ	http://zeus.dl.playstation.net/cdn/JP0700/NPJB00448_00/kpTTUsDNcqGHqBsDZesJEqVidCBrFZapPTEyJktBZEXRJNDpTAsjKzLRWtkEzcAR.pkg	MISSING	JP0700-NPJB00448_00-AVATAR1312CMP007			102400	
NPJR80005	JP	DISSIDIA 012[duodecim] FINAL FANTASY アバター ヴァン	http://zeus.dl.playstation.net/cdn/JP0082/NPJR80005_00/oSJCiSwffEQchrUZEgxcEHhXdXihgmlyMYbZdSjiOnSgpWFlrboBuSsUviNTPOAZIDyhEaRBPqfgNfZRZdBROVqOkVkksJrAssSEn.pkg	MISSING	JP0082-NPJR80005_00-AVADISSIDIA00005			111776	
NPJB00448	JP	アバター　魔人ブウ	http://zeus.dl.playstation.net/cdn/JP0700/NPJB00448_00/GlAnnshdwwqTcRhlzMTWcyltZIErNYaouEhPxOkelEPzfzXvvzjjJXqKTrxMHgtc.pkg	MISSING	JP0700-NPJB00448_00-AVATAR1311VJB006			102400	
NPJB00448	JP	UNKNOWN TITLE	https://nopaystation.com/view/pending/PS3/NPJB00448/AVATAR1311VJB007/0/pkg?version=0	MISSING	JP0700-NPJB00448_00-AVATAR1311VJB007			123392	
NPJB00448	JP	アバター　セル	http://zeus.dl.playstation.net/cdn/JP0700/NPJB00448_00/rHJBdfmvThpKprRFtMNQtOQvncNwzZOWKRuFztHQBPdOdpGfPfiNxdQpZkxCHfSl.pkg	MISSING	JP0700-NPJB00448_00-AVATAR1311VJB005			114592	
NPJB00448	JP	アバター　フリーザ	http://zeus.dl.playstation.net/cdn/JP0700/NPJB00448_00/VHPzeECdqDDyURRxHKedGiVehlATzdwAKSZvHmBFpSGArGEAbCEbtzItcXvMtBAS.pkg	MISSING	JP0700-NPJB00448_00-AVATAR1311VJB004			102400	
NPJB00448	JP	アバター　超サイヤ人ゴッド 孫悟空	http://zeus.dl.playstation.net/cdn/JP0700/NPJB00448_00/XHlgWhvDLxfzMjtOBGNBFUsHrFJbkURhTJJjZOxiTFhthisKEguERjWPmCGlevWi.pkg	MISSING	JP0700-NPJB00448_00-AVATAR1311VJB002			102400	
NPJB00448	JP	アバター　破壊神ビルス	http://zeus.dl.playstation.net/cdn/JP0700/NPJB00448_00/rhNXJJoMGOqIPIHTgiCIDkwCISkJFOuphgPOutYLcqicopgtnKMgicfBSbCXsIEF.pkg	MISSING	JP0700-NPJB00448_00-AVATAR1311VJB003			106000	
NPJB00448	JP	アバター　ドラゴンボールZ　BATTLE OF Z	http://zeus.dl.playstation.net/cdn/JP0700/NPJB00448_00/yrSLClSvscfExgRwcOYgLvWvlLhVdnQDwNfJcQvnTHIdbjhcRJGNBgSBeGzbGlZR.pkg	MISSING	JP0700-NPJB00448_00-AVATAR1311VJB001			159408	
PCSG00182	JP	『拡散性ミリオンアーサー』アバター「第一型モードレッド」	http://zeus.dl.playstation.net/cdn/JP0082/PCSG00182_00/nIEblWNfTnhmLcDQCquoqblXCvMEHawdiuDjlCkxIeTEJpSeTJAlsuWVXDBYKkUn.pkg	MISSING	JP0082-PCSG00182_00-AVATAR1311MA0009			107136	
NPJR80004	JP	戦国BASARA3 アバター 真田幸村	http://zeus.dl.playstation.net/cdn/JP0102/NPJR80004_00/UCVscyGoFqoGSJNiGUKIHJlUwdEdVxRihicSJdGQxMkXGCBczzMEdoVmJNUdndRZbBugusrLRJPJGSNkIPhLaLbGGNMKCwjJZtFrM.pkg	MISSING	JP0102-NPJR80004_00-AVASBSAMHYUKISAN			102400	
NPJR80029	JP	迷宮塔路レガシスタ アバター モヤピー	http://zeus.dl.playstation.net/cdn/JP0404/NPJR80029_00/hNUjjZAWrutlskwhRgZDrJAIkyFVNKGcSRiicmaHOCIPVjWCECYNTHwiuIWDBWVOTXXBvdUjyxVkVysqJhnwIodcjtWmgBWiPhsFt.pkg	MISSING	JP0404-NPJR80029_00-AVATAR0000000008			102400	
NPJQ00039	JP	Monster Award　特製『Flowery』アバター	http://zeus.dl.playstation.net/cdn/JP9000/NPJQ00039_00/UaQVxbOsLEqVCdRbUjTEEJMPiRvscBCzuxzYzsqWWEsJVNNgzqlPmLbkbwgZnLLP.pkg	MISSING	JP9000-NPJQ00039_00-AVATAR1303000001			102400	
NPJH50631	JP	『ダンガンロンパ』アバターアイコン「苗木誠」	http://zeus.dl.playstation.net/cdn/JP0365/NPJH50631_00/DoXHKbmvziyMumOiSflcyENQcIPEfAMPNzSidAyvySJFMsVDCHTIObZFTdBjSlcZPhoirEalwlbRQwDhQsymUrPyTRofbnzfvWuEp.pkg	MISSING	JP0365-NPJH50631_00-AVATARI000000511			102400	
NPJQ00031	JP	「魔法少女まどか☆マギカ」キュゥべえ　アバター2	http://zeus.dl.playstation.net/cdn/JP9003/NPJQ00031_00/FqFFKHdSRYJauRMkvKhnjJkNAYEenDtLpSbPVPNtVEFcoqDGOtfgGRKgMufRlEAoTIXjTEXjUpnWGrPbouCTZAZZtuopYgzTdJJrh.pkg	MISSING	JP9003-NPJQ00031_00-AVATARKYUBEY0002			102400	
NPJQ80008	JP	「ヱヴァンゲリヲン新劇場版」 碇シンジ　アバター2	http://zeus.dl.playstation.net/cdn/JP9003/NPJQ80008_00/tdTITqjldIJbvZWlfTLtSWScTCxPDChvOTnTIieTcrHCGfouKCEFkcxiEDboMOMKSDufOzqNfgLdxlsMtryFJsQTxaVMNFdVGuUoB.pkg	698735a75db66208671a83b84adc8004	JP9003-NPJQ80008_00-AVATAR1208E11001			102400	
NPJQ80008	JP	「ヱヴァンゲリヲン新劇場版」 式波・アスカ・ラングレー　アバター2	http://zeus.dl.playstation.net/cdn/JP9003/NPJQ80008_00/QYcjTGDoSTuvniytGhrdJQUfhLVtyUgKWtBoZjyOVxEiAYYqsyXhtaNreanWntayYzFCViWBvCzokypKmyImQGuVkSDwZIRXoFbKa.pkg	752549e873afa2f1a0dc0ae47889d9ad	JP9003-NPJQ80008_00-AVATAR1208E13001			102400	
NPJR80005	JP	DISSIDIA 012[duodecim] FINAL FANTASY アバター クラウド	http://zeus.dl.playstation.net/cdn/JP0082/NPJR80005_00/EUHAzZKrtLDwOqTeUwGYIAaNMxFgIbkkSKhtYDVHDDdwxSzltaKbEoYlJgeGlMeToUAPjWtEakcGZJUJcmoyCrYJoEgfyYKYYQQAa.pkg	MISSING	JP0082-NPJR80005_00-AVADISSIDIA00017			130800	
NPJR80021	JP	PS3®アバター「ブラックシスター」	http://zeus.dl.playstation.net/cdn/JP0031/NPJR80021_00/VFDNPUyHqxUkADjizhpMRRUvLelrICJEdHWoHZMuNyWLPyVcFUiEUZpZqHhRpoAGbROPZrjbUNsTQqqjglOSDACaWndfeHxsQHCTz.pkg	MISSING	JP0031-NPJR80021_00-00000BLACKSISTER			102400	
NPJR80010	JP	魔界戦記ディスガイア４ アバター ヴァルバトーゼ	http://zeus.dl.playstation.net/cdn/JP0404/NPJR80010_00/bOZWsPfOSqgoJaeelxzDlfRGcgZioiRzCGbspqtABjhFjEIUBcBgJnVhGmgszIgblqvSRYRfGxxiIezOmePVGSyUdYDimQRbPeqzx.pkg	MISSING	JP0404-NPJR80010_00-AVAMD4VALVATOREZ			102400	
NPJR80005	JP	DISSIDIA 012[duodecim] FINAL FANTASY アバター スコール	http://zeus.dl.playstation.net/cdn/JP0082/NPJR80005_00/ieDDQGJWQTRwsNgJIFAAwTiuBwlEPzLbgUoleILUqthEtwOzIRxmNJaApxUKaQafdYkaWgBejFtnbCyLBgOHfQNZXrhtTKQPgzaEN.pkg	MISSING	JP0082-NPJR80005_00-AVADISSIDIA00018			124992	
NPJB00328	JP	UNKNOWN TITLE	http://zeus.dl.playstation.net/cdn/JP0700/NPJB00328_00/hcvHqJpjnoMkWTFTolYqBjpOfJIcBlYRSAzNlpDChXtKdCqfOgiDDtVnAjvPbeVctPnOeyvdaikwDmvbRHTyBVLfZwBLptSBCHJIS.pkg	MISSING	JP0700-NPJB00328_00-AVATAR1302ACEACE			161856	
NPJB00328	JP	UNKNOWN TITLE	http://zeus.dl.playstation.net/cdn/JP0700/NPJB00328_00/yTTRBGArtvIJgzRQbjnXZAxcfhNwGacdaIqaQtQEQQOwPRwJlxeBocSeNGKTlxLkbEepPrxupoFLkdqMOhgAbOpQOWXCXApSwthFq.pkg	MISSING	JP0700-NPJB00328_00-AVATAR1302LUFFY2			156368	
BCES01663	EU	LittleBigPlanet™ Adventure Time - Cosmic Owl (1) Avatar	http://zeus.dl.playstation.net/cdn/EP9000/BCES01663_00/EP9000-BCES01663_00-AVLITTLEBI000047_bg_1_5813558c0c833823485030ad2177b0e531efc603.pkg	e48a3d1565a25c387ebfa446de48e3fc	EP9000-BCES01663_00-AVLITTLEBI000047			102400	
BCES01663	EU	LittleBigPlanet™ Adventure Time - Cosmic Owl (2) Avatar	http://zeus.dl.playstation.net/cdn/EP9000/BCES01663_00/EP9000-BCES01663_00-AVLITTLEBI000048_bg_1_88a15accdbe4d6b8c92955d453119d6e9a0447cd.pkg	8d9323472eda6ef6597672622a0c35e9	EP9000-BCES01663_00-AVLITTLEBI000048			102400	
BCES01663	EU	LittleBigPlanet™ Adventure Time - Finn the Human Avatar	http://zeus.dl.playstation.net/cdn/EP9000/BCES01663_00/EP9000-BCES01663_00-AVLITTLEBI000049_bg_1_8a1bc1a407e1767b838cb573500baaf770f159ca.pkg	28c23dac0c91357652ae27442ca37d8c	EP9000-BCES01663_00-AVLITTLEBI000049			102400	
BCES01663	EU	LittleBigPlanet™ Adventure Time - Fionna the Human Avatar	http://zeus.dl.playstation.net/cdn/EP9000/BCES01663_00/EP9000-BCES01663_00-AVLITTLEBI000050_bg_1_6083e2d910ac42bcfd741c8fb557c9e5e8ceff38.pkg	a3af1cc6ce01daabb20c365cd3844fbe	EP9000-BCES01663_00-AVLITTLEBI000050			102400	
BCES01663	EU	LittleBigPlanet™ Adventure Time - The Ice King Avatar	http://zeus.dl.playstation.net/cdn/EP9000/BCES01663_00/EP9000-BCES01663_00-AVLITTLEBI000051_bg_1_815882edf68c25c93df2185192eeef8952d8fc7c.pkg	b5cd10c2a64f00f5d6a3800824d74d6d	EP9000-BCES01663_00-AVLITTLEBI000051			102400	
BCES01663	EU	LittleBigPlanet™ Adventure Time - Gunter Avatar	http://zeus.dl.playstation.net/cdn/EP9000/BCES01663_00/EP9000-BCES01663_00-AVLITTLEBI000052_bg_1_20849e8432e6f8d1321cce28572aee72633bdba6.pkg	7f39277368f3fdaac689ad9a739429c6	EP9000-BCES01663_00-AVLITTLEBI000052			102400	
NPUB31289	US	UNKNOWN TITLE	http://zeus.dl.playstation.net/cdn/UP4108/NPUB31289_00/UP4108-NPUB31289_00-UADEADORAL000056_bg_1_c4f7d5cf1b982b2a4e23e846c2b781ec9f92d2b6.pkg	MISSING	UP4108-NPUB31289_00-UADEADORAL000056			102400	
NPUB30114	US	UNKNOWN TITLE	http://zeus.dl.playstation.net/cdn/UP0102/NPUB30114_00/YJM2SsDL3rYRe7U7cyAIX9NpmLx4wTrFFeDcj8dLDIgp4r0J3bXlstffUk5OpqIfmhccrEa1lkbf7qun68FJlj0O7IuTMvfR62hiV.pkg	MISSING	UP0102-NPUB30114_00-AVAMM10TANGO0000			102400	
BCES00141	EU	Sackboy Avatar	http://zeus.dl.playstation.net/cdn/EP9000/BCES00141_00/GdHtj4NswKEtEpclmxlv280SrH06xe5Ad6v9phctvsuPXEa9eFSTNrNxoKNwT1me6QooGrVg2F1fetp0S2EUqfoctxyHxHg5vWLfq.pkg	8b6291b2bc5e9ad7a7323db43ccb813b	EP9000-BCES00141_00-AVLITTLEBI000001			102400	
NPJR80034	JP	『MAX ANARCHY』アバター ニコライ	http://zeus.dl.playstation.net/cdn/JP0177/NPJR80034_00/iLtwreQOEboqywPltuIbwDxDmgCqRBByFiBInFCNmNQZioGMOewbcxtTtjByNZVYHSeksGUOuqJwecxgSMWFTQfQgWPcdRzPnXBxj.pkg	MISSING	JP0177-NPJR80034_00-AVATAR1205000006			113216	
NPJR80034	JP	『MAX ANARCHY』アバター サーシャ	http://zeus.dl.playstation.net/cdn/JP0177/NPJR80034_00/DpiKqudSCNMSWckZvBkgdujRtWMuHYbYBIrlsugmWgkcCNFgDziNIXwYjJatQcuoIMxdEDVPproRSVvHrkpBRjYuegHyonAqebfic.pkg	MISSING	JP0177-NPJR80034_00-AVATAR1205000007			111616	
NPJR80034	JP	『MAX ANARCHY』アバター ゼロ	http://zeus.dl.playstation.net/cdn/JP0177/NPJR80034_00/vnnNmUTiIqJNZdBnnDPNGOeyKUotGSYlMovtJNmBdvEurqANFAZUJUjdodiyTcWQyhRLXmdDufnPpkXNIgPJEEDdokGLpBgNlzLIR.pkg	MISSING	JP0177-NPJR80034_00-AVATAR1205000008			111456	
NPJR80034	JP	『MAX ANARCHY』アバター ドゥルガー	http://zeus.dl.playstation.net/cdn/JP0177/NPJR80034_00/vimniFqDKaPqjehfbdCavqzETEqfUyixCMxLiYYOcoMgsmBXIWquQPJGEAGJdTnlNhndTYZuyNBeNQFYsrJXREyBQhQelYtswMwCy.pkg	MISSING	JP0177-NPJR80034_00-AVATAR1205000009			125072	
NPJR80034	JP	『MAX ANARCHY』アバター バロン	http://zeus.dl.playstation.net/cdn/JP0177/NPJR80034_00/WynAuRXGFjwKPbqblYahjQSLiILdmeXxFMBpvHNvCkmuVyopnUxKYipRsQFnGWeexqIYjvgnVWzoFlIMNNNZUBCBDhiZQlLsawPNW.pkg	MISSING	JP0177-NPJR80034_00-AVATAR1205000002			124128	
NPJR80034	JP	『MAX ANARCHY』アバター マチルダ	http://zeus.dl.playstation.net/cdn/JP0177/NPJR80034_00/cWTQluGsFGLXlCguGXhcuzfQOEKduKutujogaNyWXWVVzwkvLJaowieUmtBEkLOwZJcaXbSiHpwEPVgREdiCzEEwQkKZKPIiTIGor.pkg	MISSING	JP0177-NPJR80034_00-AVATAR1205000003			111712	
NPJR80034	JP	『MAX ANARCHY』アバター ビッグ・ブル	http://zeus.dl.playstation.net/cdn/JP0177/NPJR80034_00/HJabnyBKBmlOhwogTsheIYTGHjQXHBlSPpxWgMLvUInjTldRmOFOJwqdkJrjCuQSXhZHdYpgNElIshgjUnzTWkpBTqKSxNqMYblrz.pkg	MISSING	JP0177-NPJR80034_00-AVATAR1205000004			116048	
NPJR80034	JP	『MAX ANARCHY』アバター レオ	http://zeus.dl.playstation.net/cdn/JP0177/NPJR80034_00/djiYcYbyKkTjTAmuQVEgjknUUHRFpqTXhSYeNMNNIOouxFWlRcAEgNCfQXNjzOwiTEOLwarUvTvvYmhdZmbYYoBhjpqqgjVNBxOCU.pkg	MISSING	JP0177-NPJR80034_00-AVATAR1205000005			116304	
NPJR80034	JP	『MAX ANARCHY』アバター ジャック	http://zeus.dl.playstation.net/cdn/JP0177/NPJR80034_00/vIspeaFbJUrAKdHiPvzqKKRePkjkpTnRFynNdgtqUBgeHTyFOEgtEvQIAPWMHurtcFrZzMWeTyxHGZlUpKzXQWzKQZokZPhaWIRmx.pkg	MISSING	JP0177-NPJR80034_00-AVATAR1205000001			118832	
NPJR80034	JP	『MAX ANARCHY』アバター フェイリン	http://zeus.dl.playstation.net/cdn/JP0177/NPJR80034_00/WzNAqaQwaBLLjWmcfhivhFpJkUFDCZgjaMDTNBzxdBFBBNBrACxYvMhzISyyaPzjygHXODPaThDhfQUvqIsWoGwXVwVZANKVkqVTt.pkg	MISSING	JP0177-NPJR80034_00-AVATAR1205000013			110896	
NPJR80034	JP	『MAX ANARCHY』アバター アイリン	http://zeus.dl.playstation.net/cdn/JP0177/NPJR80034_00/efegvdlXfpZBoXWrAOJnyOktXqlBIjEJIBYfaDuPXztwauWHHGYDDaDhpjJBIefBRxPDjaLlGykbzsfIyayBZtWrWhiiGhyFoRDwT.pkg	MISSING	JP0177-NPJR80034_00-AVATAR1205000014			112688	
NPJR80034	JP	『MAX ANARCHY』アバター ダグラス	http://zeus.dl.playstation.net/cdn/JP0177/NPJR80034_00/LmHVeDYPBHNhwXcZucHwSVSLDiNZgddhbHRZBybbUZyySofGIYdhSovdRmPOTtEKOglkIAwHaVSQPfvFYcjlfDkucGWwhyIhJzYxv.pkg	MISSING	JP0177-NPJR80034_00-AVATAR1205000015			113264	
NPJR80034	JP	『MAX ANARCHY』アバター マックス	http://zeus.dl.playstation.net/cdn/JP0177/NPJR80034_00/zEHxuYPbfCQoWhvszmRjlNRNFYLQUfCvQhzbUCEjcaKpfANyVtUaEhypDxHePfGahUJBLFmLTqNtGWKWPZcoHZhpckBgKIRyGABHe.pkg	MISSING	JP0177-NPJR80034_00-AVATAR1205000016			121264	
NPJR80034	JP	『MAX ANARCHY』アバター ガルーダ	http://zeus.dl.playstation.net/cdn/JP0177/NPJR80034_00/yuKIYujRSyHPqpcNsAOXAtHNusREREjJHHupYtFQanXgyhXrNfLJMHwGlMhTjJnhhqUoNGWijiRlaMoQxRxofdebeBLVACdggELRw.pkg	MISSING	JP0177-NPJR80034_00-AVATAR1205000010			110240	
NPJR80034	JP	『MAX ANARCHY』アバター オインキー	http://zeus.dl.playstation.net/cdn/JP0177/NPJR80034_00/UUbTtAUtcvCyVvyEmAclMAwDtHrgESJHtTmJrkDvYzqjeNRNWOWerAlwbdIAjrXEvuZAaxIuOjalEqctbYPyXjrHdyqXtsoBZoyHB.pkg	MISSING	JP0177-NPJR80034_00-AVATAR1205000011			124560	
NPJR80034	JP	『MAX ANARCHY』アバター リンリン	http://zeus.dl.playstation.net/cdn/JP0177/NPJR80034_00/vitNAaYRYTNIwIQVBizBXkDvWiyeKRSCWTImHiXnxrqKKXuZwOlCkPIKcPjQQPrcStySmkMAXILOSOlWjgAWYbCZLglpSEoMEbeAk.pkg	MISSING	JP0177-NPJR80034_00-AVATAR1205000012			105584	
NPUB31440	US	Alien: Isolation - Motion Tracker Avatar	http://zeus.dl.playstation.net/cdn/UP0177/NPUB31440_00/UP0177-NPUB31440_00-UAALIENISO000006_bg_1_b3fd78d056d7fdfa9ae449e27165b373b4480547.pkg	6ccf9faa217d8e10ed04ead499effc47	UP0177-NPUB31440_00-UAALIENISO000006			102400	
NPUB31440	US	Alien: Isolation - Amanda Ripley Avatar	http://zeus.dl.playstation.net/cdn/UP0177/NPUB31440_00/UP0177-NPUB31440_00-UAALIENISO000009_bg_1_0052e93ee7e53881834cedceef785b675eca60fd.pkg	27d4cc44c6f58c9b46fff2e76f496124	UP0177-NPUB31440_00-UAALIENISO000009			102400	
NPUB31440	US	Alien: Isolation - How Will You Survive? Avatar	http://zeus.dl.playstation.net/cdn/UP0177/NPUB31440_00/UP0177-NPUB31440_00-UAALIENISO000008_bg_1_e7f44cd78c65dc7f750082c1a7538bbbd12dfffb.pkg	22eb99fd9559e20466dcf15ebf97cefc	UP0177-NPUB31440_00-UAALIENISO000008			102400	
NPUH10192	US	MOUNTAIN CAT EYE AVATAR	http://zeus.dl.playstation.net/cdn/UP2099/NPUH10192_00/fpSwigabDchRhyumrCEnOBUeUeDsMuAPMnElHrVmpwJmlFOPrFJpjVHJftwsldbK.pkg	6781677d86a91f81886bc7611528cccb	UP2099-NPUH10192_00-UANONGAMEA000014			124528	
NPUH10192	US	GALAXY AVATAR	http://zeus.dl.playstation.net/cdn/UP2099/NPUH10192_00/fJLJyZLqPqLmcpmQwtzCXWqePfXEQuyeJvhECXDYYfcVZiRvtAstFFKeGgGuuofj.pkg	998721343d37b4d33f5f26f7e572ee13	UP2099-NPUH10192_00-UANONGAMEA000013			123824	
NPUH10192	US	SKULL HIP HOP AVATAR	http://zeus.dl.playstation.net/cdn/UP2099/NPUH10192_00/DsSFGGtbWNIkVzlyjAXslajMwlTKYOhomWpEomaLIzeVHZhroAUjKKoNCfYMhaUI.pkg	247992200773e1b3c9eef54248c221ab	UP2099-NPUH10192_00-UANONGAMEA000016			102400	
NPUH10192	US	SHADOW BULL AVATAR	http://zeus.dl.playstation.net/cdn/UP2099/NPUH10192_00/OtAIcTfsPxeMWjRpSdXagkqIiWBeHApgGOUJDyZchEkOXMOFptaQNOBLpDVzXenT.pkg	293db9c553754995bb4a1b423281c529	UP2099-NPUH10192_00-UANONGAMEA000015			102400	
NPUH10192	US	WIND AVATAR	http://zeus.dl.playstation.net/cdn/UP2099/NPUH10192_00/imUoAOtnnTBdxkUwLKznNPwDfFMAnNeYkEODyjLqnfZQzTdMPRVndrGEGqyVaSlc.pkg	3e5f1ebef92c795fa4261c7e06126e3b	UP2099-NPUH10192_00-UANONGAMEA000010			102400	
NPUH10192	US	DO NOT DISTURB I'M GAMING AVATAR	http://zeus.dl.playstation.net/cdn/UP2099/NPUH10192_00/ZRcAlYLdyIbuELsnpUuEvvuYipkGPlvvbUDHkyMZYTklDpKPxFuTjJocifGOtLGr.pkg	f5bcfee65f7ec6cc40052ea8c44c754d	UP2099-NPUH10192_00-UANONGAMEA000012			102400	
NPUH10192	US	XXX AVATAR	http://zeus.dl.playstation.net/cdn/UP2099/NPUH10192_00/xTPKnDfoasMDOCMZOPGnlIKElhJRxIFqSFMpyjPmCdwwfoNjeXcUiGgyYTiHCsTS.pkg	e2d4adcbb3d27b5302f170fce174bf5f	UP2099-NPUH10192_00-UANONGAMEA000011			129360	
NPUH10192	US	DEALERS OF DEATH V2 AVATAR	http://zeus.dl.playstation.net/cdn/UP2099/NPUH10192_00/SYyzQpbIauzcfjvTzApnDZRqZUZBKFjdBsoyRaYsUKfEJQSdvcPSAQTjVLPUAINF.pkg	813f66fc3f8764f54367b73db0ec0a6e	UP2099-NPUH10192_00-UANONGAMEA000003			105344	
NPUH10192	US	BANG YOU'RE DEAD AVATAR	http://zeus.dl.playstation.net/cdn/UP2099/NPUH10192_00/MgvexnmKfnZkmHuZjtJPAcNbjsfhWKDwBuAivVizpTQFKZoQxIMpLUTYwWcoJkqI.pkg	138687dba594b1e23d2655fa04a7077e	UP2099-NPUH10192_00-UANONGAMEA000002			102400	
NPUH10192	US	HELL RAISER AVATAR	http://zeus.dl.playstation.net/cdn/UP2099/NPUH10192_00/hZfOrFamWpEitKUhkStVfKbrcHhcKbiACBUoENyrwXCEhYjiZvAPzcHQwwWaJGOz.pkg	355e609151cf666f2fa231b0d51fad53	UP2099-NPUH10192_00-UANONGAMEA000005			102400	
NPUH10192	US	GAMING WITH ATTITUDE AVATAR	http://zeus.dl.playstation.net/cdn/UP2099/NPUH10192_00/KjuqyRuXaqqigvRMQPvadkrbiZKmMEwdlWDvuuENONqdEiYiAwmIghtyCcwGUUIS.pkg	abee3942fa7712002651f4c58c8e460a	UP2099-NPUH10192_00-UANONGAMEA000004			152400	
NPUH10192	US	NO CAMPING MO FO AVATAR	http://zeus.dl.playstation.net/cdn/UP2099/NPUH10192_00/ihbrFTDHrmQaUOaIafxwJIcIJBFHJZSUMSfciztguDYiLrErrhAJqTZTNjUvowkx.pkg	e7478676d148eafc064432b628e2efa3	UP2099-NPUH10192_00-UANONGAMEA000007			102400	
NPUH10192	US	LOCK N LOAD AVATAR	http://zeus.dl.playstation.net/cdn/UP2099/NPUH10192_00/TZTwtqsiNxnLUVXlVIPfrROudowSonchyjqBpuLizLYRCjsqRANLMbTInOTHqtQH.pkg	78b7437c44714001fe6f5133a1a8650b	UP2099-NPUH10192_00-UANONGAMEA000006			102400	
NPEB01921	EU	Alien: Isolation - ¿Cómo sobrevivirás? Avatar	http://zeus.dl.playstation.net/cdn/EP0177/NPEB01921_00/LyybUUnrWPjaLkPLexVQXSbLQMRFUQDkgmQeRVrmkthqwEjqphmBATQXHvIwtYSL.pkg	9de45bc7fa522170642df54eb317ff59	EP0177-NPEB01921_00-AVALIENISO000007			111376	
BCES01663	EU	LittleBigPlanet™ Adventure Time - Jake the Dog Avatar	http://zeus.dl.playstation.net/cdn/EP9000/BCES01663_00/EP9000-BCES01663_00-AVLITTLEBI000053_bg_1_bdeaa901ed653d49a6fc57beb367f2fab0db37d1.pkg	d70b74df8fd4a4de84b1caac341f5030	EP9000-BCES01663_00-AVLITTLEBI000053			102400	
BCJS30095	JP	アイスキング アバター	http://zeus.dl.playstation.net/cdn/JP9000/BCJS30095_00/JP9000-BCJS30095_00-AVATAR1504ATIME5_bg_1_366219b71cda35bcfb1c49f8b222040365618901.pkg	MISSING	JP9000-BCJS30095_00-AVATAR1504ATIME5			102400	
BCJS30095	JP	宇宙フクロウ 1 アバター	http://zeus.dl.playstation.net/cdn/JP9000/BCJS30095_00/JP9000-BCJS30095_00-AVATAR1504ATIME1_bg_1_2c0fa5823c22d5124b8bfb0ae894e9d6b05842f3.pkg	MISSING	JP9000-BCJS30095_00-AVATAR1504ATIME1			102400	
BCJS30095	JP	フィオナ アバター	http://zeus.dl.playstation.net/cdn/JP9000/BCJS30095_00/JP9000-BCJS30095_00-AVATAR1504ATIME4_bg_1_7d5ef5beab7e1f498805275bbf8d926cad37c7f3.pkg	MISSING	JP9000-BCJS30095_00-AVATAR1504ATIME4			102400	
BCJS30095	JP	宇宙フクロウ 2 アバター	http://zeus.dl.playstation.net/cdn/JP9000/BCJS30095_00/JP9000-BCJS30095_00-AVATAR1504ATIME2_bg_1_a765d4a8c9835352e3f759063972996609d832a1.pkg	MISSING	JP9000-BCJS30095_00-AVATAR1504ATIME2			102400	
BCJS30095	JP	フィン アバター	http://zeus.dl.playstation.net/cdn/JP9000/BCJS30095_00/JP9000-BCJS30095_00-AVATAR1504ATIME3_bg_1_9c067a1e2cf7d2bad13a2d0b13905e7fdcf23348.pkg	MISSING	JP9000-BCJS30095_00-AVATAR1504ATIME3			102400	
BCJS30095	JP	ガンター アバター	http://zeus.dl.playstation.net/cdn/JP9000/BCJS30095_00/JP9000-BCJS30095_00-AVATAR1504ATIME6_bg_1_79d47fce62dfa82c4fb59792c84c026745395df0.pkg	MISSING	JP9000-BCJS30095_00-AVATAR1504ATIME6			102400	
BCJS30095	JP	ジェイク アバター	http://zeus.dl.playstation.net/cdn/JP9000/BCJS30095_00/JP9000-BCJS30095_00-AVATAR1504ATIME7_bg_1_a39a4f58e7c1c13d18569da960ed7c738f4658ee.pkg	MISSING	JP9000-BCJS30095_00-AVATAR1504ATIME7			102400	
NPJA00092	JP	アーチェリーキャラクターアバター	http://zeus.dl.playstation.net/cdn/JP9000/NPJA00092_00/qcfRMoTMPzYdRSFTVxmLCXuudqLzdkIQllEYuwZnmfSXPwPHEJNcyvsovSFMwcgFNRdUSQHyoFaDxHAGdwxImPWhJcqVYKbvAGRgu.pkg	MISSING	JP9000-NPJA00092_00-AVATAR1211000018			102400	
NPJA00092	JP	ボクシングキャラクターアバター	http://zeus.dl.playstation.net/cdn/JP9000/NPJA00092_00/DuGHSnYDChsfXiQcxInucCeNcnANzJlHjELrsCFpWGFVyhKbuWvssXhIgGdpCRvzjfvahoTCdcuBExxQJhlTJTStWOazEJtGAietZ.pkg	MISSING	JP9000-NPJA00092_00-AVATAR1211000019			102400	
NPJA00092	JP	ボウリングキャラクターアバター	http://zeus.dl.playstation.net/cdn/JP9000/NPJA00092_00/IRnLyDjFFmjeXhfKNKIiiZuOWFttaIXsNldhNxhVBHVYUrRWzkgalKobpYlPCxnBDeekoMfotwIhfkXIPmsdmseEDCqgPZSxijKpM.pkg	MISSING	JP9000-NPJA00092_00-AVATAR1211000020			102400	
NPJA00092	JP	ゴルフキャラクターアバター	http://zeus.dl.playstation.net/cdn/JP9000/NPJA00092_00/qvJTkMtkwAzfwyzAgtpxtltIdIXNozdBZQRdUXMgUdnAJrtGqUxQqPjhpiYmvnulLvzkEtYBqiSxORbuMggufhoBpreyfJblLbVsX.pkg	MISSING	JP9000-NPJA00092_00-AVATAR1211000021			102400	
NPJA00092	JP	スキーキャラクターアバター	http://zeus.dl.playstation.net/cdn/JP9000/NPJA00092_00/FQPGlKPzSndvDuVsfNDrPlLQfbLcbeTNqpMPcWIDJsVfbcKuDGgKQUNgbJGAiQiTgDGcwstppOPCFjWXISsgqyWhOsCDetQDoEDoq.pkg	MISSING	JP9000-NPJA00092_00-AVATAR1211000022			102400	
NPJA00092	JP	テニスキャラクターアバター	http://zeus.dl.playstation.net/cdn/JP9000/NPJA00092_00/sfdUdSotpbTiQLiwmIugUOYuygFaNoJfFaXoTxQDADeAbunWAawTFqvdiluSDuUePGtECXEABdflHRdTfqIWNPIubgBViKJnqDvMp.pkg	MISSING	JP9000-NPJA00092_00-AVATAR1211000023			102400	
NPJQ00039	JP	Monster Award　特製『ぽっちゃり☆プリンセス』アバター ／／cake	http://zeus.dl.playstation.net/cdn/JP9000/NPJQ00039_00/xaCetvjPMvtaxLquyjolbVIvmVlbpdZbWoSxNZomzNtxCDknCLDSUmItCqwBuPgj.pkg	MISSING	JP9000-NPJQ00039_00-AVATAR1310000005			102400	
NPJQ00039	JP	Monster Award　特製『ぽっちゃり☆プリンセス』アバター ／／princess	http://zeus.dl.playstation.net/cdn/JP9000/NPJQ00039_00/JazqOXVeqNdhyRLSliJciAAVeIfXoKitzEOmKBFCPNoyNhmLQZvwKJZQXkHtDDBN.pkg	MISSING	JP9000-NPJQ00039_00-AVATAR1310000004			110512	
ULUS10572	US	Phantom Brave: The Hermuda Triangle Marona Avatar	http://zeus.dl.playstation.net/cdn/UP1063/ULUS10572_00/GhEfmFtDbjACFVUCiaqudYBUbpnKPrgvahjGoTndLzXAonqenMBFfjVhcVCgOTDVaDEprnePkMgyzZXRzSjeYPZMOJkdJHOVNDkMY.pkg	4a51ad3fef5bb329be5f23cee031eebe	UP1063-ULUS10572_00-AVAPHBRVMARONA00			102400	
ULUS10522	US	Disgaea Infinite Flonne Avatar	http://zeus.dl.playstation.net/cdn/UP1063/ULUS10522_00/AJDTXmXrNSzoERcqPXVprKaYtSztbEmXbapMBLimGbkSofeKaSVevyuPLwsgMGcvYyxDOyndoYJYkDLcreYTXiRnyxtHXjUPsiYDE.pkg	09ce606d486b7f7f5f1b093e3b20e90a	UP1063-ULUS10522_00-AVADISINFIFIONNE			102400	
ULUS10407	US	Prinny: Can I Really Be The Hero? - Prinny Avatar	http://zeus.dl.playstation.net/cdn/UP1063/ULUS10407_00/AjKVYeLPPrCLqIbgttQzLpVhzcNfjxZxanViFUylokFjEDGWlxJTRJUoccrNsWFFIFPcWYYxvDZNYORgNhFZQhmqCYdicEVmRjhUc.pkg	aa60e48881dbbd0ad7c9715c03f0f8d1	UP1063-ULUS10407_00-AVATARPRINNY0000			102400	
ULUS10522	US	Disgaea Infinite Laharl Avatar	http://zeus.dl.playstation.net/cdn/UP1063/ULUS10522_00/WyxmLNLjXNmgGfLtcbPrrDVBoJAWSWKSDiTyCBtNUUVaTDkegBRxkzWnQbgLWWVoBzEWWbBMCAJRdFRdqEiCURpUGkKMFJNuPlgbV.pkg	6bdd3f1d96b0549a7a1cdc21f345b43d	UP1063-ULUS10522_00-AVADISINFILAHARL			102400	
NPUH10192	US	HOODED FACE EVIL EYES AVATAR	http://zeus.dl.playstation.net/cdn/UP2099/NPUH10192_00/IVhwTQabDcXEKTdrKiVZaABGfZipxJoxxntfStLjCJPjBDPpsixkunOvLgHMLwPJ.pkg	22b3f980fa3ea85a02025b1e475f3938	UP2099-NPUH10192_00-UANONGAMEA000025			102400	
NPUH10192	US	VICTORY AVATAR	http://zeus.dl.playstation.net/cdn/UP2099/NPUH10192_00/OqOYgbOdvJEbXoChDmiyliwNowrqppDQVtLofSBsvcSJfJsvJtGNevwpGyaXwJZi.pkg	49bfa8469d996a01b072e1db8b6c9306	UP2099-NPUH10192_00-UANONGAMEA000027			156832	
NPUH10192	US	SKY DIVING AVATAR	http://zeus.dl.playstation.net/cdn/UP2099/NPUH10192_00/FIzsxTPLHVzKsRabbjaitURInptIiMdFashQPgQyZluOYExaolYWMSMhWkngiQyq.pkg	2007f5b837c123d07937e0b801c39687	UP2099-NPUH10192_00-UANONGAMEA000018			102400	
NPUH10192	US	UNDER 18s PROHIBITED AVATAR	http://zeus.dl.playstation.net/cdn/UP2099/NPUH10192_00/VjSXjEGoBDHgqYePOAvwuWnpCRLQnQqrViVjFBAVRzcMzIrCxvovxFzlvrcIuQJO.pkg	a54b9459035e0b4c07b4659230f477dd	UP2099-NPUH10192_00-UANONGAMEA000026			116544	
NPUH10192	US	SKULL SMOKE GREEN AVATAR	http://zeus.dl.playstation.net/cdn/UP2099/NPUH10192_00/PKNljBlIsehWwbOSEwMOLBUJbdCEDnlhmwsrnldTnFVLgnIjZscryUJCMpedcoIs.pkg	1388bda02b517ef2c8f40adb9e85ab6b	UP2099-NPUH10192_00-UANONGAMEA000017			102400	
NPUH10192	US	VIP AVATAR	http://zeus.dl.playstation.net/cdn/UP2099/NPUH10192_00/WUlbiZkWNDiSxHorDepIcJhxZUhwJlOnSWhaIsmALlLYXvEElujAgZGrerhbIWHP.pkg	4456a241a54934ba5c3f8ffb326429e1	UP2099-NPUH10192_00-UANONGAMEA000019			102400	
NPUH10192	US	ZOMBIE ARMY AVATAR	http://zeus.dl.playstation.net/cdn/UP2099/NPUH10192_00/JrsJvEWPxaQGbeRWYGiCahaqNGDzkFDglBEdpIYCrOEulikWKueWzSPMmeqYrsIq.pkg	ed3e1c9c7be6ab20299d655767610fd6	UP2099-NPUH10192_00-UANONGAMEA000021			104016	
NPUH10192	US	WOLF AVATAR	http://zeus.dl.playstation.net/cdn/UP2099/NPUH10192_00/NvALTtvJVVgUYlouuwXuqvHfzyJHFaxycPqafVpOxUDiUbALhAinCdFwCGXFnLJt.pkg	0808a7ab7321ff116e52f7c3d5419b85	UP2099-NPUH10192_00-UANONGAMEA000020			102400	
NPUH10192	US	HUNTING NOOBS AVATAR	http://zeus.dl.playstation.net/cdn/UP2099/NPUH10192_00/thiTixNkjIbHPskQEuDbRIQprsULmnVTuiWPmphwxWToYqeXMkQUcQUKZGSSkMFG.pkg	c3f08c77b9917e0357d69f2b53f08587	UP2099-NPUH10192_00-UANONGAMEA000023			102400	
NPUH10192	US	GIRL GAMER SOLDIER AVATAR	http://zeus.dl.playstation.net/cdn/UP2099/NPUH10192_00/IbPHGlfpWygUJBZCwYwJTcrIqXJSRJLnVapMoLhgLCrsOxVHCthMtuDVUugferrN.pkg	6132a5f133554a30bca067eb682d867e	UP2099-NPUH10192_00-UANONGAMEA000022			102400	
ULUS10461	US	Disgaea 2 Etna Avatar	http://zeus.dl.playstation.net/cdn/UP1063/ULUS10461_00/cKWYsrhtMDhFyegvpumcgbCxdbkksmwnNtVGiVzxcDPkHzstvIZPGAcOBCFhpIAPPularjurWpenddXgWSkDqTvvtRSzHTeRKiJFo.pkg	eeaf5b541fb1b9cd729dcb067021f6ba	UP1063-ULUS10461_00-AVADISGAEA2ETNA0			102400	
ULUS10461	US	Disgaea 2 Axel Avatar	http://zeus.dl.playstation.net/cdn/UP1063/ULUS10461_00/xIQShrvjPcAAiYVtuYvfJpRSKmxXOoibIOcqlsMpSyRCvRSPPfCuXiUgeYrHOjwYABPolLOYQqNFmsKZGdfvRsNARDVvuHZjQxlkv.pkg	7d331130a3679151554fb5893e4fb02c	UP1063-ULUS10461_00-AVADISGAEA2AXEL0			102400	
ULUS10559	US	Z.H.P. Pirohiko Avatar	http://zeus.dl.playstation.net/cdn/UP1063/ULUS10559_00/bqFTOCpfBeXdgyuAhJeGNSExYpbcxLyzIMthWugCIyMkUeKlANyRjGESbNeFepReZNFaYVdMEwPoBWnzkGHEpCtyNDsVdxiShApuF.pkg	4e0a2f8fc745a3ccb6166a83bf14798f	UP1063-ULUS10559_00-AVAZHPPIROHIKO00			102400	
ULUS10461	US	Disgaea 2 Flonne Avatar	http://zeus.dl.playstation.net/cdn/UP1063/ULUS10461_00/aYSDnDvkQXXOgketUKUpWBuDgLkrdDXdSbollJOYiLioQeNEHGejSGhdCCMJFIZmzyTxSMTJphXqlAemJbGFjxqboZMahdKFwiiqu.pkg	53e33d3fdc3cea2ff155ac142c3fba2d	UP1063-ULUS10461_00-AVADISGAEA2FIONN			102400	
ULUS10559	US	Z.H.P. Main Character Avatar	http://zeus.dl.playstation.net/cdn/UP1063/ULUS10559_00/GAITKGceVzRRLjCPKCqMqXpOTpqidocHpptIEjzwwwxuIEKUrveLxBqWXgsvrSIqDFjWdYKKXoCelPXcZddVnMJjYNactWtUkMuZX.pkg	d09271c487cf59298824b2edd34c5f06	UP1063-ULUS10559_00-AVAZHPMNCHARACTR			102400	
ULUS10461	US	Disgaea 2 Rozalin Avatar	http://zeus.dl.playstation.net/cdn/UP1063/ULUS10461_00/yUyTGYAZZpoyrHWZalpzrlrGEQykCbAHVaDKrpdSWflHmWQgsUzkCxXsnxaNvMyJyUgfwUWrdDsQrZFDIRcLyTPzzMsDKPiuuOmMv.pkg	a55a95594c3f0ec28007be47ab0ef258	UP1063-ULUS10461_00-AVADISGAEA2ROZAL			102576	
ULUS10559	US	Z.H.P. Etranger Avatar	http://zeus.dl.playstation.net/cdn/UP1063/ULUS10559_00/HiwAfjYVqLvqpKBKKcOgsEMeOxPljZzdPTiksVWMHGmrIXEzeVrEoSBGxoIDwvpHcBbbnpDNopekutrLvoWbbrKQtdquoPlpmQuDx.pkg	7d5524cf9b216cdc519b7fa50704cb63	UP1063-ULUS10559_00-AVAZHPETRANGER00			102400	
ULUS10461	US	Disgaea 2 Adell Avatar	http://zeus.dl.playstation.net/cdn/UP1063/ULUS10461_00/hweGHVdHMkNzvQEOjGMBvFOtEHGahwPXowswwqJMnXmfipplCYYaluLZGxoOHfPTLkkYLAJtrlZxMUrkOMJzmYiNMZdXtDcKDwfFU.pkg	7adea92d751c5cf0bf71e0d57298856b	UP1063-ULUS10461_00-AVADISGAEA2ADELL			103072	
ULUS10572	US	Phantom Brave: The Hermuda Triangle Ash Avatar	http://zeus.dl.playstation.net/cdn/UP1063/ULUS10572_00/EorLcMhdyZjzQkkTrzqzIGZxJwJxoHapGkGSMIUHoQaBXZvqSFyAvoYaZYiyVrtjnfnEolmyAgZTVRDJIPAhDIaAuDaTHhKwByYha.pkg	779dc883c7f69f67a309cf909eb81635	UP1063-ULUS10572_00-AVAPHBRVASH00000			102400	
ULUS10561	US	Prinny™ 2 Phantom Thief Avatar	http://zeus.dl.playstation.net/cdn/UP1063/ULUS10561_00/eFZFpVeFakrdhyXUxzkAYZdsElfKMxoGWkQiCrvTnrlXlGVxtSkkoDHpbfTAORdDzpsYddBTuDOAQkKOoHfHfyFjeBwchambdeRHq.pkg	79816f8e40ff411949b1db6405d1c1ba	UP1063-ULUS10561_00-AVAP2PHANTOMTH00			102400	
ULUS10561	US	Prinny™ 2 Asagi Prinny Avatar	http://zeus.dl.playstation.net/cdn/UP1063/ULUS10561_00/CdjPagzyXVAzRSTmjIiCPLsJrOEjGhcPyeDdHaFrotmMyJDyWljKIRrLKFBgiaxzXDxUmCdzJAMvWeXEeNdJsjyzLNWpvyapCKNwT.pkg	d897d32cba161dc0bde1d106fc4fd7c8	UP1063-ULUS10561_00-AVAP2ASAGIPRINNY			102400	
ULUS10561	US	Prinny™ 2 Etna Avatar	http://zeus.dl.playstation.net/cdn/UP1063/ULUS10561_00/XWftWTJizlYUOyhgvHkxIdDszBKlqROJZWcIoqaEVQsrNCuOMPujMwkLdkXOhjzLBOUTfTexddXBNGDTFYlPUCFwOIIQEBHLQIZgP.pkg	617165d6b6faae37091a518a760b6a76	UP1063-ULUS10561_00-AVAP2ETNA0000000			102400	
ULUS10561	US	Prinny™ 2 Prinny Avatar	http://zeus.dl.playstation.net/cdn/UP1063/ULUS10561_00/SRzQUgKdOPQOpvmcLoAkblUJtCeeOpaDFjUwgFCkydJLfdPyfZfFQLMWNTpTQdLCeQjOZQCXnYyfCMKSmloeADLahbokrbZzrLUWD.pkg	5edaba47773448a3fc9ce648bdfbb807	UP1063-ULUS10561_00-AVAP2PRINNY00000			102400	
ULUS10572	US	Phantom Brave: The Hermuda Triangle Raphael Avatar	http://zeus.dl.playstation.net/cdn/UP1063/ULUS10572_00/mDmXsowereYxVrTVEEesDXZQnjozXBjiQIzXMwNeALhxExHRWUKbaKJbpzzyBYdioWzisFUKhsAbdpjtHgNMmHfmHNTaKuNBXOLgx.pkg	b76f2f2610b23ddb862d6f42bdec8d4d	UP1063-ULUS10572_00-AVAPHBRVRAPHAEL0			102400	
ULUS10572	US	Phantom Brave: The Hermuda Triangle Sprout Avatar	http://zeus.dl.playstation.net/cdn/UP1063/ULUS10572_00/TupZVtzDQBMfTXKoHGywjYkSahLyzwuHHpGVQXyXbEVTXbMHCaANUZIQLwcIYTikNKkLoxhYrEPMDRPgpjAFadtfDRelItBYqajQs.pkg	c6bd40492a32ad3a02f58e63b67bc05b	UP1063-ULUS10572_00-AVAPHBRVSPROUT00			102400	
ULUS10561	US	Prinny™ 2 Another Prinny Avatar	http://zeus.dl.playstation.net/cdn/UP1063/ULUS10561_00/RGsCkEhbUrulMzqoKUrTOCbnVjtpoStLbyvGAGpzhJFzWCcNUuGJoeDbrHDwzAxbFPktbfhAUukFUphdqILUXfMcnPacejgCoGcyG.pkg	2711400b7b32dcc983eb3893bab60e74	UP1063-ULUS10561_00-AVAP2ANOTHERPRIN			102400	
NPHO00131	ASIA	Journey Wonder XMB™ Premium Avatar	http://zeus.dl.playstation.net/cdn/HP9000/NPHO00131_00/BXORgwyEaheiubOjuEWhTNTJNUdRBomlzLnmoruXLjHBwcUQvCjgekCbXsxsrbbyEcsmAyqUWjKQFlnteAPdTKBjXXcXnTzfLgRjV.pkg	c17c7eac5887acdfb5d8b4dfefe6fead	HP9000-NPHO00131_00-AVAJOURNEYWONDER			102400	
NPHO00131	ASIA	Journey Return XMB™ Premium Avatar	http://zeus.dl.playstation.net/cdn/HP9000/NPHO00131_00/BsDxsefWQBAdBdpkttkEsIYeflwdPWQZYxyYJCjjfgrAZOIbcHZvryhQVjjpwbyxNSxCsxvtltIHFssrKlFGtRKwnYdKKWqMfaYLp.pkg	f71054a3234534045331c734cb71047d	HP9000-NPHO00131_00-AVAJOURNEYRETURN			102400	
BLUS30720	US	UNKNOWN TITLE	http://zeus.dl.playstation.net/cdn/UP0102/BLUS30720_00/fALfLYeCBsVZODzQJIVGqMMVayeqSFqiDDJAFdpPdDehRGIvDZSFbVAHullnTOOvATukLMAzXsGXXOQOPfFhecidaYgaVhptzLRyO.pkg	MISSING	UP0102-BLUS30720_00-AVADOGMACYCLOPS0			102400	
NPUP10015	US	UNKNOWN TITLE	http://zeus.dl.playstation.net/cdn/UP0102/NPUP10015_00/pUhcGgsZAYsUICbpkFwUXcrqeaYGFQWzPYccZuBguEezownfxKStlgfHGobTlLwGVshZNhpEJRqKeGScCfamDokBGwPBMEgrEmnCQ.pkg	MISSING	UP0102-NPUP10015_00-AVAVJVIEWJOEFACE			102400	
BLUS30720	US	UNKNOWN TITLE	http://zeus.dl.playstation.net/cdn/UP0102/BLUS30720_00/dNIMdiQRMrKaGHAiKgkFMctFwNzBHfpRaYKrwAGnNpipjCKgnNDchrGczOGAZbwWpqksiotKwvMGNUbapRPzzozfCXpRVZFkULaQz.pkg	MISSING	UP0102-BLUS30720_00-AVADOGMACHIMERA0			102400	
BLUS30720	US	UNKNOWN TITLE	http://zeus.dl.playstation.net/cdn/UP0102/BLUS30720_00/uoqVYnaTomipEfPydyxDcxSMmMLRuzdaiNOZutGAxrmdGUoKeNoTspzDXlzDpsaCqWqptEszDnUrbkCuXYsPEJxELQfPsKLfyRIUR.pkg	MISSING	UP0102-BLUS30720_00-AVADOGMAURDRAGON			102400	
NPUP10011	US	UNKNOWN TITLE	http://zeus.dl.playstation.net/cdn/UP0102/NPUP10011_00/GFmtqdxLapFNQBSIBkKlipAoXvPLkOYrdUCiqwJoqTjAqtPLknrrsVLzUCTzORFAjUjFENdPJlmPFgqdBQXsnexdHZbziSgyrXjmJ.pkg	MISSING	UP0102-NPUP10011_00-AVAAMATERASU3000			102400	
NPUP10015	US	UNKNOWN TITLE	http://zeus.dl.playstation.net/cdn/UP0102/NPUP10015_00/WFbMHDypUgBVqPmxRSRnJHFPOfmdsKmmRUnhPoPeguWPzvGXgVrmepnqlOpwjyipUcNdrJkzFEdrdtTSBNHlrtYckeILAJpwoiHTl.pkg	MISSING	UP0102-NPUP10015_00-AVAVJJOEFACE0000			102400	
NPUP10015	US	UNKNOWN TITLE	http://zeus.dl.playstation.net/cdn/UP0102/NPUP10015_00/GqsUvOdyHfCBpKzIFZVUDMDIWWPXgWqsUKUpIPWVZrmOtOsGkbsmtGLrVfnCPkCPnZhEcFTedFPhcrkPaZeglDlyiUyAmrShSKjBM.pkg	MISSING	UP0102-NPUP10015_00-AVAVJSILVIAFACE0			102400	
BLUS30720	US	UNKNOWN TITLE	http://zeus.dl.playstation.net/cdn/UP0102/BLUS30720_00/IQGxWDRYIducqByenbJYsiAwluUmGCntdKJOALWvQnIobdXsLOMWsBtbQqMLzKHVgExzkVLnJyjrTZLeYUZabkSoEOhbjmQOCUEbM.pkg	MISSING	UP0102-BLUS30720_00-AVADDOGASSASSIN0			121216	
BLUS30720	US	UNKNOWN TITLE	http://zeus.dl.playstation.net/cdn/UP0102/BLUS30720_00/TNaLdRMmGtXNnQzpdSvHvZFJkZiIIltROTzNXdxdupHUGrmycCFzGhabrhHURpOKZNQbEdfNMdqLuKOnwoUyCVtjoekmOxuXjvzIc.pkg	MISSING	UP0102-BLUS30720_00-AVADOGMAHYDRA000			102400	
BLUS30720	US	UNKNOWN TITLE	http://zeus.dl.playstation.net/cdn/UP0102/BLUS30720_00/JnuviNJYteqRlogMIeQiFQYFKlNxIVZEEMEuxmiujQeiHRaOjZKocrGQJnZHFeWwVkmSjzUyuTEigkABbJxSQUtqPMgiNUyjztDMH.pkg	MISSING	UP0102-BLUS30720_00-AVADOGMADRAKE000			102400	
NPUP10015	US	UNKNOWN TITLE	http://zeus.dl.playstation.net/cdn/UP0102/NPUP10015_00/PaTuHoVlaZCBDsHvxVjoCbybWjSfEJQryKIZKlvvzkLzicteEjoddunnLrDWOxhBzawgRUcIncCfqbqkFlmcqnYEvkpdpKhZtukxz.pkg	MISSING	UP0102-NPUP10015_00-AVAVJTRISH000000			102400	
BLUS30720	US	UNKNOWN TITLE	http://zeus.dl.playstation.net/cdn/UP0102/BLUS30720_00/WlLKVGWCzrsqVRdNyWilGGQNQJKoleXoxwBaBSBSfCCUPUiUOdkDFUUAcropXvhMVzCsKVNycEUpCMytPsIyMniGKVIEDuGtLuOIP.pkg	MISSING	UP0102-BLUS30720_00-AVADDOGFIGHTER00			139552	
BLUS30720	US	UNKNOWN TITLE	http://zeus.dl.playstation.net/cdn/UP0102/BLUS30720_00/FPrzXkVmTApfmcvzlnlRzyUhXrEjTqOYRTUKdvFhoxHHLnXVIibyRPdwfVDFLxvOWGoaIWsvesUOdmGvLzbKAuONkxzHDTVljdAmt.pkg	MISSING	UP0102-BLUS30720_00-AVADOGMAGRIFFIN0			102400	
BLUS30720	US	UNKNOWN TITLE	http://zeus.dl.playstation.net/cdn/UP0102/BLUS30720_00/suhVimHmUMFrjWpuwJClatJkbyXsxLAnrDWIwxISUKkLHpvmqVntBFYGKncOxIPPBbyaeGvNljVblDBYecZavFIyPeUWcqiWtxgLw.pkg	MISSING	UP0102-BLUS30720_00-AVADDOGSTRIDER00			137328	
BLUS30720	US	UNKNOWN TITLE	http://zeus.dl.playstation.net/cdn/UP0102/BLUS30720_00/cryQmBkeXPPYmtgdEPsJjYLxPVHLKyZgDIaMdzWbCZbYTLRSCYwwiohHijoUmNkmgWaSugmLnoNcHUpmysiNqFQlekSkPiXaEIiSv.pkg	MISSING	UP0102-BLUS30720_00-AVADDOGWARRIOR00			126688	
NPUP10015	US	UNKNOWN TITLE	http://zeus.dl.playstation.net/cdn/UP0102/NPUP10015_00/pPCbmHetbEIExhFwKPTzZLqUWANJazbclXZyXdmSsyilWPipZqqIEliffinIQXvoCMzjBNjTsUnyxFQDxfgJoRknWIupVaKgWsPVc.pkg	MISSING	UP0102-NPUP10015_00-AVAVJJOE00000000			102400	
BLUS30720	US	UNKNOWN TITLE	http://zeus.dl.playstation.net/cdn/UP0102/BLUS30720_00/OZEXOJmMAeNGaHVlXTqpLSXHWTlCyvgLSXdYSoAyzoqiSXpDxjokUcHpPYCaGDDxpDsKjgPCRUSsdzqVuOWQMpPPWXIOwsfKeXdSD.pkg	MISSING	UP0102-BLUS30720_00-AVADOGMAGOLEM000			102400	
NPUP10011	US	UNKNOWN TITLE	http://zeus.dl.playstation.net/cdn/UP0102/NPUP10011_00/kcvXoalCIgTwHIQznzntbwIQiSwIWmXVvICGQGKZxALSmPnWHLqANzGOPQRPGBzCrtnFBuqKIfLVVQSFEtSiesglCYuzHasmbIOAL.pkg	MISSING	UP0102-NPUP10011_00-AVAAMATERASU4000			102400	
NPUP10015	US	UNKNOWN TITLE	http://zeus.dl.playstation.net/cdn/UP0102/NPUP10015_00/KcdBoafdlcbOoVPDvBRxzfEvMgiOVThveSUciuPEvscWgpBplqWetXRPkTAsgLKMwJwPXWmOPIBBxxacmyIuSQSDVfWRlwnPuqRXQ.pkg	MISSING	UP0102-NPUP10015_00-AVAVJSILVIA00000			102400	
BLUS30720	US	UNKNOWN TITLE	http://zeus.dl.playstation.net/cdn/UP0102/BLUS30720_00/EdgizGiEjhcCapQZJiwkKNqnIkPQOADrRPHAfvwjsxDOkvojHkLyLYLzpevMpAENzaQoflvCMMGDWMIbkouKaietIBNHUAcJIXBPs.pkg	MISSING	UP0102-BLUS30720_00-AVADDOGMAGE00000			102400	
NPUP10011	US	UNKNOWN TITLE	http://zeus.dl.playstation.net/cdn/UP0102/NPUP10011_00/KovALYCDqcBuIZuOwwUkhiTyitSFHKILTZGsgFMZXPzzLTJbJsxdUEStAPkyVkCmBbNPFrcoSPmYRhzbHYvYMZDWngxxVAilOEQVQ.pkg	MISSING	UP0102-NPUP10011_00-AVAAMATERASU1000			102400	
BLUS30720	US	UNKNOWN TITLE	http://zeus.dl.playstation.net/cdn/UP0102/BLUS30720_00/RJaMiCTORnyNOetkVpsDxRkhrmhgBfuCWDRbWiZPRfcnvlSeAHtAsxAlUmhrdQAD.pkg	MISSING	UP0102-BLUS30720_00-AVADOGMADRAGON00			136960	
BLUS30720	US	UNKNOWN TITLE	http://zeus.dl.playstation.net/cdn/UP0102/BLUS30720_00/UjaAUzJYaJXOwmWhsAMiOAcJFcNjwWoPgwyVmKxJWBleEpVJJnOgAcxoKmNagzfEdSBXbdGfeNARgFMviwOGhcRPHYcXOLMwAYeDo.pkg	MISSING	UP0102-BLUS30720_00-AVADDOGSORCERER0			148832	
BLUS30720	US	UNKNOWN TITLE	http://zeus.dl.playstation.net/cdn/UP0102/BLUS30720_00/AeFBAhHtWcnZzZERYZLopXYRhNUxOVuMAWlRLVROwhRzBWLhJCXqvHXeTPTJgAsOSIyGmpUDpVSgwEYXFRwrRElmGLUDEaWxukNig.pkg	MISSING	UP0102-BLUS30720_00-AVADDOGRANGER000			136144	
BLUS30720	US	UNKNOWN TITLE	http://zeus.dl.playstation.net/cdn/UP0102/BLUS30720_00/xlTXbSZqiNJrlhudCRvSjsWxXjyGUgsCvIpmFkIHQESZNXWvIouoYcuETSKsnyDQjNzmElbsFIdSnhHwxlBDzpblxhiFZOHhMYBKw.pkg	MISSING	UP0102-BLUS30720_00-AVADDOGMYSTCKNIG			128128	
NPUP10015	US	UNKNOWN TITLE	http://zeus.dl.playstation.net/cdn/UP0102/NPUP10015_00/adXSTddddRUtioWiUVDcGjkaOcMpMfmFTMVrlkMSHmkClhFjwqfLxWKotRGcOsdRXvqRJucymsGRUZHGaKzjTVEWztrIAdmTYJwZr.pkg	MISSING	UP0102-NPUP10015_00-AVAVJVIEWJOE0000			102400	
NPUP10015	US	UNKNOWN TITLE	http://zeus.dl.playstation.net/cdn/UP0102/NPUP10015_00/UXbeFEAeClDXkZdMcQbHthPhVFomlXvRcycdTBPgvkDGldgYmhRAskNfMAQZtbXzujvkcsJuzbVUNDWCbFmxWWOwEPifXesIPONgH.pkg	MISSING	UP0102-NPUP10015_00-AVAVJTRISHFACE00			102400	
NPUP10015	US	UNKNOWN TITLE	http://zeus.dl.playstation.net/cdn/UP0102/NPUP10015_00/eDGHzVRimPMrPqVuVeJAFEPInUJPhMkdHcVCzqmiXUceiYpwxDAFJFAICQTVqZxeWJzNeUPJxjaoCEBJJDUufylkxgsFphnJGOOvS.pkg	MISSING	UP0102-NPUP10015_00-AVAVJDANTEFACE00			102400	
NPUP10011	US	UNKNOWN TITLE	http://zeus.dl.playstation.net/cdn/UP0102/NPUP10011_00/MAOlLtnOfqPMmFFQQPobNUXEKmPsKexZnztPBnuVIoASwPTNOoQaAzXyofJsvPFwNIihqJUxFvvZdldyUQyctSmpkrINemRBeQkJc.pkg	MISSING	UP0102-NPUP10011_00-AVAAMATERASU5000			102400	
BLUS30720	US	UNKNOWN TITLE	http://zeus.dl.playstation.net/cdn/UP0102/BLUS30720_00/EqbbkGtZSmrHeEhPCBBbCoFKEOUEtJZbuMBbJxrafuSHSwFboqannhIrjvWzdLiwZccbhKDMtTJOnbEzoXKBlWWqqJfDamEVVpbcu.pkg	MISSING	UP0102-BLUS30720_00-AVADOGMACOCKATRC			102400	
BLUS30720	US	UNKNOWN TITLE	http://zeus.dl.playstation.net/cdn/UP0102/BLUS30720_00/aEbhHclwztKMYbgqjsFPQPzcuCpREMVBxISGvixYLrMdDVRGgMPmRwnNEUIuHqBtqBnxadfFQwtDrjOvqbtpaXcYESoLRqZVlLDsX.pkg	MISSING	UP0102-BLUS30720_00-AVADDOGMAGARCHER			118528	
NPUP10011	US	UNKNOWN TITLE	http://zeus.dl.playstation.net/cdn/UP0102/NPUP10011_00/rNHPzxzxyRBmzfwBJkjMskKqdNASFBjoLhtmQayxyCasHhbnACtmlZsRVoSUSABncNmWVOxlRJsGMzdSHlpkAmcmdLiukQWLCENEn.pkg	MISSING	UP0102-NPUP10011_00-AVAAMATERASU2000			102400	
BLUS30720	US	UNKNOWN TITLE	http://zeus.dl.playstation.net/cdn/UP0102/BLUS30720_00/bFDWhxpymjmBetzQDYeRWzgtpuiJXlvuFgXQUcNYBRqsQsWZsElqaBgbUXlwpCXTcvnDuZwUYWbZgfZhXPvhxlnGfrjLNnFzTmHLr.pkg	MISSING	UP0102-BLUS30720_00-AVADDOGDRGNEMBLM			102400	
BLUS30270	US	UNKNOWN TITLE	http://zeus.dl.playstation.net/cdn/UP0102/BLUS30270_00/RmEBCHEBKReYINAbyxIMqBUvHgyvtzZxjVCAqRvyACPMaPASteIfGxAJjGAGIkrOEysJkpnMEyrFJFMBLPSelncRDEdJxWstHWcQH.pkg	MISSING	UP0102-BLUS30270_00-AVARE5EXCELLA000			102400	
BLUS30270	US	UNKNOWN TITLE	http://zeus.dl.playstation.net/cdn/UP0102/BLUS30270_00/IhJlwqTSpPBCelxVgfwBIHnoRAujolfTDiHxVkHLAIiaPwjIWDEHCwSRQGeZrtSyMUVercnAYpUQrLmXoDcKSwTbbJuMaQghqOjcF.pkg	MISSING	UP0102-BLUS30270_00-AVARE5WESKER0000			102400	
BLUS30720	US	UNKNOWN TITLE	http://zeus.dl.playstation.net/cdn/UP0102/BLUS30720_00/oaVAGNhainjCzKmqIbvnPYoSwznrJynUrLDYMjTkJLLXBnseuVWfPkhufccGJdCeNRWLzeOCKRWryytKpJBmmbSRgvyvNXtiJhHHw.pkg	MISSING	UP0102-BLUS30720_00-AVADOGMAEVILEYE0			102400	
NPUP10015	US	UNKNOWN TITLE	http://zeus.dl.playstation.net/cdn/UP0102/NPUP10015_00/yIkKQTkTQCGYqFTKGSSXJCRAojLFfkSKvOKpBoVplWqtwGZRMOsNRaeeJtJGKCQLxvPcxHGcJeVRZBsjShkrSBDfkihWoIgZwhzFa.pkg	MISSING	UP0102-NPUP10015_00-AVAVJDANTE000000			102400	
BLUS30270	US	UNKNOWN TITLE	http://zeus.dl.playstation.net/cdn/UP0102/BLUS30270_00/WLIkEscJUaXLsUuAazOucqSzkcbcFvVEzVWQAnYsqCwmvZopiliDolDXPspmNcWIQrwZYzGSKPuKTFGriPehtpLodICCsrzTZCbQG.pkg	MISSING	UP0102-BLUS30270_00-AVARE5JILLBSAA00			102400	
BLUS30270	US	UNKNOWN TITLE	http://zeus.dl.playstation.net/cdn/UP0102/BLUS30270_00/toIkRhIeLRuWRAXqPbXwYaQppVWIryqJGSBzHUWwPoeFIORdoFJXvEnEFHpLLtiWYzgGrlCVXdrfojgRcvTefNYCJVrESdRGlTJLb.pkg	MISSING	UP0102-BLUS30270_00-AVARE5SHEVA00000			102400	
BLUS30270	US	UNKNOWN TITLE	http://zeus.dl.playstation.net/cdn/UP0102/BLUS30270_00/DXPtMMbesTDaKzbmLraJOBvStJfmZINFhiLInKmFZcFsKYOWCrODwfFVQMSrfZxsFytimxBHnZaUBqCIbTQgRCHYGqhjQnlqQbnzk.pkg	MISSING	UP0102-BLUS30270_00-AVARE5BARRY00000			102400	
BLUS30270	US	UNKNOWN TITLE	http://zeus.dl.playstation.net/cdn/UP0102/BLUS30270_00/zhIlfnNqrYDuCDFuUKcQPwBfaZtekirLznxgftnAEnWcrFeiJgsfkblQSmWTdpjZZVSKzAfJlAOVocVTMgLeGJKSJJhwhRcrYDPYj.pkg	MISSING	UP0102-BLUS30270_00-AVARE5CHRIS00000			122864	
BLUS30270	US	UNKNOWN TITLE	http://zeus.dl.playstation.net/cdn/UP0102/BLUS30270_00/XGWsIuPplnolahFZTaTUgCqauCCYbkliZCZeeuOUqvFLgfdvGeRovIyNeFrxNUowegjUIWCcCEsgVOiVRuAUDTmaopfLzVuwAinkr.pkg	MISSING	UP0102-BLUS30270_00-AVARE5JILL000000			129216	
BLUS30270	US	UNKNOWN TITLE	http://zeus.dl.playstation.net/cdn/UP0102/BLUS30270_00/jJnDZBiOKObcCpgnWHkwjzvrRVaZAOdVhPXJRRZRyOwJGUeUdjmLSAgfmBMRnnMwqpqZQYKCyxIcrFykDOMyQDaeRAGDFxdBUKwah.pkg	MISSING	UP0102-BLUS30270_00-AVARE5REBECCACHA			102400	
BLUS30270	US	UNKNOWN TITLE	http://zeus.dl.playstation.net/cdn/UP0102/BLUS30270_00/GepiwXhNclSmViLYudtaSCiMuFAOMUhaZAeHsnchdfoaokvcqYBYnrTKnovmflJfsqzuaJVsnvleqAWNOPwxadglUGjdwdGUcWoIq.pkg	MISSING	UP0102-BLUS30270_00-AVARE5JOSH000000			114272	
BLUS30810	US	Silent Hill 2 Maria Avatar	http://zeus.dl.playstation.net/cdn/UP0101/BLUS30810_00/gpqyXKoUZCBPSTRYtHJxSFzmAcESARGNeAwOKZMdIdaRFFzrFgkqJuzncRlcFTPSwjHkwPmZUBLPQIswYxtaGVegjJueIvKTSxKWo.pkg	MISSING	UP0101-BLUS30810_00-AVASH2MARIA00000			104256	
BLUS30810	US	Silent Hill 3 Slurper Avatar	http://zeus.dl.playstation.net/cdn/UP0101/BLUS30810_00/QXOtRvIpxKZSrXXFHrFWEcfNBnOJpDccPpkatoVYOXGMZpHaXMifOdwdALMiHxjdDfyiyhiDEOgcQRGKizQwRzfWRyFezRHQpNRXl.pkg	MISSING	UP0101-BLUS30810_00-AVASH3SLURPER000			149840	
BLUS30810	US	UNKNOWN TITLE	http://zeus.dl.playstation.net/cdn/UP0101/BLUS30810_00/KQZBfRDXOUBvGhiiuxHbkCegOGzJsulGIcpDUwThSnkTBeZSbHbAflWLaGZAQwTILckjwRlwnfMLjYcTdyihzuuOOfgiNMxgsjhLb.pkg	MISSING	UP0101-BLUS30810_00-AVASH2REDPYRAMID			116784	
BLUS30810	US	Silent Hill 3 Nurse Avatar	http://zeus.dl.playstation.net/cdn/UP0101/BLUS30810_00/mdcpcoPYCzMqpifNoDZGmdJzHgmpUNhpbVWaTjWmFoNRSsMQIbaDkgybyRKgQhuxpaDkemwVhrmQuXxVKQIfnCIKLyGuYMsfYjPEK.pkg	MISSING	UP0101-BLUS30810_00-AVASH3NURSE00000			123744	
BLUS30810	US	Silent Hill 2 James Avatar	http://zeus.dl.playstation.net/cdn/UP0101/BLUS30810_00/HgJxzwNXXGDuHRmXOsRSKRgRsslYjhQSJvsMShusJNTRiyCEmASQjUNqkNcaKYXqHSNvKFTstIZsasZWpLhpTPghdnUfvQnAmHytb.pkg	d50bd03b7e3ef34c6cec0afb9d9eaecf	UP0101-BLUS30810_00-AVASH2JAMES00000			104304	
BLUS30810	US	Silent Hill 3 Heather B Avatar	http://zeus.dl.playstation.net/cdn/UP0101/BLUS30810_00/zPuKCebjIxLIKHsYJSREDsSgHYWgdGyHhMDvZgTWawUIjKfnjPRBVYFXZHBbDJpUsKFLXIRQdQcjqiOwrnsRShTrhONXfGFFCaWeu.pkg	MISSING	UP0101-BLUS30810_00-AVASH3HEATHERB00			136576	
BLUS30810	US	Silent Hill 2 Nurse Avatar	http://zeus.dl.playstation.net/cdn/UP0101/BLUS30810_00/JWlTYrMXTJITzvXdXBChCxApUFmvcqEgjAWcwiaJzgacMGLaEryOuZBSTgwWoSbRISFTcfWJvIcznWwUjNHkaVnNFLekEUWivxDVR.pkg	MISSING	UP0101-BLUS30810_00-AVASH2NURSE00000			117584	
BLUS30810	US	Silent Hill 2 Angela Avatar	http://zeus.dl.playstation.net/cdn/UP0101/BLUS30810_00/teMIkweKnTVgLaVbNYWxaXWPWEdSVwSgatkDfMbkgPDzjKPIxVmgDBsygENZhCtYZfttvMnQTaIQfeRaUpEzXrdmLvoDThLGjQMNs.pkg	MISSING	UP0101-BLUS30810_00-AVASH2ANGELA0000			102400	
BLUS30810	US	Silent Hill 3 Vincent Avatar	http://zeus.dl.playstation.net/cdn/UP0101/BLUS30810_00/XCRHUNUhUZeftDOwWluTxavpvQzKHqULoRxNzbuDVvZsWTCAuUYFIqTklOoOSjQbFmddjEuuSqJByAmZFQxeYKvTlwnsznuKuFxXu.pkg	MISSING	UP0101-BLUS30810_00-AVASH3VINCENT000			130752	
BLUS30810	US	Silent Hill 2 Eddie Avatar	http://zeus.dl.playstation.net/cdn/UP0101/BLUS30810_00/sTWsNExTnbxbQAKuQNueciNqzEfdKkhLsuQxrcTCukjJnuYyzVkukyTvgIbbNlfhjtzhbKVQVKVUiqKEJJyHlGpIMkDFsVLmSqoeJ.pkg	MISSING	UP0101-BLUS30810_00-AVASH2EDDIE00000			102400	
BLUS30810	US	Silent Hill 3 Heather A Avatar	http://zeus.dl.playstation.net/cdn/UP0101/BLUS30810_00/YrgqvNNmuTTnPxJvpxNgqBpgvDDxJmFHOXwnWiGRRsUnnXuoIhgxRNLCDEFujqMJlwrLAXcUhgKmmyDxDYCzRFoOyEgAqBWOByOPt.pkg	MISSING	UP0101-BLUS30810_00-AVASH3HEATHERA00			132336	
BLUS30810	US	Silent Hill 2 Abstract Daddy Avatar	http://zeus.dl.playstation.net/cdn/UP0101/BLUS30810_00/bAhoncLfWQSUeDezRQJAkCLoVIzUuyocGsTIASTntCkFPmVvApjfcwGaPaRkaEMuSQfeBYxWcjNtUMGkuWKpjExSBUSaXbAsrOKmf.pkg	MISSING	UP0101-BLUS30810_00-AVASH2ABSTRACTDA			105520	
BLUS30810	US	Silent Hill 3 Douglas B Avatar	http://zeus.dl.playstation.net/cdn/UP0101/BLUS30810_00/hRwOIXbfidDByggWsENLwjWzNIMaFXfdCCFvKJLuNkxtRiTSvodMsbxWhBLhrNSxNKRFnWYYRTyrxyNBgHjueyQsSCmekCcsDZKmu.pkg	MISSING	UP0101-BLUS30810_00-AVASH3DOUGLASB00			110240	
BLUS30810	US	Silent Hill 3 Valtiel Avatar	http://zeus.dl.playstation.net/cdn/UP0101/BLUS30810_00/wfFGbKXhXNzXdOUGMEwWjlPPfPFUTZmVzdtbUXgADCLJPEJXbSaWKOmJgLPpAaaSCKKlXPaehqjcXrgtMcBAkOnMPmaPKBhIRwNMV.pkg	MISSING	UP0101-BLUS30810_00-AVASH3VALTIEL000			125680	
BLUS30810	US	Silent Hill 2 Laura Avatar	http://zeus.dl.playstation.net/cdn/UP0101/BLUS30810_00/hebnwsJQBsQOaSYNESKtxOhJLsAbracWiTAOmwRvaQEEYDXWTyJKeFrBnsfjwQyNsbeVveWtDNClHzNueTnJtqXiKYyYdJFydoBLB.pkg	MISSING	UP0101-BLUS30810_00-AVASH2LAURA00000			102640	
BLUS30810	US	Silent Hill 2 Creeper Avatar	http://zeus.dl.playstation.net/cdn/UP0101/BLUS30810_00/gbiyMaMAFjlRIVjkzUvoitwDroLMtnKTkkeAUonLiYDPkKzrRxNNPXCWepdlAKGGbXNuLuTtRYXzPefqrfPrMgICCYpoKJdvRYZhq.pkg	MISSING	UP0101-BLUS30810_00-AVASH2CREEPER000			110752	
BLUS30810	US	Silent Hill 3 Claudia Avatar	http://zeus.dl.playstation.net/cdn/UP0101/BLUS30810_00/XYCGWwDthDMIqmVlWhdVzbaihkZTrsFhjVRLpAPOgqvULRZODqIWeLmhYEjyIAPSbwDDbdvgzRfGNdsspPMvOauIqqESjblEFQMHo.pkg	MISSING	UP0101-BLUS30810_00-AVASH3CLAUDIA000			131792	
BLUS30810	US	Silent Hill 2 Lying Figure Avatar	http://zeus.dl.playstation.net/cdn/UP0101/BLUS30810_00/YJYHvOppiBXfptYIiItyrHHVJlEgnylTyiNPpxkwPXosKmgoQtSPFtBGGsJIqhxvkNOBoFOyLHzkfqlZaGGbQGInQOBKXRAkaLIau.pkg	MISSING	UP0101-BLUS30810_00-AVASH2STRAIGHTJK			111648	
BLUS30810	US	Silent Hill 3 Heather C Avatar	http://zeus.dl.playstation.net/cdn/UP0101/BLUS30810_00/cPcYiuMmuZacxQAyxnsqnizqSOLoCzJXgxXfkPIjexEidTLoeGlyvIfIEyvsNLGhsJgLFSLOccDCivsTMfPGFAQmFlDwEFZLioTou.pkg	MISSING	UP0101-BLUS30810_00-AVASH3HEATHERC00			140576	
BLUS30810	US	Silent Hill 3 Douglas A Avatar	http://zeus.dl.playstation.net/cdn/UP0101/BLUS30810_00/FIJPYnjgiSJNHaEmoWvmsfyCsjQqHtESNdahYDKgOxdOZUghxuxXMrpUYfNkVhuHvIMZeyFcJVMzPdwIDQIGFyfJUBnhZooMnCGAx.pkg	MISSING	UP0101-BLUS30810_00-AVASH3DOUGLASA00			132176	
ULUS10509	US	METAL GEAR SOLID®: PEACE WALKER Chico Avatar	http://zeus.dl.playstation.net/cdn/UP0101/ULUS10509_00/bMXvfjMvzvPdXzxbObHEKnyItJNRtNkEVrijakiHCjZQRagQODIuWmNIPbpAXAvnmpTjrMQzHBpqxDRwVBnPovfOVaGxuncECmelF.pkg	cd7ca099d8131991411402eba1c4780d	UP0101-ULUS10509_00-AVAMGSPWCHICO000			110704	
ULUS10509	US	METAL GEAR SOLID®: PEACE WALKER Miller Avatar	http://zeus.dl.playstation.net/cdn/UP0101/ULUS10509_00/IEgSRtfosaPgVHKYbBQcVNWFJGfMuwshHIkMQptQRgGHJaDiyBOFOHZOVmIBJtnstLaCqqLhsYjBJtXmGXZBXcCgEkLjwgdjpxEQI.pkg	175aa17dd129f84b56615d5c0c4c4fa1	UP0101-ULUS10509_00-AVAMGSPWMILLER00			102400	
ULUS10509	US	METAL GEAR SOLID®: PEACE WALKER Cecile Avatar	http://zeus.dl.playstation.net/cdn/UP0101/ULUS10509_00/FkGtGtHhsrvzpAPuGVlCFdlwQuxRTaYMUsKOfZAKfnVKeNhHsjoNeudMXqDUjbplZMiNutYQRCbVTwrricOAQMRHdabNUBvixHUXJ.pkg	d0160e48c5ba3f2e8d965a80a1a411c9	UP0101-ULUS10509_00-AVAMGSPWCECILE00			102400	
ULUS10509	US	METAL GEAR SOLID®: PEACE WALKER Coldman Avatar	http://zeus.dl.playstation.net/cdn/UP0101/ULUS10509_00/bAFWuRiTxXLBhnRhbBguimjgilxPeGaLXRlcWhRipGUomnROpZSlkeCIwsWaKmvYXBgUzPAjLxkVcrzoxzhDRZZFUPkfYOkcaPqrx.pkg	f163031afbd45ab8d2d0dbea1fcf3a24	UP0101-ULUS10509_00-AVAMGSPWCOLDMAN0			102400	
ULUS10509	US	METAL GEAR SOLID®: PEACE WALKER Paz Avatar	http://zeus.dl.playstation.net/cdn/UP0101/ULUS10509_00/ghWKFgmZsohOogVfjydChdDWDIGPEuERlYXrYAaezghNRipmidKcvCEWzYEBNHqVrbfVDEdonlNnwCdGnodPPgOixLtjIXGpYvwtj.pkg	3d1bcb73891e8471d79456d4ba4b07a4	UP0101-ULUS10509_00-AVAMGSPWPAZ00000			128432	
ULUS10509	US	METAL GEAR SOLID®: PEACE WALKER Galvez Avatar	http://zeus.dl.playstation.net/cdn/UP0101/ULUS10509_00/ExfuSNvEiIltagjaYdkShwkGaKSNVtRwlqLjYBnrwjWFNpueDYMkltQvJDwQrdurTIohnrsmoJunbhihVwqYDlNNWdbwpnMaiVjRX.pkg	b65559a9e2e0c259a4c979dd43870a70	UP0101-ULUS10509_00-AVAMGSPWGALVEZ00			102400	
ULUS10509	US	METAL GEAR SOLID®: PEACE WALKER Amanda Avatar	http://zeus.dl.playstation.net/cdn/UP0101/ULUS10509_00/HpBUGtgvssTgkjMXGgKOCmbEclPwAyusfgIgfomiFdaiXZmCBCXIOtMYfLtwOoYzJkyQuKIwtTNFWTtHxZBLHqONOcmzLskzfAxZi.pkg	c3e987aec38723535087ed40b622d915	UP0101-ULUS10509_00-AVAMGSPWAMANDA00			109184	
ULUS10509	US	METAL GEAR SOLID®: PEACE WALKER Strangelove Avatar	http://zeus.dl.playstation.net/cdn/UP0101/ULUS10509_00/YFmEUqGocScEIrepfsPCNJuQsDXibqOXCLtBsQUoBOFwJOkFTnqenaIqKRpOctWgRWKymUvIlYdvQKftOAUJRDFSDvUiSIDcVjZBQ.pkg	dfc7c3fb30389139ee7a57a8f7211bae	UP0101-ULUS10509_00-AVAMGSPWSTRANGEL			102400	
ULUS10509	US	METAL GEAR SOLID®: PEACE WALKER Huey Avatar	http://zeus.dl.playstation.net/cdn/UP0101/ULUS10509_00/dTVCGEoEvfxorYfryItUEuRGGSMdeTeVgdRlCxekMpMUbmklqpbEAYQPiTjwwTtFSCQNXqKWKGirzaArXXIOCfHpvtZCsyzZhVtLH.pkg	b8184a6961a63fddee475375abbfe019	UP0101-ULUS10509_00-AVAMGSPWHUEY0000			102400	
ULUS10509	US	METAL GEAR SOLID®: PEACE WALKER Snake Avatar	http://zeus.dl.playstation.net/cdn/UP0101/ULUS10509_00/qBHUZKdmmTCXsAGLEAtGcAXUwyulHIUGQDxaOoWIgkVZxvpQxKbELHVloKKkBOoHopwmhqNBHjStquljDrXKzceikDzGJgvVFZSle.pkg	244d1f7ee2f73be0758467e90f40933a	UP0101-ULUS10509_00-AVAMGSPWSNAKE000			102400	
NPUH10192	US	WHO'S THE DADDY - GREEN AVATAR	http://zeus.dl.playstation.net/cdn/UP2099/NPUH10192_00/BQfIfwgVNeEETvoYvEXLnShSVpcirXzcTTROSuQTeOxIiuTFDZtrLwZjdnoKasRC.pkg	4417efd99f4a2049495c78d1b4cc4d4b	UP2099-NPUH10192_00-UANONGAMEA000029			102400	
NPUH10192	US	VIP WEAPON AVATAR	http://zeus.dl.playstation.net/cdn/UP2099/NPUH10192_00/jMMwOpbrvLuPmtYIONWonlmMaOwweWoDbRPtNPvStGznTGhawkUJyuzjXxJTvZrL.pkg	8cfd62dc085a8982b12965b4508f8ca3	UP2099-NPUH10192_00-UANONGAMEA000028			102400	
NPUH10192	US	YOU'RE FIRED AVATAR	http://zeus.dl.playstation.net/cdn/UP2099/NPUH10192_00/yYMxcRsNIoPwcQbXEBgaBnQMEuIvMbHafrGXkUurNqxGMwFIExMTIFoiVrIDuWAU.pkg	8e0f97bc674cc6dda5f5b7892dc453f7	UP2099-NPUH10192_00-UANONGAMEA000030			102400	
NPUH10192	US	SPACE AVATAR	http://zeus.dl.playstation.net/cdn/UP2099/NPUH10192_00/XPwLMIzNNLghLtjuMGWKXzssAhUWughjqCEVYeBPHLPAZTdWFWcQNloYFtQIMViu.pkg	b39cab5aaf9526d83feabd07edcc44d2	UP2099-NPUH10192_00-UANONGAMEA000032			108368	
NPUH10192	US	BILLIONAIRE'S CLUB AVATAR	http://zeus.dl.playstation.net/cdn/UP2099/NPUH10192_00/FFIdgGNJqZtqAkKRFbxbbrlUKxjYCriQGQtXlpOWBeFUCCGAiVaBbOEOjxWiThal.pkg	d3b8c8a92d67700aa84c2520382a34ca	UP2099-NPUH10192_00-UANONGAMEA000031			102400	
NPUH10192	US	AK IS MY HOMEBOY AVATAR	http://zeus.dl.playstation.net/cdn/UP2099/NPUH10192_00/flfpwhGvhKpjGXxuIfrQlbvTFvwKmLNRDFKHYyaQvooQqrtgCFuspNrcFgngqcKz.pkg	2e65d5c6337295fa3832d44c5ed26bb8	UP2099-NPUH10192_00-UANONGAMEA000033			102400	
NPEB00717	EU	UNKNOWN TITLE	http://zeus.dl.playstation.net/cdn/EP0177/NPEB00717_00/zTzGVWDaaHvuvwbpIhkGYlVmmLVJiFPjVRLYXSxOfjBagxkMtorCUwwdTkpHpWaY.pkg	MISSING	EP0177-NPEB00717_00-AVSONICTHE000001			102400	
BLES01225	EU	Disgaea 4: Axel Avatar	http://zeus.dl.playstation.net/cdn/EP1063/BLES01225_00/APJXCJJeuqUEmoHBIXqGiadNxzJgRjOdmEocypQfvCYnlHZoidFcuQmRSwoXDycs.pkg	1048b078ed9e6373ac6c6181211f29fd	EP1063-BLES01225_00-AVDISGAEA4000004			102400	
NPEA00306	EU	PixelJunk Crown Аватар	http://zeus.dl.playstation.net/cdn/EP9000/NPEA00306_00/TbKmNyrETVBJLqGYABSlfnsLfXCmpVJUidHSGtNoEwNqfDosrUAkHnDuNhMAwIlA.pkg	MISSING	EP9000-NPEA00306_00-AVAPJSSPIXJCROWN			102400	
BLES01225	EU	Disgaea 4 Laharl Avatars	http://zeus.dl.playstation.net/cdn/EP1063/BLES01225_00/HrJilMRbjkgBOgASFKjOBTmGnQiDBkPBhOMoQkKLSqlWyCbCDimRapKHtQuiQuVc.pkg	fa108fd71f49487585c59de805b39def	EP1063-BLES01225_00-AVDISGAEA4000007			102400	
NPEA00391	EU	Craig & Karl Avatar 2	http://zeus.dl.playstation.net/cdn/EP9000/NPEA00391_00/JrBsFWXrdRPIikjwAohfIRiLmPrIvnzKceKqiuooDjLIljuFSgXgGgAMstwIliqk.pkg	aef519a73bd0a2e4cb7368f002f976a3	EP9000-NPEA00391_00-AVASTUDIOCRAIG02			102400	
NPEB00913	EU	Kage	http://zeus.dl.playstation.net/cdn/EP0177/NPEB00913_00/wzYUbyteZQouGApBDOFRCROciOCGWogEgfWfkRmtOyWlkvqOXDQCOGAFCKCGJTjl.pkg	6db2c5c1262fef7add0067b8ec696a35	EP0177-NPEB00913_00-AVVIRTUAFI000011			107696	
NPEB00913	EU	Sarah	http://zeus.dl.playstation.net/cdn/EP0177/NPEB00913_00/ILzdfplQlJLlCfarjWVBeYkcfnDSTqxcuMxIUcJXOwexzqgromKjZRuMPaTIlmWB.pkg	584510d0f3d562d6dca715699f60009f	EP0177-NPEB00913_00-AVVIRTUAFI000016			114304	
NPEB00913	EU	Akira	http://zeus.dl.playstation.net/cdn/EP0177/NPEB00913_00/LAYoFwCULKCRFrgqKUgxVxlxIQtyWCndRMgftTHLynReuvRQOmihdIzPuSLQhdWl.pkg	6475f4876d4083f05bcb6a79a4af85dc	EP0177-NPEB00913_00-AVVIRTUAFI000001			102400	
NPUB30114	US	UNKNOWN TITLE	http://zeus.dl.playstation.net/cdn/UP0102/NPUB30114_00/cc8Kg77RSFJwa8VV7LFtTDVlXX5nx5UpYnwMKULSj80keUvXel1D8htaeCUhXHiO8Jlj2kP5wHehqIU4qHyl1WxfWPbpR97oUp9Ca.pkg	MISSING	UP0102-NPUB30114_00-AVAMM10BLADEMAN0			102400	
NPUB30114	US	UNKNOWN TITLE	http://zeus.dl.playstation.net/cdn/UP0102/NPUB30114_00/mhDhHO6bF91ET2ATAtJLL4esVU71Rn2bQCrTYqJbo051M8tQB2VqM510BHjE1qa2cEcqbqQ7r8OpoDxy23t3bi8aSqhQbSqYU4f59.pkg	MISSING	UP0102-NPUB30114_00-AVAMEGAMAN10BASS			102400	
NPUB30114	US	UNKNOWN TITLE	http://zeus.dl.playstation.net/cdn/UP0102/NPUB30114_00/FN08JJ42tWOQ52totXCR68OcRDO0ubP6SVwpwo3m5q3WmOF1mHYVHsjub3Rdr2HrTJ6PPPSx5MlpsANMgPUlaR0jKmnnVMl7dTEde.pkg	MISSING	UP0102-NPUB30114_00-AVAMM10STRIKEMAN			102400	
NPUB30114	US	UNKNOWN TITLE	http://zeus.dl.playstation.net/cdn/UP0102/NPUB30114_00/w3UqT7O34GMN6D8bnsV1RqX1eLEp1w6MtDrv4lYmkghOf7w98nFmyBEOloYhfqUoYo88JwJbjdYKwNIjjiboKUkqBINRKHnoVWrMF.pkg	MISSING	UP0102-NPUB30114_00-AVAMEGAMAN10MM00			102400	
NPUB30114	US	UNKNOWN TITLE	http://zeus.dl.playstation.net/cdn/UP0102/NPUB30114_00/7KPxuf4J9pIWP4v2mqx8aBmFaMC9OBErlugWckbKoMIaW8E0brri8e53vpkKHx4pYVErQ2nOaxHC9JPhfThcUWWikQyNYVP4qh5kR.pkg	MISSING	UP0102-NPUB30114_00-AVAMM10ROLL00000			102400	
NPUB30114	US	UNKNOWN TITLE	http://zeus.dl.playstation.net/cdn/UP0102/NPUB30114_00/IRU01eANwLcBcfqIeM3jQqMdKIxWNFBJyAxaubKg57sL1TM4AxMDn34QEKdUj9TkPU9npb9Rq7XHnMnbCMP6lWtCCe6P16HdvMTte.pkg	MISSING	UP0102-NPUB30114_00-AVAMM10DRLIGHT00			102400	
NPUB30114	US	UNKNOWN TITLE	http://zeus.dl.playstation.net/cdn/UP0102/NPUB30114_00/vRcG7CTCCuBArtPqLpoh4Ja52Voh6qPJskqeVQArdSlIoempJhcKMujmqBKtnFhnhJ9hWXCoOFPRXaCE33trRwwyi1GK7aj81wqyB.pkg	MISSING	UP0102-NPUB30114_00-AVAMM10DRWILY000			102400	
NPUB30114	US	UNKNOWN TITLE	http://zeus.dl.playstation.net/cdn/UP0102/NPUB30114_00/y26BuiQX7nuXDKV6JSQuVNkDCcI0kHIJlWIw1GXnUAAxGPDFOWCdUy42Bkyn8xj4W4xho0R42g5U1GfDbERj3mBPKaQ90OsGYCLWT.pkg	MISSING	UP0102-NPUB30114_00-AVAMM10COMMANMAN			102400	
NPUB30114	US	UNKNOWN TITLE	http://zeus.dl.playstation.net/cdn/UP0102/NPUB30114_00/SuojRUAkKs6f1GrlxNNGtnhPqYOL7urmd6tVmmsMMCb3548WNlBdUPiILJ6hQT2GFEdPv4W1graiPXrSHsSYgi88HgAsHopomCDJc.pkg	MISSING	UP0102-NPUB30114_00-AVAMM10RUSH00000			102400	
NPUB30114	US	UNKNOWN TITLE	http://zeus.dl.playstation.net/cdn/UP0102/NPUB30114_00/y9HwJ5tiPG2mXMNWk9oRMByQlh2n9ylWJE88Lcx6SVN2f4FInbYe5McHs6kEoRo4pBWd347L0QMOW3XgOMU3qqIPlOj11MNRH75Tw.pkg	MISSING	UP0102-NPUB30114_00-AVAMM10SOLARMAN0			102400	
NPUB30114	US	UNKNOWN TITLE	http://zeus.dl.playstation.net/cdn/UP0102/NPUB30114_00/patSjiDOljt65P40kKdtmxVNn1omNHV3JuxkNU25DBQglb5p3LXD69xhDKoVgliovysm3s5RpOpyXSALOEGWDgMyIGdOJXPITCsBL.pkg	MISSING	UP0102-NPUB30114_00-AVAMM10SHEEPMAN0			102400	
NPUB30114	US	UNKNOWN TITLE	http://zeus.dl.playstation.net/cdn/UP0102/NPUB30114_00/XgN3aVKjTiLfS1HrLBJNUf7oVSmSsBWiO1oCouOxi3n4fbUA09n6HPwhtM28c3yIoqwIgiwNuNFd9X0mhyldVow3jbmCkMYBUxIuU.pkg	MISSING	UP0102-NPUB30114_00-AVAMM10TREBLE000			102400	
NPUB30114	US	UNKNOWN TITLE	http://zeus.dl.playstation.net/cdn/UP0102/NPUB30114_00/EshSfgSx2apvLQJntE4NcYngi48M9iAmR6p0NcU6QdREPyhQQeIn3UwoRXwR0F8r8JVm43jX8Eb4fMjN9sc7OVuIWoR4fSbdxySyy.pkg	MISSING	UP0102-NPUB30114_00-AVAMM10NITROMAN0			102400	
NPUB30114	US	UNKNOWN TITLE	http://zeus.dl.playstation.net/cdn/UP0102/NPUB30114_00/ph46PY7bttJPhuRJoqnoeyiVImyjpOd8smat2jawo6hhMAm4b31GcD4LSyNXE3dR5fJkuVWp0NReeBsxJ6LStxH2FdbssqhtWUYnG.pkg	MISSING	UP0102-NPUB30114_00-AVAMM10CHILLMAN0			102400	
NPUB30114	US	UNKNOWN TITLE	http://zeus.dl.playstation.net/cdn/UP0102/NPUB30114_00/yjEfNGUKN54BSUbPODFcj92VpEdDPBMI6lsWiVHI7a9sjeOvkvIdRYP8fAggViCg3r2NMnOuxUnKwR5rl3YjrVEid6PGONt4tiSUh.pkg	MISSING	UP0102-NPUB30114_00-AVAMM10NEOHELIMT			102400	
NPUB30114	US	UNKNOWN TITLE	http://zeus.dl.playstation.net/cdn/UP0102/NPUB30114_00/0aABkXa0TlLAT9qggGh4Wn8I01894VfeyDavchtPEgDuaIyfMRxiAk5huwnQndlfhpyqlj9DSXYEBw4joNeyVUSwo22GWQuvP6prW.pkg	MISSING	UP0102-NPUB30114_00-AVAMM10BASSRUN00			102400	
NPUB30114	US	UNKNOWN TITLE	http://zeus.dl.playstation.net/cdn/UP0102/NPUB30114_00/EgUiJW259JQV7cl7DiiDPyT1ATC3vspjCuv6TaCT85n5G6drNdmKphglrUXEJNe7yox83O4j1MU3lQjIK5X9AHYsA39RgwG4FYnfo.pkg	MISSING	UP0102-NPUB30114_00-AVAMM10PROTOMAN0			102400	
NPUB30114	US	UNKNOWN TITLE	http://zeus.dl.playstation.net/cdn/UP0102/NPUB30114_00/To2lSQvOIceh8w5rdVaDklmvTwvWoY5w0oXEqEutcfpqpgWOcioC5174evrwtY524gxTXUhs7jcHcFsfKPIHaqUNhilbymBeYtc0v.pkg	MISSING	UP0102-NPUB30114_00-AVAMM10PROTOMANR			102400	
BCUS98234	US	Killzone®3 Ice Assault Trooper Avatar	http://zeus.dl.playstation.net/cdn/UP9000/BCUS98234_00/fNtagqwYejtusoRaZeTesCraIhjzNiijcCWtklzgrbRWbudZnDwSZsNrQpqZzDMmbISqLrCVMzXUhINCrpZCLNrgkNPuhnUoXjXhk.pkg	d1fdaae22a998de10c0b63c92628d2d1	UP9000-BCUS98234_00-AVAKZ3ICEASSAULT			102400	
BCUS98234	US	Killzone®3 Capture Trooper Avatar	http://zeus.dl.playstation.net/cdn/UP9000/BCUS98234_00/HGNBymUbndRfHoSyVIMEYaOSXxgHJggdOiOhVeLNdiJinMfwOzpdCQCOgpcXiWQIJjbmZknqAoTGfBKWMpEapbOPJfxmkFXqrhNYK.pkg	d21e7d7fe1448202f5d7fee8bad6cc20	UP9000-BCUS98234_00-AVAKZ3CAPTURETRO			102400	
BCUS98234	US	Killzone®3 Shock Trooper Avatar	http://zeus.dl.playstation.net/cdn/UP9000/BCUS98234_00/OyCthfOHwGKDlTKynxsRFRRggTMcauoWVVOrRoRpBjdXvaHsoEmtcmggSQyhmdYEraucVKBIifAdNVuohrIDgIXmRoSlUkKaiupYB.pkg	685a0c15390802183859c755a4af761b	UP9000-BCUS98234_00-AVAKZ3SHOCKTROOP			102400	
BCUS98234	US	Killzone®3 Support Trooper Avatar	http://zeus.dl.playstation.net/cdn/UP9000/BCUS98234_00/iVhMwdnPiowvHwrDAlQtDNKjACEyxwiTgqtybeEmbNuhglqPKxJaExwzCexQseFvqhfnYnKzxdvktUMGJFFoagvaTbjhuREPCOluR.pkg	ba0726549c7678c3c754dacc4c48676f	UP9000-BCUS98234_00-AVAKZ3SUPPORTROP			102400	
BCUS98234	US	Killzone®3 Hazmat Trooper Avatar	http://zeus.dl.playstation.net/cdn/UP9000/BCUS98234_00/DeQpeVJhQcCUcXemeOhcwjprMhtWpMKdYXBoGHhrDDXwRzcqCxSfjpyLHCUVaZgayblXDXMuhWwqQQDrARSAUoNoLiimEVGNomKQg.pkg	95a9f54c866f94518352fc542fcaf736	UP9000-BCUS98234_00-AVAKZ3HAZMATTROO			102400	
BCUS98234	US	Killzone®3 Pyro Trooper Avatar	http://zeus.dl.playstation.net/cdn/UP9000/BCUS98234_00/NnWAVsNCetVkcGDMLIBRUgDygtRDuyYGNDDHDkmmkWgFAfPsOxxIbCxKUqSGsLPctQYIeWMmiKZMuGeLyqZbbQJHQqbVkGXLCSIaM.pkg	8238533f5b50389d361db85108a0e0e9	UP9000-BCUS98234_00-AVAKZ3PYROTROOPE			102400	
BCUS98234	US	Killzone®3 Rifleman Alternate Avatar	http://zeus.dl.playstation.net/cdn/UP9000/BCUS98234_00/UYxErEPYIvIngEhJfSlbwVQVOREGizfgKLQcowzSuhbmbJxLSkcBuLQuVCWbBzrXUGiqMeaFLOymBYVnjsLCBFehvEjvfZqJvmPbC.pkg	eb5460d98c8e907dbef1c0781ec54540	UP9000-BCUS98234_00-AVAKZ3RIFLEMNALT			102400	
BCUS98234	US	Killzone®3 Jorhan Stahl Avatar	http://zeus.dl.playstation.net/cdn/UP9000/BCUS98234_00/ZpCzNjhcEXwgEiZnIWkAfMFBXtvJhKLAJeaHPNBerfZSVXNkEEYpWLXIuqjbBfiQyusSwBUojRlfxwtawrKuFYfriJBdOtnUAGUUL.pkg	ddd8af99e7e195b4b3a8c0ccfc0f476f	UP9000-BCUS98234_00-AVAKZ3STAHLXXXXX			102400	
BCUS98234	US	Killzone®3 Rifleman Avatar	http://zeus.dl.playstation.net/cdn/UP9000/BCUS98234_00/BCxJzhbTOqeYNFVQCsjzEiCbjAzhznNUshVbFHOheWmDxyDzJsfJGfnuMyknRwcukwSTUGryFjTvMyBvXBdjgtaDxobuEutdlqWLa.pkg	26e90b2f0c297cf30d3163e425bcf359	UP9000-BCUS98234_00-AVAKZ3RIFLEMANXX			102400	
BCUS98234	US	Killzone®3 Heavy Avatar	http://zeus.dl.playstation.net/cdn/UP9000/BCUS98234_00/yXKHQthhurBoXvgxZnVfSSvKQhlhKvDBVlCveLCkrSwHMjdmcsOXSQHMKFkQKVfjODrMilENHYEyqeUTABlIcHcVXjoAORvJjPhzQ.pkg	bec5e357a4af4747420aad26178c7d09	UP9000-BCUS98234_00-AVAKZ3HVYTROOPER			102400	
BCUS98234	US	Killzone®3 LMG Trooper Avatar	http://zeus.dl.playstation.net/cdn/UP9000/BCUS98234_00/lzFIQXObbFbhLNctohObLmcysOchbqkViKEogkjGVdFqqiqZRbKlZqmZfitfVQESpUobikcIldyPpXTLBfiicTcBeTPRnThjkbyLA.pkg	b26fbb88c150b99cf8c7a8866775fd94	UP9000-BCUS98234_00-AVAKZ3LMGTROOPER			102400	
BCUS98234	US	Killzone®3 Commando Avatar	http://zeus.dl.playstation.net/cdn/UP9000/BCUS98234_00/TUvYKcnnXKVvKvdybVBCvwoOmtoogzmhEgnuHIBjrPqJGbJqOxRkcWxNZhLYLRjixTkFuwDcPnWskRnYWLBSJJlNgfJtrEFGMHtMz.pkg	a4faa583618b47651e9cf29b803ddd16	UP9000-BCUS98234_00-AVAKZ3COMMANDO00			102400	
BCUS98234	US	Killzone®3 Shock Trooper Alternate Avatar	http://zeus.dl.playstation.net/cdn/UP9000/BCUS98234_00/gLLJXkHKjqdUqHkNyhzCfeJPMnJANPnpkYVsQSNWvqovVXNYqJbJiijbCCeMJBwDcPDtNUIfmfRplJDsmHNeGanvmJUobjRDbLGEq.pkg	fd7581a089d1c37dbb2d17dd054a490c	UP9000-BCUS98234_00-AVAKZ3ELITESHOCK			102400	
BCUS98234	US	Killzone®3 Scientist Avatar	http://zeus.dl.playstation.net/cdn/UP9000/BCUS98234_00/zStEdeVKxoGTUXjSkqTNcSVBPWSXvOTKegCiPUQiRlcLgYuiwSbzXfXfgnwfzePSYOrDFzOXJxmzPxRHuoohAeFXsAepkgiLmIsml.pkg	1e84861abc5dff88817239eec06e03b2	UP9000-BCUS98234_00-AVAKZ3SCIENTISTX			102400	
NPUB31588	US	WELCOME TO MEXICO AVATAR	http://zeus.dl.playstation.net/cdn/UP2099/NPUB31588_00/UP2099-NPUB31588_00-UAPOPULUSN000071_bg_1_060d466278cd068e438615ad987667c788aebd41.pkg	MISSING	UP2099-NPUB31588_00-UAPOPULUSN000071			102400	
NPUB31606	US	Cool Cat 9	http://zeus.dl.playstation.net/cdn/UP2147/NPUB31606_00/UP2147-NPUB31606_00-UAKONSOLEK000050_bg_1_5078a792b36366e705a0c25e9b63fd874b9ef64e.pkg	MISSING	UP2147-NPUB31606_00-UAKONSOLEK000050			102400	
NPUB31606	US	Cool Cat 10	http://zeus.dl.playstation.net/cdn/UP2147/NPUB31606_00/UP2147-NPUB31606_00-UAKONSOLEK000051_bg_1_3280eab43e95d49d71c63ec13101d675dc87f278.pkg	MISSING	UP2147-NPUB31606_00-UAKONSOLEK000051			102400	
NPUB31606	US	Cool Cat 4	http://zeus.dl.playstation.net/cdn/UP2147/NPUB31606_00/UP2147-NPUB31606_00-UAKONSOLEK000045_bg_1_aaa143dd5e1bc16fcb23fa01d42a201cbf64e8d1.pkg	MISSING	UP2147-NPUB31606_00-UAKONSOLEK000045			102400	
NPUB31606	US	Cool Cat 5	http://zeus.dl.playstation.net/cdn/UP2147/NPUB31606_00/UP2147-NPUB31606_00-UAKONSOLEK000046_bg_1_9050046f103c98a9c804ff275900e04285b41462.pkg	MISSING	UP2147-NPUB31606_00-UAKONSOLEK000046			102400	
NPUB31606	US	Cool Cat 2	http://zeus.dl.playstation.net/cdn/UP2147/NPUB31606_00/UP2147-NPUB31606_00-UAKONSOLEK000043_bg_1_b3f08cb1e232657481c3240092909864223545a7.pkg	MISSING	UP2147-NPUB31606_00-UAKONSOLEK000043			102400	
NPUB31606	US	Cool Cat 3	http://zeus.dl.playstation.net/cdn/UP2147/NPUB31606_00/UP2147-NPUB31606_00-UAKONSOLEK000044_bg_1_f419871dd29e8dea507e748ae9840dde64b96dd1.pkg	MISSING	UP2147-NPUB31606_00-UAKONSOLEK000044			102400	
NPUB31606	US	Cool Cat 1	http://zeus.dl.playstation.net/cdn/UP2147/NPUB31606_00/UP2147-NPUB31606_00-UAKONSOLEK000042_bg_1_02b0a2e3d10dab4df65c4f4cf1a76714d19920ca.pkg	MISSING	UP2147-NPUB31606_00-UAKONSOLEK000042			102400	
NPUB31606	US	Cool Cat 8	http://zeus.dl.playstation.net/cdn/UP2147/NPUB31606_00/UP2147-NPUB31606_00-UAKONSOLEK000049_bg_1_4a982bd48233f26fb0d515676f41ed021ceb5d8b.pkg	MISSING	UP2147-NPUB31606_00-UAKONSOLEK000049			102400	
NPUB31606	US	Cool Cat 6	http://zeus.dl.playstation.net/cdn/UP2147/NPUB31606_00/UP2147-NPUB31606_00-UAKONSOLEK000047_bg_1_4d5a3467ecf3f08edaef36980d11f871b99c318f.pkg	MISSING	UP2147-NPUB31606_00-UAKONSOLEK000047			102400	
NPUB31606	US	Cool Cat 7	http://zeus.dl.playstation.net/cdn/UP2147/NPUB31606_00/UP2147-NPUB31606_00-UAKONSOLEK000048_bg_1_8def941b53f94e78a1e506de10f416bd90535506.pkg	MISSING	UP2147-NPUB31606_00-UAKONSOLEK000048			102400	
BCUS98174	US	The Last Of Us™ Ellie Avatar Pose 1	http://zeus.dl.playstation.net/cdn/UP9000/BCUS98174_00/nVZOcdDnJznluaqIstvWRqQLOLiBuXqZYmpzhqyCSdhcNpRCbHlLvCYUUdAdLtlV.pkg	2ca13ce94c9aee757bcac78e9d030f03	UP9000-BCUS98174_00-UALOUSELLIEPOSE1			102400	
BCUS98174	US	The Last Of Us™ Tess Avatar	http://zeus.dl.playstation.net/cdn/UP9000/BCUS98174_00/fqUGrueGxXRAFTVeClGUsQiSHYYwhIlXyhUiajSwAnZbTfdIPdjaqKCSUSpDhbFt.pkg	d91f46090f819ad5804c582a53670d8f	UP9000-BCUS98174_00-UALOUSTESS000000			110224	
BCUS98174	US	The Last Of Us™ Ellie Avatar Pose 3	http://zeus.dl.playstation.net/cdn/UP9000/BCUS98174_00/lqymOTtKVumvUtsxoPnRoFKNzRYqciWCPxcctpWppvcVxJykybGZusOpplbubEkZ.pkg	555139dcb4bfe35063997a18305d7634	UP9000-BCUS98174_00-UALOUSELLIEPOSE3			102400	
BCUS98174	US	The Last Of Us™ Clicker Avatar	http://zeus.dl.playstation.net/cdn/UP9000/BCUS98174_00/jKDLbmdnJyASxxdlHFAJtJbkUPLeuxPGHiNqfjCtfYNbvrNQJIBpIszNzwDCqItH.pkg	MISSING	UP9000-BCUS98174_00-UALOUSCLICKER000			136000	
BCUS98174	US	The Last Of Us™ Ellie Avatar Pose 2	http://zeus.dl.playstation.net/cdn/UP9000/BCUS98174_00/wTZMOFINWyBmXsUiuDfUUUXLybWrfEgKFMuxxhdqWAWFDzKMNozSejopYJFqFuCk.pkg	4a801b83c09304b884d817c0a225526c	UP9000-BCUS98174_00-UALOUSELLIEPOSE2			102400	
BCUS98174	US	The Last Of Us™ Ellie Avatar Pose 5	http://zeus.dl.playstation.net/cdn/UP9000/BCUS98174_00/zkRjBNODvilqrTyhtHsjDJVaLFCSglDcGMFdsVGKDEzWjZskAkvxfWXFHPkdtbFq.pkg	fa6aa53b59fc5f49743e988354b54156	UP9000-BCUS98174_00-UALOUSELLIEPOSE5			102400	
BCUS98174	US	The Last Of Us™ Ellie Avatar Pose 7	http://zeus.dl.playstation.net/cdn/UP9000/BCUS98174_00/hoQSkQHOqWjbLSmOBcyOVqOmMNiwaekAXaBLeAVQdTTCSakxoZvOfqTHhySvcbOf.pkg	df8b842b6f5278fba0f314febe6d9e4c	UP9000-BCUS98174_00-UALOUSELLIEPOSE7			102400	
BCUS98174	US	The Last Of Us™ Ellie Avatar Pose 4	http://zeus.dl.playstation.net/cdn/UP9000/BCUS98174_00/lsXrOiCBdUsVmkqjHphIcHrmVEMuCCMKgHopGePryMbwrkihAJJFoPlzsUxbUNzt.pkg	64325d7fc15ab56382c97de284e756e6	UP9000-BCUS98174_00-UALOUSELLIEPOSE4			102400	
BCUS98174	US	The Last Of Us™ Left Behind Portrait Avatar	http://zeus.dl.playstation.net/cdn/UP9000/BCUS98174_00/fDRFCVtFpBCtYAUDTxwfxBFQsqpFlkSdxNLSlrjorCbufITwIGNAnLYkurcCnIvx.pkg	MISSING	UP9000-BCUS98174_00-UALOUSLEFTBEHIND			116032	
BCUS98174	US	The Last Of Us™ Ellie Avatar Pose 6	http://zeus.dl.playstation.net/cdn/UP9000/BCUS98174_00/qqeCmlCalsiGBIjFXwnGHrzeJRsEiAhUbkNgOdczcSxFsNjlgSxRuoUeALmRgMDU.pkg	7fde54c8efe2e507a0133a1b5a2a3fb8	UP9000-BCUS98174_00-UALOUSELLIEPOSE6			102400	
BCUS98174	US	The Last Of Us™ Ellie Avatar Pose 8	http://zeus.dl.playstation.net/cdn/UP9000/BCUS98174_00/fODMXQptHaOUSGZUZiUsxFeKLQASZRbWvECejjFWwLABJtswnNlTIXMurBCmlFQm.pkg	b2095a547831a76e9ffb1466d9a45fa3	UP9000-BCUS98174_00-UALOUSELLIEPOSE8			102400	
BCUS98174	US	The Last Of Us™ Runner Avatar	http://zeus.dl.playstation.net/cdn/UP9000/BCUS98174_00/GgzDSoNNxkFHmjDxNLitiOfvAQiDGCdFmaLWovwiZjNhKpRpHEpZzWpQcohWPrdK.pkg	MISSING	UP9000-BCUS98174_00-UALOUSRUNNER0000			102400	
BCUS98174	US	The Last Of Us™ Angel Knives Avatar	http://zeus.dl.playstation.net/cdn/UP9000/BCUS98174_00/YSqMFYQDGcQWglmUedIyHBJWfYTjKiEimeSRPMPmMwNkHdLCQVoFVBiRjJbOeSze.pkg	MISSING	UP9000-BCUS98174_00-UALOUSANGELKNIVE			102400	
BCUS98174	US	The Last Of Us™ Marlene Avatar	http://zeus.dl.playstation.net/cdn/UP9000/BCUS98174_00/wJciyxzCKeTmctTGgysdfHCMebxPlXEjzJmmwddQccPrTeGSQpBlfGFplxlcYaIB.pkg	a9e5ad7e9d2fa86a235195885724c5b2	UP9000-BCUS98174_00-UALOUSMARLENE000			102400	
BCUS98174	US	The Last Of Us™ Hunters MP Logo Avatar	http://zeus.dl.playstation.net/cdn/UP9000/BCUS98174_00/ZFrfWgIipyCOCdQZodXKZUGaMGGrNyPQrevBaZXBghmNIwqxNABjcuEubYraaSIr.pkg	bf155ba24f978978ae5b0d34452c8066	UP9000-BCUS98174_00-UALOUSHUNTERSMPL			102400	
BCUS98174	US	The Last Of Us™ David Avatar	http://zeus.dl.playstation.net/cdn/UP9000/BCUS98174_00/giqBXrmNLxjevktTRFBxzBbLPDnhWBYZazgHUFnIEvxfrmSlhLDbGRzEhKkFdtRJ.pkg	e6366e5e79c90e2a95faf5bbd2a513d7	UP9000-BCUS98174_00-UALOUSDAVID00000			103856	
BCUS98174	US	The Last Of Us™ Stalker Avatar	http://zeus.dl.playstation.net/cdn/UP9000/BCUS98174_00/rbBVaHqjLtyXtlzQPZDMILTnmugFtvGHOUSwiaTOYSwQjIteobXodykxSMwLaZjF.pkg	MISSING	UP9000-BCUS98174_00-UALOUSSTALKER000			124752	
BCUS98174	US	The Last Of Us™ Riley American Dreams Avatar	http://zeus.dl.playstation.net/cdn/UP9000/BCUS98174_00/AZdUCNVpZCXnIIFuYAcCcDmYZLaMjoOywvvYZgEzMXOyATMDfTGGvqCOYnXVkWxa.pkg	MISSING	UP9000-BCUS98174_00-UALOUSRILEYAMERC			102400	
BCUS98174	US	The Last Of Us™ Firefly Symbol Avatar	http://zeus.dl.playstation.net/cdn/UP9000/BCUS98174_00/VEhzQfZVRiAJEEsPTOQGCeLYCiByTSjbVagDsygNjjuqHnmVXCJQwAwGHlmojRap.pkg	7ce509a6e34df70ae8a6ab8cb1302622	UP9000-BCUS98174_00-UALOUSFIREFLYSYM			102400	
BCUS98174	US	The Last Of Us™ Blackfang Avatar	http://zeus.dl.playstation.net/cdn/UP9000/BCUS98174_00/ntzJpgQbAoIIEhnSmeirydWswzjnklFWxjWPQQxIjynPgQcMnaTuviUaFqLMBmWM.pkg	MISSING	UP9000-BCUS98174_00-UALOUSSHADOWDARK			102400	
BCUS98174	US	The Last Of Us™ Female Hunter Avatar	http://zeus.dl.playstation.net/cdn/UP9000/BCUS98174_00/qnEGXofJYsKQRnRFDpbhRHYuELsdIjVdYmgbzhwGLekKyTaFqQABohtOimIHuyih.pkg	820b05f8e9d942c169315d01598f19a3	UP9000-BCUS98174_00-UALOUSFEMALEHUNT			113568	
BCUS98174	US	The Last Of Us™ Bloater Avatar	http://zeus.dl.playstation.net/cdn/UP9000/BCUS98174_00/TFbNIyOBYJQymxukFjrlFCkUaDsNPCCQZLqyLMKtzbuqomICOISvHwjOHSwqPuoz.pkg	MISSING	UP9000-BCUS98174_00-UALOUSBLOATER000			129264	
BCUS98174	US	The Last Of Us™ Winston Avatar	http://zeus.dl.playstation.net/cdn/UP9000/BCUS98174_00/PfdXoRnIabbcvvUsiFXFSiHVJgZXBUWYvCnHBcbXVTHuqSCPTeBNSYWVOswfgVOV.pkg	MISSING	UP9000-BCUS98174_00-UALOUSWINSTON000			127312	
BCUS98174	US	The Last Of Us™ Ellie Left Behind Avatar	http://zeus.dl.playstation.net/cdn/UP9000/BCUS98174_00/yyEuPchouOsiHnIDGzYXsBWINojjZzXdSvifpLCTklKeBFjUfqOSbqIBTnesBJnK.pkg	f95cabf0d0e4f177e6060a999b944994	UP9000-BCUS98174_00-UALOUSELLIELEFTB			102400	
BCUS98174	US	The Last Of Us™ Riley Avatar	http://zeus.dl.playstation.net/cdn/UP9000/BCUS98174_00/IlzvVPVfsyUXBskEmOcWmYPnUBmRAGkGopbuBpesTAgzzyDXOmXmIpvDlYttIuZW.pkg	MISSING	UP9000-BCUS98174_00-UALOUSRILEY00000			102400	
BCUS98174	US	The Last Of Us™ Bill Avatar	http://zeus.dl.playstation.net/cdn/UP9000/BCUS98174_00/CSZHtnrbRqcCQOVrqeGUUiqmzzPPMdrLyRflcbzLungLgUYMQhsROGGOETUVPpoF.pkg	5d27bca49aee0cabacb5c5d5eca5cc82	UP9000-BCUS98174_00-UALOUSBILL000000			102400	
BCUS98174	US	The Last Of Us™ Ellie American Dreams Avatar	http://zeus.dl.playstation.net/cdn/UP9000/BCUS98174_00/ipafasrYNqklEOEivBjYLsydvxNwPvQVqWKjihAAZWlabusRxtVnJrtpKjRzAtJI.pkg	MISSING	UP9000-BCUS98174_00-UALOUSELLIEAMERC			107616	
BCUS98174	US	The Last Of Us™ Male Hunter Avatar	http://zeus.dl.playstation.net/cdn/UP9000/BCUS98174_00/rHHGBkGhwGYIYanQzzuuLrnAYAVJMmAZatuYEpNwFBLkIgqMlLcwHgKULxyGoVZn.pkg	07bb873362978cea4c8fd3a7cf41d96b	UP9000-BCUS98174_00-UALOUSMALEHUNTER			123488	
PCSE00516	US	CRIMINAL GIRLS: Miu 02 Avatar	http://zeus.dl.playstation.net/cdn/UP1063/PCSE00516_00/yZNQTdTYjNvYFOiNfIbUBClWUgdDLPsGbmPKlhgfyXkNuLlTpeVdqxdmpXpuFdyl.pkg	MISSING	UP1063-PCSE00516_00-UACRIMINAL000018			107792	
PCSE00516	US	CRIMINAL GIRLS: Kisaragi 02 Avatar	http://zeus.dl.playstation.net/cdn/UP1063/PCSE00516_00/JvikMPtMALeNOMRUjWYrnLwCYYHkfiLFvpNEiPUzPyqzjgQgJmmBLXURPreUiyNC.pkg	MISSING	UP1063-PCSE00516_00-UACRIMINAL000012			102704	
PCSE00516	US	CRIMINAL GIRLS: Himekami 02 Avatar	http://zeus.dl.playstation.net/cdn/UP1063/PCSE00516_00/dbtMvpbLTqwHCvvzsyAnxUGhAKRQcOKIvGIEoSmpcQhWrUgWtCEfHBVUtHFshpvF.pkg	MISSING	UP1063-PCSE00516_00-UACRIMINAL000011			115104	
PCSE00516	US	CRIMINAL GIRLS: Sako 02 Avatar	http://zeus.dl.playstation.net/cdn/UP1063/PCSE00516_00/hMzyCLKSdvjnmmOSYOpBEmPDMxbzvwrDgWyRkwpFoAlpUQNiqoMacUGnkHjbxyCc.pkg	MISSING	UP1063-PCSE00516_00-UACRIMINAL000014			109232	
PCSE00516	US	CRIMINAL GIRLS: Ran 02 Avatar	http://zeus.dl.playstation.net/cdn/UP1063/PCSE00516_00/gBrQYMULXhipxCQDPpRxpuhZzURNnzMgtDlTUIroDlUaSWcyScULcWniBVQZTVvg.pkg	MISSING	UP1063-PCSE00516_00-UACRIMINAL000013			109088	
PCSE00516	US	Criminal Girls:  Ran Avatar	http://zeus.dl.playstation.net/cdn/UP1063/PCSE00516_00/tMMZpQVYuWSrAZmzYvaHrQWYxagXQPpZPlWyrNTzZEimsxBDMLBrFkwkXzuJWqSC.pkg	MISSING	UP1063-PCSE00516_00-UACRIMINAL000005			102400	
PCSE00516	US	Criminal Girls: Miu Avatar	http://zeus.dl.playstation.net/cdn/UP1063/PCSE00516_00/gtkewGzkRyvQRRwaShlkprhKPzwldIeNpKGhMVEIXiUTMHNaCsPAKhCmZdsryDml.pkg	MISSING	UP1063-PCSE00516_00-UACRIMINAL000004			102400	
PCSE00516	US	Criminal Girls: Sako Avatar	http://zeus.dl.playstation.net/cdn/UP1063/PCSE00516_00/fYIZEPwrvBcYQVBLqAZVGdbdXfoicvQmwMPBjutvltTAjZZJNcMSfqVJxjvLhyXP.pkg	MISSING	UP1063-PCSE00516_00-UACRIMINAL000006			102400	
PCSE00516	US	Criminal Girls:  Kisaragi Avatar	http://zeus.dl.playstation.net/cdn/UP1063/PCSE00516_00/TZlJKPgBBBCbWaEnckiadilPAgKbtLUllclkFdVeZsaZVdsnQRacASUqSGtaFjWy.pkg	MISSING	UP1063-PCSE00516_00-UACRIMINAL000003			110016	
PCSE00516	US	Criminal Girls: Himakami Avatar	http://zeus.dl.playstation.net/cdn/UP1063/PCSE00516_00/mgEZirGyYhFAmQUDvrPHABTJCkDOCmoNSrPpvQxvfiCpTyMOkZkyyQaTLPvrWQzW.pkg	MISSING	UP1063-PCSE00516_00-UACRIMINAL000002			102400	
PCSE00516	US	CRIMINAL GIRLS: Tomoe 02 Avatar	http://zeus.dl.playstation.net/cdn/UP1063/PCSE00516_00/PHZaXpZmYxPnAAvZLdNIOCsltmaHWekjoLreMHvPAzcbQFDdhnAAHyMqHMUdGXME.pkg	MISSING	UP1063-PCSE00516_00-UACRIMINAL000016			102400	
PCSE00516	US	CRIMINAL GIRLS: Shin 02 Avatar	http://zeus.dl.playstation.net/cdn/UP1063/PCSE00516_00/PKbwFVvpvwoqmuqpsqaZkwrIDZirVWKigYrZJyeRlxvOsScNGwySBelVkXpMotaz.pkg	MISSING	UP1063-PCSE00516_00-UACRIMINAL000015			102400	
PCSE00516	US	CRIMINAL GIRLS: Yuko 02 Avatar	http://zeus.dl.playstation.net/cdn/UP1063/PCSE00516_00/PKgGBZTjdwzvsaIHmetCsoPwYuJbgyaugYADaWqIuRtuPArIQcoapPXBXVoARjlN.pkg	MISSING	UP1063-PCSE00516_00-UACRIMINAL000017			126368	
PCSE00516	US	Criminal Girls: Shin Avatar	http://zeus.dl.playstation.net/cdn/UP1063/PCSE00516_00/JSVhXpOviVPcSahlkzqSIZdBrsbDAvPZEAplnrcfcxMwoKSFilycGrcFgmhhXKOn.pkg	MISSING	UP1063-PCSE00516_00-UACRIMINAL000007			102400	
PCSE00516	US	Criminal Girls:  Yuko Avatar	http://zeus.dl.playstation.net/cdn/UP1063/PCSE00516_00/JcHKDdzRlhpeeodAxikVIjEBpBCfPmRfqSfJQNRcQnacoKdXwjHrohQbBchMJXSb.pkg	MISSING	UP1063-PCSE00516_00-UACRIMINAL000009			102400	
PCSE00516	US	Criminal Girls: Tomoe Avatar	http://zeus.dl.playstation.net/cdn/UP1063/PCSE00516_00/VsLbODluzvLtFDTFPEqeBxiWbvwJFMSOtFzDacHFRfNuHxdalLkWrPMLjAUiyuEw.pkg	MISSING	UP1063-PCSE00516_00-UACRIMINAL000008			102400	
NPJQ90038	JP	PlayStation®Plusスペシャルアバター10月分	http://zeus.dl.playstation.net/cdn/JP9002/NPJQ90038_00/vxQTIKJXFIYkBVWRCwlJownhYHYzjkiJqEzXarJFsnCquJFDwybpksgglLDkuACfzMTbndHlvRUNhecRSMeCUMmazFhgmMfDGrvvm.pkg	8b80a39b8933758d5d0682117158c5c7	JP9002-NPJQ90038_00-AVATAR1308PSPLUS			102400	
BLES01386	EU	Rayman® Origins - Pirahna Avatar	http://zeus.dl.playstation.net/cdn/EP0001/BLES01386_00/wzNowVDXQuODFevKuczLZTJlgWgAoIrAWPQsYzygeseYfLrFArFsZtXQjIAjYuLx.pkg	MISSING	EP0001-BLES01386_00-AVRAYMANOR000008			102400	
NPEB00645	EU	Аватар: Стиф	http://zeus.dl.playstation.net/cdn/EP4134/NPEB00645_00/BzchvIgdtDFHmkxWNaIJkCGlXtLKWbbvwYYfxHzKqMlCGINvfksrsBdPCHuywmyp.pkg	MISSING	EP4134-NPEB00645_00-AVODDWORLD000005			102400	
BLES01701	EU	Remember Me Nilin Avatar 2	http://zeus.dl.playstation.net/cdn/EP0102/BLES01701_00/gGJiSNhVIpIKvNpcDLYFycYLqwQbycApNMnzigqMIqAlhSMlqsZLrsOZFjeJLyIN.pkg	00a64f2e86caab35d39c73e0432d1625	EP0102-BLES01701_00-AVREMEMBER000002			109888	
BCES01007	EU	Assault Trooper Аватар	http://zeus.dl.playstation.net/cdn/EP9000/BCES01007_00/YwgyzEqtCqBjNVpxPBgYjXcUAjjvkfPRPFXdMnbEHovXqnaSrxALZYSUVLPRQmXC.pkg	MISSING	EP9000-BCES01007_00-AVAKZ3ASSAULTTRO			102400	
NPEA00338	EU	Jak and Daxter Avatar	http://zeus.dl.playstation.net/cdn/EP9000/NPEA00338_00/NadbMULAbpSErUyekquZENxKNBDorKBFuXCrRSqYrLOYjyVjLYMLZIyFpsZAmOCh.pkg	fbf3c089fdf0bb6ea5a4db7932f2d89e	EP9000-NPEA00338_00-AVAJAKDAXJAKDAX1			102400	
NPEA00338	EU	Jak and Daxter 2 Avatar	http://zeus.dl.playstation.net/cdn/EP9000/NPEA00338_00/CrGLOptSVlccHAXxxYBWtUZLaOJMgwVuwlaqwAYjAKpUGCeUPLuSsWfZQXcnlUVq.pkg	8e8bd97fb383bb26a37e523d728f0c3c	EP9000-NPEA00338_00-AVAJAKDAXJAKDAX2			102400	
NPEA00338	EU	Dark Jak 2 Avatar	http://zeus.dl.playstation.net/cdn/EP9000/NPEA00338_00/IRKIRDgXsWXRjkbIdahYdOCiBHUwmyrKnyNogorMkKNflNedOvDnmqmNrkjrTLyU.pkg	36688774a9f1dd5434ec8ccd4e171dd7	EP9000-NPEA00338_00-AVAJAKDAXDARKJK2			106432	
NPEA00338	EU	Dark Jak 1 Avatar	http://zeus.dl.playstation.net/cdn/EP9000/NPEA00338_00/TsPFmXwGoNoeAsdqOohbXYaeFimdEadbnfIHhnMOLqzfiskUeNutfLTMCDLNCfXp.pkg	e3d76dae75a88b51e2ca9787ba539fcb	EP9000-NPEA00338_00-AVAJAKDAXDARKJK1			102400	
NPUB30922	US	Zombie Driver HD Fat Zombie Head Avatar	http://zeus.dl.playstation.net/cdn/UP4380/NPUB30922_00/HRlrGLkIvRipwBwHgspeCfNAhHLKacdpozYcjNhekVzTvjsjFqIAHXtsYFHejmwN.pkg	MISSING	UP4380-NPUB30922_00-UAZOMBIEDR000012			125232	
NPUB30922	US	Zombie Driver HD Zombie Dog Head Avatar	http://zeus.dl.playstation.net/cdn/UP4380/NPUB30922_00/nGycjjeZKeaLDEcuSwFdFbEfsFJBWoSdpswNepmffMjDDUTYgCsZHwwlgkkJFzCA.pkg	MISSING	UP4380-NPUB30922_00-UAZOMBIEDR000014			104640	
NPUB30922	US	UNKNOWN TITLE	http://zeus.dl.playstation.net/cdn/UP4380/NPUB30922_00/yasRkdmIzzxKyaWIHNXpcAyhLqfWPAMImnYJUUSivOmwlksZKvnCSBzkytLEnyjw.pkg	MISSING	UP4380-NPUB30922_00-UAZOMBIEDR000010			114928	
NPUB30922	US	Zombie Driver HD Serious Zombie Avatar	http://zeus.dl.playstation.net/cdn/UP4380/NPUB30922_00/RAnNNqvbirbywAdROOSnSoUJSlGseSokyNoKoXByzQDiSBPmTDSWjAXtHXUofHIp.pkg	MISSING	UP4380-NPUB30922_00-UAZOMBIEDR000019			114864	
NPUB30922	US	Zombie Driver HD Zombie Head Avatar	http://zeus.dl.playstation.net/cdn/UP4380/NPUB30922_00/BakFWlIOdQiNyZvbEblKQdjgNSGzwUXywmmTsNePkYkBBndnNdaZPQQtgWRrhqmt.pkg	MISSING	UP4380-NPUB30922_00-UAZOMBIEDR000015			106752	
NPUB30922	US	Zombie Driver HD Bomber Zombie Avatar	http://zeus.dl.playstation.net/cdn/UP4380/NPUB30922_00/FtYxpVkryvflczVOOMgIHpMhfTwTCjYdFrMiIKPGrhTlklJJDtzpbaLqcxEslTmK.pkg	MISSING	UP4380-NPUB30922_00-UAZOMBIEDR000016			111120	
NPUB30922	US	UNKNOWN TITLE	http://zeus.dl.playstation.net/cdn/UP4380/NPUB30922_00/alzmnCysZNedifBcbQsXbrZPlvGznFMufDjTJWBWLeccamNyPqwkATHyfuZNvwKH.pkg	MISSING	UP4380-NPUB30922_00-UAZOMBIEDR000001			118464	
NPUB30922	US	UNKNOWN TITLE	http://zeus.dl.playstation.net/cdn/UP4380/NPUB30922_00/WSwBneZhCuZEdlwKxlOchYiMwecBKCUYyxGLbsWwgwXCPHwnAqwbgWilFnpVfgFK.pkg	MISSING	UP4380-NPUB30922_00-UAZOMBIEDR000002			102400	
NPUB30922	US	UNKNOWN TITLE	http://zeus.dl.playstation.net/cdn/UP4380/NPUB30922_00/fgrkYfsVjFEBkszTGzyEyUEDJCfrLmJgzRLuSRatQdySCZVfEMRBPkDHOmwQQmnr.pkg	MISSING	UP4380-NPUB30922_00-UAZOMBIEDR000003			122320	
NPUB30922	US	UNKNOWN TITLE	http://zeus.dl.playstation.net/cdn/UP4380/NPUB30922_00/kOxDmxVwhsbhuExwugEbTOfbpzgKHawJTtFVuNUmBGAuRpwGxaweODtRNWMayIhR.pkg	MISSING	UP4380-NPUB30922_00-UAZOMBIEDR000008			102400	
NPUB30922	US	UNKNOWN TITLE	http://zeus.dl.playstation.net/cdn/UP4380/NPUB30922_00/OELZezEYtOSiFbtwTQINcaXkTeRGaEHsNMiwWrhKKRMOkNMFZHQNtFuKgsbSKYRl.pkg	MISSING	UP4380-NPUB30922_00-UAZOMBIEDR000009			110064	
NPUB30922	US	UNKNOWN TITLE	http://zeus.dl.playstation.net/cdn/UP4380/NPUB30922_00/AXCaiKmGSIFNKcfZRFDuirVGSBBquibmUyBQuJrUPugObUtmzAqmiLFXktJFxOxD.pkg	MISSING	UP4380-NPUB30922_00-UAZOMBIEDR000004			134672	
NPUB30922	US	UNKNOWN TITLE	http://zeus.dl.playstation.net/cdn/UP4380/NPUB30922_00/yAHDTEMnpEQxWjRdbcnyrudmCRQfZASHlFjByiITUBRJWCQYXbjiKueTgnjsdySj.pkg	MISSING	UP4380-NPUB30922_00-UAZOMBIEDR000005			102400	
NPUB30922	US	UNKNOWN TITLE	http://zeus.dl.playstation.net/cdn/UP4380/NPUB30922_00/OTGDkoxIoNnZwIrwTLXpTPccormJcMHpIumjmZLNAqWpDztQiVvOOjxCgGOHiGne.pkg	MISSING	UP4380-NPUB30922_00-UAZOMBIEDR000006			102400	
NPUB30922	US	UNKNOWN TITLE	http://zeus.dl.playstation.net/cdn/UP4380/NPUB30922_00/kyZTGvmjSFxZDtYAPyTdqcXeWVHZIkrIEUyGHKRiplMsWkAuuIkAvVdXdppbOoqX.pkg	MISSING	UP4380-NPUB30922_00-UAZOMBIEDR000007			107328	
BLUS30901	US	Hyperdimension Neptunia mk2: Uni Avatar	http://zeus.dl.playstation.net/cdn/UP1063/BLUS30901_00/TeKJnXqAThPhmmuoVMMceeYlhlPZJyVvoSHjkdmvwMsevPTgJXeGORpbvFfLJAEm.pkg	MISSING	UP1063-BLUS30901_00-AVAHNMK2UNI00000			111648	
BLUS30901	US	Hyperdimension Neptunia mk2: Black Sister Avatar	http://zeus.dl.playstation.net/cdn/UP1063/BLUS30901_00/bwWgnRdgiqXyOyOQMfgfkebOjbkpjvsJuWbVtAvDLqvhRwcFHPPldaqFzxuzUsNW.pkg	09de50aba15ef67256601cc4e0f634f4	UP1063-BLUS30901_00-AVAHNMK2BLACKSIS			102400	
BLUS30901	US	Hyperdimension Neptunia mk2: Cave Avatar	http://zeus.dl.playstation.net/cdn/UP1063/BLUS30901_00/QCDlwuoGTJutrSSPlZYgshEnwjlkSkusxEkLCbObckXEaPmIaBmmCFebzqHVBZxn.pkg	MISSING	UP1063-BLUS30901_00-AVAHNMK2CAVE0000			117296	
BLUS30901	US	Hyperdimension Neptunia mk2: Histoire Avatar	http://zeus.dl.playstation.net/cdn/UP1063/BLUS30901_00/xavIMbxPDKEFeObhJTDUJspoNjTXYdjsQfIwwpbRWSDZmgjnAkfbgBonyyWtQJAp.pkg	MISSING	UP1063-BLUS30901_00-AVAHNMK2HISTOIRE			112816	
BLUS30901	US	Hyperdimension Neptunia mk2: Falcom Avatar	http://zeus.dl.playstation.net/cdn/UP1063/BLUS30901_00/DHbUxbZwObsuwYpoUeTWRyztBcgcYtZVfihtuATRmXIgBMrovegHCgdgJwrJHQpf.pkg	MISSING	UP1063-BLUS30901_00-AVAHNMK2FALCOM00			118144	
BLUS30901	US	Hyperdimension Neptunia mk2: CFW Judge Avatar	http://zeus.dl.playstation.net/cdn/UP1063/BLUS30901_00/EKdmXBMSpfKuWCeWZrcwBXHbFByXkSBTrGvKNMmYgpiMoVJQqCUdVbafeXNxUlEI.pkg	MISSING	UP1063-BLUS30901_00-UAHYPERDIM000017			123920	
BLUS30901	US	Hyperdimension Neptunia mk2: J.K. Avatar	http://zeus.dl.playstation.net/cdn/UP1063/BLUS30901_00/xmlzVuLzlXXKaIfgrzJQXkFVyhOmcdrrctIDaeUnsbtPGvvxdVMKXzbkYSMmQxjv.pkg	MISSING	UP1063-BLUS30901_00-UAHYPERDIM000013			102400	
BLUS31150	US	Hyperdimension Neptunia Victory: Purple Sister Avatar	http://zeus.dl.playstation.net/cdn/UP1063/BLUS31150_00/QJtyZKCqpnvyxynngPARJwzWGSMdKWvFcmQCJIFHaEIAVdYpXBobIltbLaLYJZvb.pkg	MISSING	UP1063-BLUS31150_00-UAHYPERDIM000004			102400	
BLUS31150	US	Hyperdimension Neptunia Victory: IF Avatar	http://zeus.dl.playstation.net/cdn/UP1063/BLUS31150_00/BpwbZSWARsaOtwFrOIEYNSvAGmSDhHPIicnPiGTtfkdoAHpeYfSNhiDLnUycGgrZ.pkg	38065f04948420473ba275dc5d3077f8	UP1063-BLUS31150_00-UAHYPERDIM000008			102400	
BLUS31150	US	Hyperdimension Neptunia Victory: Nepgear Avatar	http://zeus.dl.playstation.net/cdn/UP1063/BLUS31150_00/CEqdOlTNgNEjwfLspHTBUVqYQqOEzSyGJmMSqIsnamXitrqQUKClqfiveygMcHII.pkg	MISSING	UP1063-BLUS31150_00-UAHYPERDIM000003			102400	
BLUS31150	US	Hyperdimension Neptunia Victory: Neptune Avatar	http://zeus.dl.playstation.net/cdn/UP1063/BLUS31150_00/mxzzKuEvZQBGolbaGFanQwVfAZaUPedlxskQJxQhGQQauwYuFEzxbDgckgQiSueG.pkg	MISSING	UP1063-BLUS31150_00-UAHYPERDIM000001			102400	
BLUS31150	US	Hyperdimension Neptunia Victory: Noire Avatar	http://zeus.dl.playstation.net/cdn/UP1063/BLUS31150_00/tQPYESdiTQQHkzODUbaHnYLRXccEMyBxkItvRyqqBKbpbhugmIDQrvsRoXrKRDLk.pkg	MISSING	UP1063-BLUS31150_00-UAHYPERDIM000011			102400	
BLUS31150	US	Hyperdimension Neptunia Victory: Green Heart v2 Avatar	http://zeus.dl.playstation.net/cdn/UP1063/BLUS31150_00/FeGAxTqckheNUcjlBLAMOhNjbAnHqKqBFXWxJIaojuUUZCEEeZUxaDetalzmtawx.pkg	29f3da56794ee9e7847a0534e8f67687	UP1063-BLUS31150_00-UAHYPERDIM000029			108704	
BLUS31423	US	Fairy Fencer F: Fang Avatar	http://zeus.dl.playstation.net/cdn/UP1063/BLUS31423_00/jvfbWqeLZfXRHHErOCGNXFtODTuSCKaaqlNHFZBpJKLBwGAeAMZsHJCNBMjTDgFz.pkg	MISSING	UP1063-BLUS31423_00-UAFAIRYFEN000001			102400	
BLUS31423	US	Fairy Fencer F: Eryn Avatar	http://zeus.dl.playstation.net/cdn/UP1063/BLUS31423_00/gGWfHEmhzbFyOvKOGQNopOQSgpDNWxthQJlyRquIqqKYiQjBfGaNrIxGwcfRBFdQ.pkg	MISSING	UP1063-BLUS31423_00-UAFAIRYFEN000003			113152	
BLUS31423	US	Fairy Fencer F: Ryushin Avatar	http://zeus.dl.playstation.net/cdn/UP1063/BLUS31423_00/pfVXuxDLSLbyjuukBZvtWfDtgaGcKELLbPhGCmwJXeCCdTgQIvYZVWmAmOYGAKQA.pkg	MISSING	UP1063-BLUS31423_00-UAFAIRYFEN000012			113312	
BLUS31423	US	Fairy Fencer F: Pippin Avatar	http://zeus.dl.playstation.net/cdn/UP1063/BLUS31423_00/gZoTPmuknVyXDawlZTrvseOpCIAbVDnxihNpdFspcKKaKrQaBsUOCSDZsHmGrlnM.pkg	MISSING	UP1063-BLUS31423_00-UAFAIRYFEN000005			102400	
NPUB31289	US	DOA5LR Honoka Avatar 2	http://zeus.dl.playstation.net/cdn/UP4108/NPUB31289_00/UP4108-NPUB31289_00-UADEADORAL000051_bg_1_9078ec964278a23eeb682244bfd547dc1e332433.pkg	MISSING	UP4108-NPUB31289_00-UADEADORAL000051			102400	
NPUB31289	US	DOA5LR Honoka Avatar 1	http://zeus.dl.playstation.net/cdn/UP4108/NPUB31289_00/UP4108-NPUB31289_00-UADEADORAL000050_bg_1_203ce61a753bc5e78bd2672f3f398e6ad8ce2ba1.pkg	MISSING	UP4108-NPUB31289_00-UADEADORAL000050			102400	
NPUB31289	US	DOA5LR Honoka Avatar 3	http://zeus.dl.playstation.net/cdn/UP4108/NPUB31289_00/UP4108-NPUB31289_00-UADEADORAL000052_bg_1_6f4e61e7d7f208614784dac85183c8e9e3e18e2a.pkg	MISSING	UP4108-NPUB31289_00-UADEADORAL000052			102400	
NPUB31289	US	DOA5LR Honoka Avatar 4	http://zeus.dl.playstation.net/cdn/UP4108/NPUB31289_00/UP4108-NPUB31289_00-UADEADORAL000053_bg_1_74d410175b4493800846d9b4e6cdeb8ffb6d6bd7.pkg	MISSING	UP4108-NPUB31289_00-UADEADORAL000053			102400	
NPUB31289	US	DOA5LR Honoka Avatar 6	http://zeus.dl.playstation.net/cdn/UP4108/NPUB31289_00/UP4108-NPUB31289_00-UADEADORAL000055_bg_1_e0b6ed77816b73d4e21cc7494085e194d8d7c91e.pkg	MISSING	UP4108-NPUB31289_00-UADEADORAL000055			102400	
NPUB31289	US	DOA5LR Honoka Avatar 5	http://zeus.dl.playstation.net/cdn/UP4108/NPUB31289_00/UP4108-NPUB31289_00-UADEADORAL000054_bg_1_f46b618b6b81ccd5ce9bb936bc3311cf7f8e6bfd.pkg	MISSING	UP4108-NPUB31289_00-UADEADORAL000054			102400	
NPUB31289	US	DOA5LR Raidou Avatar 1	http://zeus.dl.playstation.net/cdn/UP4108/NPUB31289_00/UP4108-NPUB31289_00-UADEADORAL000057_bg_1_badb3a31c08f8cde1dc26dcd0083bb7b7df0cff5.pkg	MISSING	UP4108-NPUB31289_00-UADEADORAL000057			103184	
BLUS31150	US	Hyperdimension Neptunia Victory: Anonydeath Avatar	http://zeus.dl.playstation.net/cdn/UP1063/BLUS31150_00/rNatgRfWYVkQgktKFGgyjmVOCQSUXvBinYEikxqBrqISXlmdyhOYQcuycvKZHtVT.pkg	MISSING	UP1063-BLUS31150_00-UAHYPERDIM000021			102400	
BLUS31150	US	Hyperdimension Neptunia Victory: Croire Avatar	http://zeus.dl.playstation.net/cdn/UP1063/BLUS31150_00/jZGmuebYoxtikwiXCUMymGkaLcCljGivxrhTHHvLfkXHwmjGUoefylydtGoxezRf.pkg	cd1c4e21c5c9b89893afde8f74512eeb	UP1063-BLUS31150_00-UAHYPERDIM000018			110288	
NPUB31289	US	DOA5LR Title Logo Avatar	http://zeus.dl.playstation.net/cdn/UP4108/NPUB31289_00/UP4108-NPUB31289_00-UADEADORAL000058_bg_1_fd230f903e102d30c9a7c8a3280a4847c17fe68c.pkg	MISSING	UP4108-NPUB31289_00-UADEADORAL000058			102400	
BLUS31007	US	Mugen Souls: Terse Avatar	http://zeus.dl.playstation.net/cdn/UP1063/BLUS31007_00/XMPRSgdITRbnFoeyLxYwpwXsoFZfkJBSVAwzObdBNuNCFIGQnIOzInZznEgCAAab.pkg	MISSING	UP1063-BLUS31007_00-AVAMUGENTERSE000			102400	
NPEB00130	EU	Anime: Metropolis Avatar 3	http://zeus.dl.playstation.net/cdn/ET0001/NPEB00130_00/TZVVwFEollhoxCiuhyLFRXgFmlSdScRsysrBGfeLmVzAidUjaaSSYtUHvxwLLMct.pkg	MISSING	ET0001-NPEB00130_00-AVDISRUPTI001138			120848	
NPUP10008	US	UNKNOWN TITLE	http://zeus.dl.playstation.net/cdn/UP0102/NPUP10008_00/ZzdqqPmQLKHHcWaXlgYQSZLvfBImJPATgOPOlrslJbJgfImSWziSvjEGTaLhkyphzTqAfLhjxgrdfUiBYGAJUuvtbnOYKqsUIUFUD.pkg	MISSING	UP0102-NPUP10008_00-AVASFIIGUILE0000			102400	
NPUP10008	US	UNKNOWN TITLE	http://zeus.dl.playstation.net/cdn/UP0102/NPUP10008_00/NUwgzcTFNaKzqZkbaGYuuWnbNcSsHWNHkPIJuRAimjAVyyjZeqiaygmGlzEoXkWmtudKtGkfgYSlejpkXBSMraRXDLgiQXsglVErH.pkg	MISSING	UP0102-NPUP10008_00-AVASFIICHUNLI000			102400	
NPUP10008	US	UNKNOWN TITLE	http://zeus.dl.playstation.net/cdn/UP0102/NPUP10008_00/PeWmwUwcpbYecXNslDMZdktVBcrMjUvuBLUgvUESEzzbzKIFcFzbUqHiUicrLdiOdYsotkpboNsrEYZOycaskrPbQyrWrdckOZuTa.pkg	MISSING	UP0102-NPUP10008_00-AVASFIIDHALSIM00			102400	
NPUP10008	US	UNKNOWN TITLE	http://zeus.dl.playstation.net/cdn/UP0102/NPUP10008_00/liOZZMCcHanFPvMTjqtajGDhtxYNoOioNlSacebLkfanNuDOJRUQkHDZmalZhkMoRSPOTvPxHSlEbJFTIPMZIvKZOdljIRwPygDje.pkg	MISSING	UP0102-NPUP10008_00-AVASFIIZANGIEF00			102400	
NPUP10008	US	UNKNOWN TITLE	http://zeus.dl.playstation.net/cdn/UP0102/NPUP10008_00/WrcxrcTqwUphSezOmrpvsMRyLdDkrdNkFExuSgEeTTyMagWCUcuWNiTmAjwVFgqXkIqemMqUBhePTZLaQOZCRnZXuCRrDKtCurgcz.pkg	MISSING	UP0102-NPUP10008_00-AVASFIIBLANKA000			102400	
NPUP10008	US	UNKNOWN TITLE	http://zeus.dl.playstation.net/cdn/UP0102/NPUP10008_00/sqyYATgKONlvSNoMMEZcnYVcxBeYECoTpauxVMToqSiUadcGNvCOoInaDtbWJGBWRzSCTqmqMvYrlfLidNzfeshTzdnyJZqqwmIbn.pkg	MISSING	UP0102-NPUP10008_00-AVASFIIEHONDA000			102400	
BCUS98295	US	MLB® 12 The Show™ Toronto Blue Jays Avatar	http://zeus.dl.playstation.net/cdn/UP9000/BCUS98295_00/zgqjokGRoWzUkKVmKyWkmvXXysMuzZNpyYacDetuePstycNkTSttKuXmuYtopjeIlHoviEhjSZSKNYguPkLsATnEjOSmPADZJApHK.pkg	MISSING	UP9000-BCUS98295_00-AVAMLB12BLUEJAYS			105088	
NPUP10010	US	UNKNOWN TITLE	http://zeus.dl.playstation.net/cdn/UP0102/NPUP10010_00/YJQlqzQPvxiXwMmeETndOIRXVtvzqLhtYhsEXqHBnLytrPJfIqhKbKaHugsHVWATAciZepSBOwWkAzsabuKqiTqdAuIZNHrjyRcgb.pkg	MISSING	UP0102-NPUP10010_00-AVASERVBOTCRYING			102400	
NPUP10010	US	UNKNOWN TITLE	http://zeus.dl.playstation.net/cdn/UP0102/NPUP10010_00/10oAOiQDiVYG004uHko4Ue7dIo5dK28e1EpV1riv412D8JWsHnb2rdkV14kDOBF0p0LlM5O97FOtgMyB01aS02LUvQpcAxSGCPjvL.pkg	MISSING	UP0102-NPUP10010_00-AVAMML2SERVBOTYE			102400	
NPUP10010	US	UNKNOWN TITLE	http://zeus.dl.playstation.net/cdn/UP0102/NPUP10010_00/1NXY411OtPe3s5i6hcX6dqugPL2IqssUE9gtTcDV6FbuURDkRKjTsdDtMhPfNJwhR7voQaFabju0U32VtfY9EOaUIfQ5BEyY1hjqo.pkg	MISSING	UP0102-NPUP10010_00-AVAMML2SERVBOTWA			102400	
NPUP10010	US	UNKNOWN TITLE	http://zeus.dl.playstation.net/cdn/UP0102/NPUP10010_00/FbJghYlGYFtaITHwlbIcXVKldcXdhEauBVvuAZpOkvtVxLVldmfKTKelPfePUdJbapWqcHqdEVxoQTjTQKejxLvKCtpzMsURwRuxx.pkg	MISSING	UP0102-NPUP10010_00-AVADATAANGRY0000			102400	
NPUP10010	US	UNKNOWN TITLE	http://zeus.dl.playstation.net/cdn/UP0102/NPUP10010_00/qAIL1bnOe8WEt4RtjV69no6klvHSKP5UKeUSLvu7pkxsYLN37oy4UuOQuTkmYps3kSfwdP9mHNCvBY7AuUHL6qVipIy4Fwmg1QUAF.pkg	MISSING	UP0102-NPUP10010_00-AVAMML2DATAREAR0			102400	
NPUP10010	US	UNKNOWN TITLE	http://zeus.dl.playstation.net/cdn/UP0102/NPUP10010_00/jCxIJMWVtoXFiBjbqIIRDoBiulcrKVAieOpvkNKAFiwoCboISxjbAHISYspVhgjxoZJpkKNbIkelSqbYcwtDpKaFYzDmWNccXaxUU.pkg	MISSING	UP0102-NPUP10010_00-AVADATASITTING00			102400	
NPUP10010	US	UNKNOWN TITLE	http://zeus.dl.playstation.net/cdn/UP0102/NPUP10010_00/ibrBVaDJobzmXMXTlEDTCXGRRJUCKkVdKJUPqQVEDBUAdCeiNxennvUgmvKjETCkqlVynqMeGgaZDtUOFBvIIoGywufKcwhIAUQlZ.pkg	MISSING	UP0102-NPUP10010_00-AVADATARUNNING00			102400	
NPUP10010	US	UNKNOWN TITLE	http://zeus.dl.playstation.net/cdn/UP0102/NPUP10010_00/KSdOvHNVsEdMauYyOiwJUzWbGHutDkIuxArCYcGGDJndjBaVSucyWspsNkdWgmrOFcruLzsWSqEnwFChcwNlzSAwkIYnJIekmpZdY.pkg	MISSING	UP0102-NPUP10010_00-AVADATASLEEPING0			102400	
NPUP10010	US	UNKNOWN TITLE	http://zeus.dl.playstation.net/cdn/UP0102/NPUP10010_00/laCxfifOAE2vq95BeO1b2U84n2SBhW8GfJBClK0lMJ0O4QElSe9ykewp7sS1fifE9PgvfDXXxbWI1CEqq5K9QkQQHbOLDcb3dk0UT.pkg	MISSING	UP0102-NPUP10010_00-AVAMML2DATAJUMPG			102400	
NPJQ00039	JP	UNKNOWN TITLE	http://zeus.dl.playstation.net/cdn/JP9000/NPJQ00039_00/MrxqPpFpzgXsixoQPUFYkxhEvBocXxquGwpEAFaNPiGABlBKUggqWPQxOgqMeyXm.pkg	MISSING	JP9000-NPJQ00039_00-AVATAR1307000004			102400	
NPJQ00039	JP	UNKNOWN TITLE	http://zeus.dl.playstation.net/cdn/JP9000/NPJQ00039_00/yjhRzigEVkTdHreffdTneCexJQtDmCWdFnotasTXCnlzjRSdJNQxcdnvTOfoaKWM.pkg	MISSING	JP9000-NPJQ00039_00-AVATAR1307000006			102400	
NPJQ00039	JP	UNKNOWN TITLE	http://zeus.dl.playstation.net/cdn/JP9000/NPJQ00039_00/JYcohyJxcrEsHFypWpGsubdiTErBPJagYVqcSHazufKVtKJvpFwdzAnshJyjlMYc.pkg	MISSING	JP9000-NPJQ00039_00-AVATAR1307000005			102400	
BLUS31150	US	Hyperdimension Neptunia Victory: Black Heart v2 Avatar	http://zeus.dl.playstation.net/cdn/UP1063/BLUS31150_00/vKQdBCRiODQGyexZmBgbECxxcHhBKNyRSTMIyfQIDetiTcTJhxcRrwiuuFefBXsG.pkg	MISSING	UP1063-BLUS31150_00-UAHYPERDIM000027			104544	
NPJR80006	JP	UNKNOWN TITLE	http://zeus.dl.playstation.net/cdn/JP0005/NPJR80006_00/HGUoVWOPevoVsPwNBbIeaEytAfnvoSGJTzbIwsLQgImaTaJrOPpZniEEqHIQedrmKuuIbiSVUGpEBVngzNJGLYQjQDgnZECWrbWEJ.pkg	MISSING	JP0005-NPJR80006_00-AVACATHERINE0012			102400	
NPJQ80009	JP	UNKNOWN TITLE	http://zeus.dl.playstation.net/cdn/JP9003/NPJQ80009_00/tkgzQMPrsKIbfaSjPJyldcqqMtNjNsduaJyDReFaPtCTDCjJjVAqwHcMAICyBoAjsSwkxhjkKERrjwLkuoGKgnxqQjLtqKNzntRHU.pkg	MISSING	JP9003-NPJQ80009_00-AVATARSMIO000001			102400	
NPJR80021	JP	UNKNOWN TITLE	http://zeus.dl.playstation.net/cdn/JP0031/NPJR80021_00/EWPfgMtZdxNGsEFJjsQIrWBVTbARJjGjUvtJgniOLKiIzgSOLbnZNiociftoxUpIdqjeCXpzBCjLJlxJldwILLpbvCDmFOJcDEJqS.pkg	MISSING	JP0031-NPJR80021_00-PURPLESISTERMKII			102400	
NPJR80021	JP	UNKNOWN TITLE	http://zeus.dl.playstation.net/cdn/JP0031/NPJR80021_00/zclZVoWlNFnbmIlhYwwypgKnMYiACavOmnJfWUSCwwGBietXHEEZORNPztsJAVBIWvsgKAkTSWqdIvvXnfJhBcTwFDYwvRPUHGmxu.pkg	MISSING	JP0031-NPJR80021_00-00000PURPLEHEART			112448	
BLJM60492	JP	UNKNOWN TITLE	http://zeus.dl.playstation.net/cdn/JP0031/BLJM60492_00/zqePYFapCKpihpQphTjvznfqkZuglzJpJfVfMBCuUdtTmzuXdfaExOjOTHrZdmeyCxBazAYruceitIInGnPgKBRGiCvfhlYWHsQlY.pkg	MISSING	JP0031-BLJM60492_00-DL0806AVATAR0004			105168	
NPJB00350	JP	UNKNOWN TITLE	http://zeus.dl.playstation.net/cdn/JP0404/NPJB00350_00/nZnoPCHSAcurBplXIdqSeAnmXqenXdIIVaNtRLOADwsVitezBBQScvbrYWZjtDHuAgNzjSSqCKqqxzpheotPfFtURzCaIQKOhftJb.pkg	MISSING	JP0404-NPJB00350_00-AVATAR1212000009			102400	
BLES01409	EU	THE KING OF FIGHTERS XIII - Mai	http://zeus.dl.playstation.net/cdn/EP4034/BLES01409_00/OOrsOGNgIcSAATWYZBaZUsxXCEbmNHXTkuFyGUEYsXDjNOurhfcgOySkWeKMubvG.pkg	MISSING	EP4034-BLES01409_00-AVTHEKINGO000024			102400	
BLES01225	EU	Disgaea 4: Fuka Avatar	http://zeus.dl.playstation.net/cdn/EP1063/BLES01225_00/MLehGdaOTgaJrjcgQRPfoebcjQnXsRNuwWkxOcpfvyhvezPhTURNcvmhlAXrJTaQ.pkg	MISSING	EP1063-BLES01225_00-AVDISGAEA4000002			102400	
NPEB00474	EU	UNKNOWN TITLE	http://zeus.dl.playstation.net/cdn/EP4312/NPEB00474_00/LuCOlCajQXaUlhqQKTAKmHwRgDsoostaMUMRQsJBlEiLFDTbGUhOZESbimTMYWXk.pkg	MISSING	EP4312-NPEB00474_00-AVSMOBILET000018			102400	
NPEB00474	EU	UNKNOWN TITLE	http://zeus.dl.playstation.net/cdn/EP4312/NPEB00474_00/UnrPgOmqBwHNSvyKRZRoLnIMQZKNhDqSUHQELomMmiCzXJkvwTbhkaVyeZimdALo.pkg	MISSING	EP4312-NPEB00474_00-AVSMOBILET000004			117616	
NPEB00474	EU	UNKNOWN TITLE	http://zeus.dl.playstation.net/cdn/EP4312/NPEB00474_00/GTHCtfZHkFDANmpXcfalxERcvCqfXTIOKbQhjvTOJIYkGWlIKpBkVIxSKbsIdohl.pkg	MISSING	EP4312-NPEB00474_00-AVSMOBILET000006			120144	
BLES01723	EU	UNKNOWN TITLE	http://zeus.dl.playstation.net/cdn/EP1063/BLES01723_00/bXbsaRpAfCpNwHBqQkZFAQngLLRwMJBHWEZLtlmYPcQlvMjciswicZpMgXPpGvvH.pkg	MISSING	EP1063-BLES01723_00-AVMUGENSOU000003			102400	
BLES01723	EU	Mugen Souls: Bipolar Avatar	http://zeus.dl.playstation.net/cdn/EP1063/BLES01723_00/FZhsuEXoImUkRPvhlRhwoKyYJSDMWEQKXkukuREyzGxuURlrIXeAnPgaXsnxtnnx.pkg	741a38f487e8ecb84767801f771a2663	EP1063-BLES01723_00-AVMUGENSOU000005			102400	
BLES01723	EU	UNKNOWN TITLE	http://zeus.dl.playstation.net/cdn/EP1063/BLES01723_00/OaWDMVsNYfLdgIQIgJifpYnLmgNFtkeoaHsfuuAnxjfGDpcdMqPrtyqGRGwQwLoq.pkg	MISSING	EP1063-BLES01723_00-AVMUGENSOU000002			102400	
NPEB00474	EU	UNKNOWN TITLE	http://zeus.dl.playstation.net/cdn/EP4312/NPEB00474_00/pnjTPbQBzoEyEdLzhWjbenrWiOgXeEvuAHBrzqqotWtVRIecFTZeRPIphJpKAFXA.pkg	MISSING	EP4312-NPEB00474_00-AVSMOBILET000111			112688	
BLES01507	EU	Hyperdimension Neptunia mk2: Chika Avatar	http://zeus.dl.playstation.net/cdn/EP1063/BLES01507_00/kGbsBeSTMCZdNRJHraUmitQbmigxoQhRiIHdNBnfJQGGtmopBsECVfEJKmqbbunI.pkg	875de2d48ecd95c0294452e5281c97dc	EP1063-BLES01507_00-AVHYPERDIM000015			102400	
BLES01788	EU	UNKNOWN TITLE	http://zeus.dl.playstation.net/cdn/EP1063/BLES01788_00/FliPPbsmpbVTKYACFjEBejfstrZqVxfnYohxYkCdYktTTIXHjuvVXmjPKPGNOpQJ.pkg	MISSING	EP1063-BLES01788_00-AVHYPERDIM000002			102400	
BLES01788	EU	UNKNOWN TITLE	http://zeus.dl.playstation.net/cdn/EP1063/BLES01788_00/KBfpuBVSDCpCaiQvDJJHuAirQCfwqCnRjddnyFbpXEZpPnpgmqsdWQbBaYhLlpRl.pkg	MISSING	EP1063-BLES01788_00-AVHYPERDIM000018			116640	
BLES01788	EU	UNKNOWN TITLE	http://zeus.dl.playstation.net/cdn/EP1063/BLES01788_00/FQomeTQTQtVNDRyoHVqnsPRweMlBdRslBuPqGuUcBlDNKeMQdTyFYGujgVELzDMm.pkg	MISSING	EP1063-BLES01788_00-AVHYPERDIM000019			103184	
BLES01225	EU	UNKNOWN TITLE	http://zeus.dl.playstation.net/cdn/EP1063/BLES01225_00/MKrSJnOeIJhJAUfSzqbEZrzpFYNVSJEOxvKXxtUWWhKfTuVOwlFhyLGpEYXEvgbc.pkg	MISSING	EP1063-BLES01225_00-AVDISGAEA4000044			102400	
BLES01788	EU	Hyperdimension Neptunia Victory: Yellow Heart v2 Avatar	http://zeus.dl.playstation.net/cdn/EP1063/BLES01788_00/XlsejaIZoBmfCGkmCMXxjNbCGfEnSMhNjGITEZgLsrqZJAtnPDMwmMyAjyPYKJOe.pkg	352b6e903b0a39ac44407dd68ff01da8	EP1063-BLES01788_00-AVHYPERDIM000023			105136	
NPEB00474	EU	UNKNOWN TITLE	http://zeus.dl.playstation.net/cdn/EP4312/NPEB00474_00/tLQMqRorQgFVRJwYGArkzPMRlbphjGMUqGTGUwDPNkZwowubjJLcOaIRYBiZPHXz.pkg	MISSING	EP4312-NPEB00474_00-AVSMOBILET000668			130336	
NPEB00916	EU	UNKNOWN TITLE	http://zeus.dl.playstation.net/cdn/EP4034/NPEB00916_00/JAfVJfFRYPvfEUgjNOzxzliyHDCjwIOuVmRvFFmuKwlCboiuxfMFcaJelOpUhyvk.pkg	MISSING	EP4034-NPEB00916_00-AVRUNEFACT000006			102400	
NPEB00916	EU	UNKNOWN TITLE	http://zeus.dl.playstation.net/cdn/EP4034/NPEB00916_00/YTLcdMTaHAPFqEpekjxMYqWGLysnhxIGHsOMahbcoeMoSEWEVEqvhgmdQEcXPSTY.pkg	MISSING	EP4034-NPEB00916_00-AVRUNEFACT000008			108528	
BLES02022	EU	UNKNOWN TITLE	http://zeus.dl.playstation.net/cdn/EP1063/BLES02022_00/KPdxWhVaZjdhRmGmuoswnRBpqkOlmCUackIqocTzKhrPlzmvvgstoXoHSArJYAZi.pkg	MISSING	EP1063-BLES02022_00-AVMUGENSOU000002			102400	
BCES00701	EU	Astro Kitty Avatar	http://zeus.dl.playstation.net/cdn/EP9000/BCES00701_00/EDiIKGFzaLWwZFksiSAikCptVVKcRyjnXWKxxZgMuWDwvZxQssJIrPVtZKHkEGCj.pkg	d228d9a605e475777d63835793a8d68c	EP9000-BCES00701_00-AVAMNRASTROKITTY			102400	
BCES00701	EU	Dolor Avatar	http://zeus.dl.playstation.net/cdn/EP9000/BCES00701_00/dJEPxgGEYJKeJCwPMttSLxPkjLQjiiHoIdCRzRYQebglvugPVoxcDcyZmmdguJvd.pkg	e3b45aeb5d67a982f924bc290f9fb97a	EP9000-BCES00701_00-AVAMNRDOLOR00000			102400	
BCES00701	EU	Drillbit Avatar	http://zeus.dl.playstation.net/cdn/EP9000/BCES00701_00/EzcxQAwkTNLpeWkAQudyGXSooyvBIEZvWxPYhLOYsVRCoXTBEWmUaaTGUBqmaZbD.pkg	4ef6e402a1d4c26432899c6403928fa1	EP9000-BCES00701_00-AVAMNRDRILLBIT00			102400	
BCES00701	EU	Fade Avatar	http://zeus.dl.playstation.net/cdn/EP9000/BCES00701_00/sFkifNKhnscOSrTWqcfNhzayPkxmRnrEgvVoVSIVURdNRxylNQMRNqEZcyfBKoeg.pkg	642df5ed8f812105a3235fbb1043b4ec	EP9000-BCES00701_00-AVAMNRFADE000000			102400	
BCES00701	EU	Uncle Richard Avatar	http://zeus.dl.playstation.net/cdn/EP9000/BCES00701_00/HnyUqoQjblmyjMEyLOZqlVSDUNXdYEWZPvRpaBMEVNKkKuenpAzzFIBjNVyjyazc.pkg	556247056e4289741a6c49b7ae8ff0e3	EP9000-BCES00701_00-AVAMNRUNCLERICHA			102400	
BCES00484	EU	MSA Urban Avatar	http://zeus.dl.playstation.net/cdn/EP9000/BCES00484_00/rHRhYVjssLhppXbBLYPYtFsOPORDLlumkhSshtqndQzdKBXaYzCXjaTHFmZOzPBZ.pkg	9b2461a807b7d64889d143580e1b8153	EP9000-BCES00484_00-AVAMOTORSTORMI01			102400	
BCES01143	EU	Nix Avatar	http://zeus.dl.playstation.net/cdn/EP9000/BCES01143_00/qyQSpGwIaitLxbZhDGavrVhHsZplvvZzmIlNSVCmBlGtpZpLPiJdwdVAaJsZyINs.pkg	1b788201e7e887617c85df734503e461	EP9000-BCES01143_00-AVAINFAMOUS2NIXX			102400	
NPEA00333	EU	MotorStorm® RC Avatar 8	http://zeus.dl.playstation.net/cdn/EP9000/NPEA00333_00/uRtCnETFOshNVpMioasAzJpFASDnsdBNwJzlDhXHxsSDTpblXpkdnEKajnysXBWl.pkg	cb184d352ef0ed1e270f691eaf56eb2e	EP9000-NPEA00333_00-AVAMOTORSTRC0002			102400	
NPEB00717	EU	UNKNOWN TITLE	http://zeus.dl.playstation.net/cdn/EP0177/NPEB00717_00/YqoDJEUswnYhrHrYKWfaBhXIrhifJSrrxLwSoMwyhGSDHCclosVwUqWVkkCLXTPe.pkg	1d9d8f66d9fd1fc83ff6c41a9d926917	EP0177-NPEB00717_00-AVSONICTHE000002			102400	
NPEB00717	EU	UNKNOWN TITLE	http://zeus.dl.playstation.net/cdn/EP0177/NPEB00717_00/vlLqsPMjANBIQJwpzfWHMsThATvCknevcHoghNnhpikDHtSIdEymBUhnVqfzrdcW.pkg	9e26bf7edc72a4c8d8260185ca1238f5	EP0177-NPEB00717_00-AVSONICTHE000006			102400	
NPEB00717	EU	UNKNOWN TITLE	http://zeus.dl.playstation.net/cdn/EP0177/NPEB00717_00/sGuNbVlUBmCZfDgnRyMiZkWkIyMyuDklZZvBEjpZFGJFbSraPwAHgAjUlZOafAVx.pkg	8959f280e6c0bc764bba4d49a434e7c8	EP0177-NPEB00717_00-AVSONICTHE000007			102400	
NPJR80035	JP	UNKNOWN TITLE	http://zeus.dl.playstation.net/cdn/JP0177/NPJR80035_00/UIXqoAqnqGYbVwtXqXctIyYhfJDMtwfnHIkiVOcVhRFHmsKWmIfAAXhKxiUZUCXOnZrRqMnhMkzWGuvpRPGBWkRnbeEkcEnKXAgXe.pkg	9049e7a0eee2d97aaebb48b12c50aaf4	JP0177-NPJR80035_00-AVATAR1206000001			102400	
NPJR80035	JP	UNKNOWN TITLE	http://zeus.dl.playstation.net/cdn/JP0177/NPJR80035_00/BhSmsTDCZwPLTeENdJMXkYgYoxzrZFLAaXmjQRViPYTuUhHAZRMSDxZsXDnGplWfpMBgguSTAiqPSSnTsJhqvUbtGhiHUbnahYlQt.pkg	c6e063bd72d5ba604e7cd76c61c610ba	JP0177-NPJR80035_00-AVATAR1206000002			102400	
NPJR80035	JP	UNKNOWN TITLE	http://zeus.dl.playstation.net/cdn/JP0177/NPJR80035_00/NmxXsquAWtIgkLxpJUPPgpXwaHOUlMmgKOSLDtsbYNYvBpUGzmzNHlIbBPegujKIkvsFdmCururLCmqcJoHYqoQUxWZDMbVDOjOch.pkg	be5037dd5ad5289dbe1a2edd42160558	JP0177-NPJR80035_00-AVATAR1206000003			102400	
NPJR80035	JP	UNKNOWN TITLE	http://zeus.dl.playstation.net/cdn/JP0177/NPJR80035_00/qkiGAbBkYfQnDOzGYRmAzvaIpJeZxzsKhKwHybaNiZViqgWJLHolzeUPsHXtkvBkxFpiOdFOGdMqAxjIDrUxyjJkimjkVwixRlFyo.pkg	14dde032f26b70b3fc3a7126ef9785da	JP0177-NPJR80035_00-AVATAR1206000004			102400	
NPJR80035	JP	UNKNOWN TITLE	http://zeus.dl.playstation.net/cdn/JP0177/NPJR80035_00/FrLXKascZSESExafAHJnmaZTYbMMMRxhCWLKsxcBjNAXDNaAkDkkzDzPSVvojbxLcHiphBnTOhXWJpLLhefrGqfzUfnZOPsiNMmyp.pkg	5c5d6e3eea2b19a2a8fa3efcb316ec80	JP0177-NPJR80035_00-AVATAR1206000005			102400	
NPJR80035	JP	UNKNOWN TITLE	http://zeus.dl.playstation.net/cdn/JP0177/NPJR80035_00/DXWpKPihDmzBrpILpEPBnVvYTGtfIVIlDNnFcyhomaaHvhqewEuTAYdVfwVmSJFqfBNWaxEzRgsIMTDSFAyYLYvZsyzhGNYzJhdmx.pkg	ec818be3a856d5034a1ab6491bb06c93	JP0177-NPJR80035_00-AVATAR1206000006			102400	
NPJR80035	JP	UNKNOWN TITLE	http://zeus.dl.playstation.net/cdn/JP0177/NPJR80035_00/ZibRLBGPkcGFxVaRjwzUlKEhaRFGsOHxNGUXJjyJOhbcWjyotooNNgRGtAzKjZijOzYlQUQeBHukMztGWCwTUhfFoFWhFrvIpCgXu.pkg	c2bf34a5cbffae32aa41cbc10d805c78	JP0177-NPJR80035_00-AVATAR1206000008			102400	
NPJR80035	JP	UNKNOWN TITLE	http://zeus.dl.playstation.net/cdn/JP0177/NPJR80035_00/giaziyatXujAzMaPgYrOgNUitsVWeYXwCUgmGebvNlGkTksktBKriCpsOtdrxukZLyddYXeyZiNKAAnaUNtmCPdkBeVEZNHUrDSqr.pkg	e7812732dcd5f6919ba9edfdb742c6f2	JP0177-NPJR80035_00-AVATAR1206000009			102400	
NPJR80035	JP	UNKNOWN TITLE	http://zeus.dl.playstation.net/cdn/JP0177/NPJR80035_00/gNQPtafnaIGoSfbssYZkqObFpsYlaALTfjTuRVwuRqWWbUyatNcdQkxLYtUjckwHgAdKMhmnsevQtnZsfEhzIeIUKJoNstpnSCaWI.pkg	65ac59bbd918669466c5f6445b543644	JP0177-NPJR80035_00-AVATAR1206000010			102400	
NPJR80035	JP	UNKNOWN TITLE	http://zeus.dl.playstation.net/cdn/JP0177/NPJR80035_00/meXxEiqLZbtoebNNazciJOlCaFNjqTZhPPMwUPOAICqKUWdvFgmLEhFJiuRVdoySUGNJGLwmdPXMjbaHoNFAgSVSOHaBObEynlsaM.pkg	30764a81dfb7decfdd0937891d963009	JP0177-NPJR80035_00-AVATAR1206000011			102400	
NPJR80035	JP	UNKNOWN TITLE	http://zeus.dl.playstation.net/cdn/JP0177/NPJR80035_00/YLVZISuXnxRKWZmHEPDjMwtsWsfOQfqjvfRHHcICloKkqXzfrtToPZwkscokxxXKUgClTxmNNvKpYUABFPozYeNSSMnVMrIXvJDHE.pkg	22967bfc7d0433cda903d85c02e4c320	JP0177-NPJR80035_00-AVATAR1206000012			102400	
NPJR80035	JP	UNKNOWN TITLE	http://zeus.dl.playstation.net/cdn/JP0177/NPJR80035_00/PtjsUzgPLEgJFIkhywSUFknGUJDmzeBirIwcfBwmrHEBegPdnsYYxophgGLUUwtXaISlobyMttYWIJZWyGMzARUGcFjkQgFVnnPRd.pkg	be9b800710dc0b796c806721ba6b65f9	JP0177-NPJR80035_00-AVATAR1206000013			102400	
NPJR80035	JP	UNKNOWN TITLE	http://zeus.dl.playstation.net/cdn/JP0177/NPJR80035_00/lYhtHaAbkwXeKdaDkdQkHdWivTGwUZAZYCtCaffRqXuyrnBfVEplLctmYsFHlWCHBjwKvNcJZPEYlaFTdhPLDuOwUTbcdOJOnYUJo.pkg	377fc223723acfe31e7ba252cebc3be3	JP0177-NPJR80035_00-AVATAR1206000014			102400	
NPJR80035	JP	UNKNOWN TITLE	http://zeus.dl.playstation.net/cdn/JP0177/NPJR80035_00/vUkRtGilzkZfAWASgCIVqRtLTjviRRCqCnBfILzpkKqnbrdyHZFXxqLlTokuYKXnZJboqnAxcniphzoSpCADxeDNgckUqqofvsfZk.pkg	f99f7d45d99f7404eb4ec6c837e35386	JP0177-NPJR80035_00-AVATAR1206000015			102400	
NPJR80035	JP	UNKNOWN TITLE	http://zeus.dl.playstation.net/cdn/JP0177/NPJR80035_00/RMnHqXIOplIvKMtApAqIdYXYHqOkuxivWgqjpXNmlEyPxmJQnuHhnYOmlSReLUKdTRtQSFmOMOaXzRNoTPfJWDmsqFAwaufLLvrEL.pkg	3e0f01567ae8638da6efd7733482b0c6	JP0177-NPJR80035_00-AVATAR1206000016			102400	
NPJR80035	JP	UNKNOWN TITLE	http://zeus.dl.playstation.net/cdn/JP0177/NPJR80035_00/HODziriOGBFUzsIpnDukxNXhbRRyuVJUEKAfCXqCezTehLVKTBPFCkPGTimJRlCwscgLqOxzzfbmLRuUppKbqzBQcFeNbuUmanFVV.pkg	6196f6f5da949972c4a40675b5853237	JP0177-NPJR80035_00-AVATAR1206000017			102400	
NPJR80035	JP	UNKNOWN TITLE	http://zeus.dl.playstation.net/cdn/JP0177/NPJR80035_00/LbgOdKgUvOZrxgMtdERPXKUJHwSXdelwNHBNbNOtqjDvHBWjiKDhMvmeALunyNVmXLRPpyPyvaSqHCmnanYVJQxmTUoBuqRcWKykI.pkg	c4bb9fa05a9e01368a3e5ad238a79cf9	JP0177-NPJR80035_00-AVATAR1206000018			102400	
BCUS98233	US	UNCHARTED 3: Drake's Deception™ Suited Victor Sullivan Avatar	http://zeus.dl.playstation.net/cdn/UP9000/BCUS98233_00/XLYojlohmtFRLcclzAHyyGVTkVTjdKKTTnobyvxGTCBGCHJsHDIOKvIBtcTedAVXHUQSSsZyYNPPfAXobTjXzrWJXcaOOguSKRmnm.pkg	d9dce5ba52c351da0eb88005ce7b0acf	UP9000-BCUS98233_00-AVAUC3SUITVICSUL			102400	
BCUS98233	US	UNCHARTED 3: Drake's Deception™ Elena Fisher Avatar	http://zeus.dl.playstation.net/cdn/UP9000/BCUS98233_00/sJxapihMriuAObofnZIEqpPPSqSkYHqFHPtfnJEilYhofBCtAujJzsNyKclVcXAnFRZJAMwySESddoqkGvJhaYzMBTkXnpvTbmAwq.pkg	db14d44995ea442ed1039ae016b2cf33	UP9000-BCUS98233_00-AVAUC3ELENAFISHR			102400	
BCUS98233	US	UNCHARTED 3: Drake's Deception™ Charlie Cutter Avatar	http://zeus.dl.playstation.net/cdn/UP9000/BCUS98233_00/lumgFonLTjoElcgMaDRgzSCRoRTQTEGtwIXbIUbTuPzoxojyvVfLvfZsOjvSicmJnxhwDipaWKYUmxuMYZjVnswibgthsYqELoHLg.pkg	c37947d4c8fbabe37d5313e4fa90a84f	UP9000-BCUS98233_00-AVAUC3CHARLIECUT			102400	
BCUS98233	US	UNCHARTED 3: Drake's Deception™ Chloe Frazer Avatar	http://zeus.dl.playstation.net/cdn/UP9000/BCUS98233_00/jkLHbDrhplHTrvKLYGKHZzlWuYFRAzLrpNEFzuUFnwaBOGcAPLTExphplPuJfiIQpIKbvxSyzDjbspYTorZMYMGvCgHTrDBooTMzl.pkg	369f2bc589516b98262496a4d3fdddb4	UP9000-BCUS98233_00-AVAUC3CHLOEFRAZR			102400	
BCUS98233	US	UNCHARTED 3: Drake's Deception™ Suited Nathan Drake Avatar	http://zeus.dl.playstation.net/cdn/UP9000/BCUS98233_00/QQYHqCNayTsTgINuuXZBEunVWpqQdCArfSHJMuaFEUjJSVyehtLcEqCdYOcmXUVxLugtQEWWHtPLMjXyVCXKMXGPOcxiLYdNwiQab.pkg	6e998293fd29cc2ccf7196089e3c82d7	UP9000-BCUS98233_00-AVAUC3SUITNATDRK			102400	
BCUS98233	US	UNCHARTED 3: Drake's Deception™ Dead Agent Avatar	http://zeus.dl.playstation.net/cdn/UP9000/BCUS98233_00/AnWrxYQWBHWCyviZgIAlBPZKnrtflRapCmSUsEOvqUvRMXJXYHgdsoPCNUpOivCljBQVtPgoLiXVKUDBHnslAKgjZtOshJQhINWdF.pkg	53831938abc94c371069230a6cdb7acc	UP9000-BCUS98233_00-AVAUC3DEADAGENT0			102400	
BCUS98233	US	UNCHARTED 3: Drake's Deception™ Salim Avatar	http://zeus.dl.playstation.net/cdn/UP9000/BCUS98233_00/HiedqYjJSlhrgrAAheRPyqXCiFBFJHXFanZrqWZzwQWQBPYhUsnhxxzektyXLRAYiiZknqRstsBPOBSndZVEnjtAQhfyDuIALbuZH.pkg	ddcf36ae832f2ff4271362c71f900f96	UP9000-BCUS98233_00-AVAUC3SALIM00000			102400	
BCUS98233	US	UNCHARTED 3: Drake's Deception™ Talbot Avatar	http://zeus.dl.playstation.net/cdn/UP9000/BCUS98233_00/yKruOUOjSbDitKiEdjHMcJtyiDZdyFyYcAfQKgenpzsRKoWtReCujFXnRpxKOaJxvJzULelEGnWFTAOshVYWAVOvAqWzXnHZiTKQI.pkg	d185ec37a92652aeabb5cc3f63f6c26c	UP9000-BCUS98233_00-AVAUC3TALBOT0000			102400	
BCUS98233	US	UNCHARTED 3: Drake's Deception™ Rameses Avatar	http://zeus.dl.playstation.net/cdn/UP9000/BCUS98233_00/xNLLiqVdFaBfEnPwvUlfekiXIAxmVNYPAUtbZYGtRuiTPtOMSHPwGZsEQSrQwdYXDpSsmwNtlJzHUzLlIcNtxBbZEJfVooehXSXyL.pkg	2e89cba0664bfc8bd73df777738d3901	UP9000-BCUS98233_00-AVAUC3RAMESES000			102400	
BCUS98233	US	UNCHARTED 3: Drake's Deception™ Katherine Marlowe Avatar	http://zeus.dl.playstation.net/cdn/UP9000/BCUS98233_00/BvEgLbxtxWOVdavGASvrWyybAlFOxLGrYcobdNSlXPmDDSJayirmRqYtifFMPkywCEIcTxJHDXVwPGLgxLGpmpdqjboFNuXGaeLkE.pkg	c28cf7617457c062cc26599d6dd6fc9c	UP9000-BCUS98233_00-AVAUC3KATMARLOWE			102400	
NPUA80719	US	UNKNOWN TITLE	http://zeus.dl.playstation.net/cdn/UP9000/NPUA80719_00/lxITRCLJzvXmOrFyUqCPeoejfGPPiBprrYjlDCFxtclyDEAViwCAuwFqThODxXna.pkg	MISSING	UP9000-NPUA80719_00-UARAINBOY0000000			102400	
NPUA80719	US	UNKNOWN TITLE	http://zeus.dl.playstation.net/cdn/UP9000/NPUA80719_00/HPdwzHCRShIWXYiLPyMbesjDZEwlwwofgSSKKOiGIFKlSaqnLzsMDYscujFtWePJ.pkg	MISSING	UP9000-NPUA80719_00-UARAINTOGETHER00			102400	
NPUA80719	US	UNKNOWN TITLE	http://zeus.dl.playstation.net/cdn/UP9000/NPUA80719_00/vnzObboXcZoIsBfGCVQngduloXpZCgScpjxkYSaZQRSOxXesVRnZdEjgKnjKteUv.pkg	MISSING	UP9000-NPUA80719_00-UARAINGIRL000002			102400	
NPUA80719	US	UNKNOWN TITLE	http://zeus.dl.playstation.net/cdn/UP9000/NPUA80719_00/jjMeFSYKsamjfzWzmHjddqQilDWuryoUNNXkBqsbbKgsZbtGlmqzYLFwERLWYIbQ.pkg	MISSING	UP9000-NPUA80719_00-UARAINGIRL000003			102400	
NPUA80719	US	UNKNOWN TITLE	http://zeus.dl.playstation.net/cdn/UP9000/NPUA80719_00/vVCUvEimXscgIjeBguCowsFGZjaReBRFHjCcMqtlIrPAkJuJQXvzIvwQlgQGMehb.pkg	MISSING	UP9000-NPUA80719_00-UARAINGIRL000001			102400	
NPUA80083	US	Flower® Thank You Avatar	http://zeus.dl.playstation.net/cdn/UP9000/NPUA80083_00/LHKdvPWVuGXzsfwvMQHlQozuaWvuBrpUSrdllmQaYMfIetXoMUdkjtYbqMEvjeBF.pkg	8d2110f535a7768d49e94a2f39838457	UP9000-NPUA80083_00-UAFLWRTHANKYOU00			102400	
NPUB31289	US	DOA5U Phase 4 Avatar 1	http://zeus.dl.playstation.net/cdn/UP4108/NPUB31289_00/viyCEAIBoEIsFkDefzzLpOJMSaAuiliyFOwYcWBTaZPPfGVfloYGcrvxHCqaGFqC.pkg	MISSING	UP4108-NPUB31289_00-UADEADORAL000040			102400	
NPUB31289	US	DOA5U Phase 4 Avatar 3	http://zeus.dl.playstation.net/cdn/UP4108/NPUB31289_00/qhFCPDSEzVjSGYANwgKXjBHgONdXmlrDwcNoypnAOpzhxUVkbRoxoBGGYRenqedU.pkg	MISSING	UP4108-NPUB31289_00-UADEADORAL000042			102400	
NPUB31289	US	DOA5U Phase 4 Avatar 2	http://zeus.dl.playstation.net/cdn/UP4108/NPUB31289_00/YAqtnRxOwzDZXKLtBngSETWBBBMRJUlaSjZHFLAOQFkprzVQBCTNaoGdyFbrnyTh.pkg	MISSING	UP4108-NPUB31289_00-UADEADORAL000041			102400	
NPUB31289	US	DOA5U Nyotengu Avatar 2	http://zeus.dl.playstation.net/cdn/UP4108/NPUB31289_00/sZIFyBwHrxwtgaMSmXdhDgABInCTiteJrZnsnnJPMkyxXiPWFVEVuhgTcYaUBLrl.pkg	MISSING	UP4108-NPUB31289_00-UADEADORAL000044			102400	
NPUB31289	US	DOA5U Nyotengu Avatar 1	http://zeus.dl.playstation.net/cdn/UP4108/NPUB31289_00/BmGXUxVpweZbCpXUYQmcFaXRYjiPEYdLvBbdeSDPuCNWfrzrYMutcxKosGYSKMcL.pkg	MISSING	UP4108-NPUB31289_00-UADEADORAL000043			102400	
NPUB31289	US	DOA5U Nyotengu Avatar 4	http://zeus.dl.playstation.net/cdn/UP4108/NPUB31289_00/kAJHwvIJHAVOGYZueHLrRFYPvsufCJJEMFHHLLhUpmeOGJlErDXAIcUhaEdXkMac.pkg	MISSING	UP4108-NPUB31289_00-UADEADORAL000046			102400	
NPUB31289	US	Dead or Alive 5 Ultimate - Ayane 1 Avatar	http://zeus.dl.playstation.net/cdn/UP4108/NPUB31289_00/lKWicDrRJzqgeIvMzEJedpuGpbiAIlNCVYXSNdgMhobeShApQMamdninFsoYNKlk.pkg	MISSING	UP4108-NPUB31289_00-UADEADORAL000002			102400	
NPUB31289	US	DOA5U Nyotengu Avatar 3	http://zeus.dl.playstation.net/cdn/UP4108/NPUB31289_00/xpLcedLNTTZhnBxqmVfvPPOsOkGCXtXAfgPFDCTTnKEgwDapHbhWuoBQyNppxlOt.pkg	MISSING	UP4108-NPUB31289_00-UADEADORAL000045			102400	
NPUB31289	US	DOA5U Nyotengu Avatar 5	http://zeus.dl.playstation.net/cdn/UP4108/NPUB31289_00/STwZppChDJUNfTpQnjpCcVLFFgrIAWJIzrbGMmPHsLReRSXVPlVeiSnWgajwsOQm.pkg	MISSING	UP4108-NPUB31289_00-UADEADORAL000047			102400	
NPUB31289	US	DOA5U Nyotengu Avatar 6	http://zeus.dl.playstation.net/cdn/UP4108/NPUB31289_00/BLjThPrbLueKuxCXqXyesaDlQJzmASZrVStTAwumkfocQZSFhYbVDlsOTxjXqZHw.pkg	MISSING	UP4108-NPUB31289_00-UADEADORAL000048			102400	
NPUB31289	US	Dead or Alive 5 Ultimate - Hayabusa 1 Avatar	http://zeus.dl.playstation.net/cdn/UP4108/NPUB31289_00/jQfBfWLqNHnpAmGWfcSUvCjrtoMauOFJiOHLydbdKgPLYevCQZXsqOSBuMReKBIZ.pkg	MISSING	UP4108-NPUB31289_00-UADEADORAL000004			118656	
NPUB31289	US	Dead or Alive 5 Ultimate - Kasumi 1 Avatar	http://zeus.dl.playstation.net/cdn/UP4108/NPUB31289_00/YZbLAhbxnSnFaEPqQhXadFPpbBAuHfvVYdqraBxHuKCRdvNKWaSMpJgNFnkKVxwK.pkg	MISSING	UP4108-NPUB31289_00-UADEADORAL000001			102400	
NPUB31289	US	Dead or Alive 5 Ultimate - Hayate 1 Avatar	http://zeus.dl.playstation.net/cdn/UP4108/NPUB31289_00/eNWkvnlQoUyTiDWhByvjfBhQFxAAuvQXppvdUiHexmbygHmgrppdlDkVnVpzXDvr.pkg	MISSING	UP4108-NPUB31289_00-UADEADORAL000003			110960	
NPUB31289	US	Dead or Alive 5 Ultimate - Bass 1 Avatar	http://zeus.dl.playstation.net/cdn/UP4108/NPUB31289_00/KEULYFhUvsSBenRGppAkFIkNDIPGvxkGCfbWNNNDLvplvgBhZZUBSSUSqDoPAwdA.pkg	MISSING	UP4108-NPUB31289_00-UADEADORAL000006			106656	
NPUB31289	US	DOA5U Nyotengu Avatar 7	http://zeus.dl.playstation.net/cdn/UP4108/NPUB31289_00/nmKEtEyglJEzeMLSqWCfpRUTVNJVEQqfTmxEJmpGJERkBgQwcHrOGzzrpfgfNYgL.pkg	MISSING	UP4108-NPUB31289_00-UADEADORAL000049			102400	
NPUB31289	US	Dead or Alive 5 Ultimate - Jann Lee 1 Avatar	http://zeus.dl.playstation.net/cdn/UP4108/NPUB31289_00/IFXeftuwMdTUhXgnQJfaLaQzlwfLpOIxZfqovniigDgRcbbtBPZsELPESlUWXYxa.pkg	MISSING	UP4108-NPUB31289_00-UADEADORAL000005			102400	
NPUB31289	US	DOA5U: Marie Rose Avatar 1	http://zeus.dl.playstation.net/cdn/UP4108/NPUB31289_00/bKXrItOgpLpwQVIpSwUusdaLTsxqjZeLAUbBvtDRlrttiQiybPYwtXaEVQuFoqkX.pkg	MISSING	UP4108-NPUB31289_00-UADEADORAL000030			102400	
NPUB31289	US	DOA5U: Marie Rose Avatar 2	http://zeus.dl.playstation.net/cdn/UP4108/NPUB31289_00/iSuPWygwjOQthfUBYkzDykyhcmhMKGaxdaClazUTPjzCKdCMFpDDOkhNoKHDTXdx.pkg	MISSING	UP4108-NPUB31289_00-UADEADORAL000031			102400	
NPUB31289	US	DOA5U: Marie Rose Avatar 4	http://zeus.dl.playstation.net/cdn/UP4108/NPUB31289_00/MhytUOPcfIoPmvvTpsmuqFPxsKdxdCnWQhBfAZuYrBSyGxkalPEFIJJQIBixDNpj.pkg	MISSING	UP4108-NPUB31289_00-UADEADORAL000033			102400	
NPUB31289	US	DOA5U: Marie Rose Avatar 5	http://zeus.dl.playstation.net/cdn/UP4108/NPUB31289_00/opPWyHBhWOFcAKkQqiauaPXczjnrrHzVJBamFWPtaRqwrZruWsmgQLxrxrPbPtZX.pkg	MISSING	UP4108-NPUB31289_00-UADEADORAL000034			102400	
NPUB31289	US	DOA5U: Marie Rose Avatar 3	http://zeus.dl.playstation.net/cdn/UP4108/NPUB31289_00/qskhmJKnriPvqKRghePRDAtobHHKtQahHAKQEdOIczlaePudFOXMahaIUamtfOwk.pkg	MISSING	UP4108-NPUB31289_00-UADEADORAL000032			102400	
NPUB31289	US	DOA5U: Marie Rose Avatar 8	http://zeus.dl.playstation.net/cdn/UP4108/NPUB31289_00/MptOKgMuVprCqmGaLjPRnTmAwLggcULiikcmBeWCoIvqGCWFOQDUYPSAuHvCyyRe.pkg	MISSING	UP4108-NPUB31289_00-UADEADORAL000037			102400	
NPUB31289	US	DOA5U: Marie Rose Avatar 6	http://zeus.dl.playstation.net/cdn/UP4108/NPUB31289_00/OruXGQANByPJBwfCVvWxJGlhGnQhkjxkfMDIZUHbiRsJiimAjAlAYbmfWpbqKtLT.pkg	MISSING	UP4108-NPUB31289_00-UADEADORAL000035			102400	
NPUB31289	US	DOA5U: Marie Rose Avatar 7	http://zeus.dl.playstation.net/cdn/UP4108/NPUB31289_00/CJigOCasdYhbXIBrAlDgljzdXZTKoQRkCyIuemoPSjMcpMqvvzAXtlgcgTenOEkn.pkg	MISSING	UP4108-NPUB31289_00-UADEADORAL000036			102400	
NPUB31289	US	DOA5U: Marie Rose Avatar 10	http://zeus.dl.playstation.net/cdn/UP4108/NPUB31289_00/rlmthxtQlnviUHknNiyRXxwEhAoKoBJutBjACZgGLCaGTKGbLxLLMpWvfOdTUidr.pkg	MISSING	UP4108-NPUB31289_00-UADEADORAL000039			102400	
NPUB31289	US	DOA5U: Marie Rose Avatar 9	http://zeus.dl.playstation.net/cdn/UP4108/NPUB31289_00/BTJEcmDxmXlTFdKlYcVLBEboJkwmKYgQLldbKaKylTICnLEtptbTtepTQDNCyqhI.pkg	MISSING	UP4108-NPUB31289_00-UADEADORAL000038			102400	
NPUB31289	US	Dead or Alive 5 Ultimate - Leon 1 - Avatar	http://zeus.dl.playstation.net/cdn/UP4108/NPUB31289_00/WhuslJflMxBKeeXvFEuhvHugRBuLKXbLWfDcbraQkRDliZzPRsDUYeROLLxSEiWO.pkg	MISSING	UP4108-NPUB31289_00-UADEADORAL000020			112208	
NPUB31289	US	Dead or Alive 5 Ultimate -  TeamNINJA 1 - Avatar	http://zeus.dl.playstation.net/cdn/UP4108/NPUB31289_00/bwlfosGxFctpyCAaKFlmOaTACpVCQugOOiwSZiEXPPKbBTyOLgirxQzIPUpkJSAC.pkg	MISSING	UP4108-NPUB31289_00-UADEADORAL000029			102400	
NPUB31289	US	Dead or Alive 5 Ultimate - Lisa 1 - Avatar	http://zeus.dl.playstation.net/cdn/UP4108/NPUB31289_00/RgULshYWCyYaZzrjcCvUWVZlIMaKiCkHFvjXbkVKjBbuimBQxnCuJRmMxytVNQjt.pkg	MISSING	UP4108-NPUB31289_00-UADEADORAL000022			102400	
NPUB31289	US	Dead or Alive 5 Ultimate - Ein 1 - Avatar	http://zeus.dl.playstation.net/cdn/UP4108/NPUB31289_00/lmZVKXaxKiqiBstbvsknvQlftsCAJjQyDyaKewMxBwaJVsMHYraKyDsDDheoLvWQ.pkg	MISSING	UP4108-NPUB31289_00-UADEADORAL000021			106656	
NPUB31289	US	Dead or Alive 5 Ultimate -  Eliot 1 - Avatar	http://zeus.dl.playstation.net/cdn/UP4108/NPUB31289_00/btEMEzNFVmNxrGOlNXWnzBsBgzeLpUohySUKQBIBZZjWJVTYEvSiltQFfIfqZAqm.pkg	MISSING	UP4108-NPUB31289_00-UADEADORAL000024			102400	
NPUB31289	US	Dead or Alive 5 Ultimate - Alpha152 1 - Avatar	http://zeus.dl.playstation.net/cdn/UP4108/NPUB31289_00/dgPmSifwWWmPKqbpJLDvyeGPDUOtGIWdQTSLmizrBJIPDBszofnTPCEQhmmetGQG.pkg	MISSING	UP4108-NPUB31289_00-UADEADORAL000023			120400	
NPUB31289	US	Dead or Alive 5 Ultimate - Zack 1 - Avatar	http://zeus.dl.playstation.net/cdn/UP4108/NPUB31289_00/yhttghKfGhiaPfnLozAydYALOkXqvKsXXhVChgEsahzKRlJuQjGHdFFbiPprJcdH.pkg	MISSING	UP4108-NPUB31289_00-UADEADORAL000026			115104	
NPUB31289	US	Dead or Alive 5 Ultimate - Brad 1 - Avatar	http://zeus.dl.playstation.net/cdn/UP4108/NPUB31289_00/yvnXBacXFryaMxRZuwaJvUgjrEwGYCjfmxXDhGGPWEfPmZdkAHiymJxkGAoKOpvO.pkg	MISSING	UP4108-NPUB31289_00-UADEADORAL000025			107072	
NPUB31289	US	Dead or Alive 5 Ultimate - I'm a Fighter 1 - Avatar	http://zeus.dl.playstation.net/cdn/UP4108/NPUB31289_00/TcMKRDqhTWLUeVpIsnFZbWWhyKrFKrumBSlcePVrkYohWosFqlPppGBixnMJZJsF.pkg	MISSING	UP4108-NPUB31289_00-UADEADORAL000028			102400	
NPUB31289	US	Dead or Alive 5 Ultimate - Gen Fu 1 - Avatar	http://zeus.dl.playstation.net/cdn/UP4108/NPUB31289_00/rXiCaowIcEbIobSPWYvDmBLmakpLqMHoXaFKBgznWKoFSeEfsldfFddBbPlufZSM.pkg	MISSING	UP4108-NPUB31289_00-UADEADORAL000027			102400	
NPUB31289	US	Dead or Alive 5 Ultimate - Bayman 1 - Avatar	http://zeus.dl.playstation.net/cdn/UP4108/NPUB31289_00/kLXJPwrvtIzhDEBrHcWZqEylIIZNNntGHnLUbgvgzlSTPQgqpYqCCSDnlRcBENci.pkg	MISSING	UP4108-NPUB31289_00-UADEADORAL000019			105504	
NPUB31289	US	Dead or Alive 5 Ultimate - Rig 1 - Avatar	http://zeus.dl.playstation.net/cdn/UP4108/NPUB31289_00/NWzXGxietvkmQPQGsAmQIODrtWYgezwfpoBctOxIuwaRYiHaWMFTlgEsQdjHtRVi.pkg	MISSING	UP4108-NPUB31289_00-UADEADORAL000018			102400	
NPUB31289	US	Dead or Alive 5 Ultimate - Helena 1 - Avatar	http://zeus.dl.playstation.net/cdn/UP4108/NPUB31289_00/WAtiZTAOlURviCEXdWwKKaIEenHSaJsJnppRLjbRisYdZCEsZkbVWHegpEDUZWPg.pkg	MISSING	UP4108-NPUB31289_00-UADEADORAL000013			102400	
NPUB31289	US	Dead or Alive 5 Ultimate - Rachel 1 Avatar	http://zeus.dl.playstation.net/cdn/UP4108/NPUB31289_00/HBUzAGhwXCuSSyVogAynIqiPUAJTHCXiTczOfbWOZULVHfwKneLtRavfeOeALzuZ.pkg	MISSING	UP4108-NPUB31289_00-UADEADORAL000010			102400	
NPUB31289	US	Dead or Alive 5 Ultimate - Tina 1 - Avatar	http://zeus.dl.playstation.net/cdn/UP4108/NPUB31289_00/yYicSQaxOVmZOvjmUgLwghqAPLCrEvelndEuPaQIJOEmmgEjXwqyNMvaomDsUuez.pkg	MISSING	UP4108-NPUB31289_00-UADEADORAL000015			102400	
NPUB31289	US	Dead or Alive 5 Ultimate - Kokoro 1 - Avatar	http://zeus.dl.playstation.net/cdn/UP4108/NPUB31289_00/mZyUYkiRtRInRmqFuNqlASmYeaZWoWOKBdUVfBxaFBrYQPioGqMghGjLjqENXhWj.pkg	MISSING	UP4108-NPUB31289_00-UADEADORAL000012			102400	
NPUB31289	US	Dead or Alive 5 Ultimate - Christie 1 - Avatar	http://zeus.dl.playstation.net/cdn/UP4108/NPUB31289_00/SVSbmGEmoJvMLGtbAnYLPfCkUjJLxKiuUUkKiczYSISryYHRpjjLMxHnNWAZYWRx.pkg	MISSING	UP4108-NPUB31289_00-UADEADORAL000014			102400	
NPUB31289	US	Dead or Alive 5 Ultimate - Mila 1 - Avatar	http://zeus.dl.playstation.net/cdn/UP4108/NPUB31289_00/GqZawoWEzZgKiSIPmzbRPeBFhONpkseECPnnpkRpTSgZbmHAdiieGHgamNGgCXBo.pkg	MISSING	UP4108-NPUB31289_00-UADEADORAL000017			102400	
NPUB31289	US	Dead or Alive 5 Ultimate - Mariposa 1 - Avatar	http://zeus.dl.playstation.net/cdn/UP4108/NPUB31289_00/xTUtVuDIwCteVZAtcBSWMDogQOdfjtOcmgjDnEEKexdnOQwIDoYtBcAKzOSABimV.pkg	MISSING	UP4108-NPUB31289_00-UADEADORAL000016			117056	
NPUB31289	US	Dead or Alive 5 Ultimate - Leifang 1 Avatar	http://zeus.dl.playstation.net/cdn/UP4108/NPUB31289_00/PwZWTJQRNlfhCZDwkCmpAZXwIolPPhLVBsdhFXPwOhuyMhBRmcPXtLwzSSdmFuCa.pkg	MISSING	UP4108-NPUB31289_00-UADEADORAL000008			105152	
NPUB31289	US	Dead or Alive 5 Ultimate - Momiji 1 Avatar	http://zeus.dl.playstation.net/cdn/UP4108/NPUB31289_00/XQMjIRqehFmecSMBBuflgWstVyWaDTEKOAgsTyDQHqXOiMLAUBqliCilXKbLSgTl.pkg	MISSING	UP4108-NPUB31289_00-UADEADORAL000009			102400	
NPUB31289	US	Dead or Alive 5 Ultimate - Hitomi 1 Avatar	http://zeus.dl.playstation.net/cdn/UP4108/NPUB31289_00/JolKvPwbkVREStnbQJMYePNNUgJsOKWQElcGlBZuYIkJYQWvyjywZCcmSHMrvDiy.pkg	MISSING	UP4108-NPUB31289_00-UADEADORAL000007			102400	
BLUS31164	US	Lightning Returns: Final Fantasy XIII Icon Avatar	http://zeus.dl.playstation.net/cdn/UP0082/BLUS31164_00/OHuLCFkDWgcZpvVFsKfyxxHuTSrWGJueDsmZNdLTLxnrZvMuCCxteyniHmKZqktI.pkg	faf2d5da4a487610dc8bfdca878ea00e	UP0082-BLUS31164_00-UALIGHTNIN000007			102400	
NPEB01320	EU	UNKNOWN TITLE	http://zeus.dl.playstation.net/cdn/EP4067/NPEB01320_00/nfkzOPJNcdJbopiPwzvQZdmHrvJPoeZcAcaBiSaAulGKKOSQiFLUEYwoNhEgcUae.pkg	MISSING	EP4067-NPEB01320_00-AVPOPULUSM001135			102400	
BCUS98123	US	UNCHARTED 2: Among Thieves™ Doughnut Drake Avatar	http://zeus.dl.playstation.net/cdn/UP9000/BCUS98123_00/EpclkufoqebqisOOkb6aIJjlwqFObthjmDS32cN1tQ55DfTqNBfbUpYQY4FLtrtPuW9gxES1QEwDj2kVmqCWWEeUlLB134i8VBURF.pkg	70c370f085074f32c293795ef087674d	UP9000-BCUS98123_00-AVAU2ATDNUTDRAKE			105792	
BCUS98123	US	UNCHARTED 2: Among Thieves™ Genghis Kahn Avatar	http://zeus.dl.playstation.net/cdn/UP9000/BCUS98123_00/wLn4WAlfhG98SB1bSlEXtFE9EkrWb90I6w73AlOWMWwIwSvsncsWNfLDyNLHBMgsBMfdX5XVjUjBKHq7yKLQxiOA7tJd75y3oenbl.pkg	05156049d66babf6bfa68e0c0450a8e5	UP9000-BCUS98123_00-AVAU2ATGENGHISKH			108864	
BCUS98123	US	UNCHARTED 2: Among Thieves™ Doughnut Lazarevic Avatar	http://zeus.dl.playstation.net/cdn/UP9000/BCUS98123_00/FvFU7847LaMiNnml57PfVaY76Vs0gAKPWVoSWv27dRYVISlqAMb6iKmwK4182qpcj0dtP3Xfm2p8YiFMec4heg0uH6UiejfrFI6oB.pkg	7756c9c8f5a6b18ab969e47cdf4b6aed	UP9000-BCUS98123_00-AVAU2ATDNUTLAZAR			106320	
BCUS98123	US	UNCHARTED 2: Among Thieves™ Glowzor Avatar	http://zeus.dl.playstation.net/cdn/UP9000/BCUS98123_00/uibly5EoPrs9pTckobol9NQJFAavuB2Gs0XXxd8hwPjiyetUebdlWO2G4aFBC1nTYcyC7WGiofRfyeQWkBLJuqFdWblvXyhjdpJXo.pkg	93f46cd5a5ee2afff7c54bc16e8d0c36	UP9000-BCUS98123_00-AVAU2ATGLOWZOR00			108896	
BCUS98123	US	UNCHARTED 2: Among Thieves™ Lieutenant Draza Avatar	http://zeus.dl.playstation.net/cdn/UP9000/BCUS98123_00/YMyCiS2WxGVn04NQSNaslkOajkmkeHDWPx7qG1eOOXixkMB5ded0x1iV9wp4Lw2MSFUd5oWUIjMRrSBVxYdR936nL5uoMmlcMfrFt.pkg	a279f858130a8d2ab89762f250aff387	UP9000-BCUS98123_00-AVAU2ATLTDRAZA00			104864	
BCUS98123	US	UNCHARTED 2: Among Thieves™ Marco Polo Avatar	http://zeus.dl.playstation.net/cdn/UP9000/BCUS98123_00/VK0SHBspDRLM2HfiKTWFEX8CCpcyJAUs3HLXrksJfvyNjGUEQTqI0e9LSO23qY4oVpRxX4n1Xudp7L0dhCbuUKbTx1R2cleW8Ocjo.pkg	d73afdd9a429bf784232a321413ffff4	UP9000-BCUS98123_00-AVAU2ATMARCOPOLO			107296	
BCUS98123	US	UNCHARTED 2: Among Thieves™ Skelzor Avatar	http://zeus.dl.playstation.net/cdn/UP9000/BCUS98123_00/dpnSUTOXYNOVUOSnEuW0vPxKHKBbVqf9q05wG1gK0qIFBVO9wNc6nLPL4OaYrK8SBOETeFx4wnLboFk7g3fQFI10SdIFTelxSAkPu.pkg	9a81f4097028a5bfc92c5673beb971b5	UP9000-BCUS98123_00-AVAU2ATSKELZOR00			110784	
BCUS98123	US	UNCHARTED 2: Among Thieves™ Platzor Avatar	http://zeus.dl.playstation.net/cdn/UP9000/BCUS98123_00/MHVfrG1p2L1nFTNbOroluNxEgYo63Ib4I9TWuGH1jIa2rN57hd3tXgULdfuESPO3Sqvu0G0UvXm4Ldt6K0XqegkbCP2Sx2AMiYgtS.pkg	4f0d66a84f05dc1c677b4f1276996263	UP9000-BCUS98123_00-AVAU2ATPLATZOR00			103632	
BCUS98123	US	UNCHARTED 2: Among Thieves™ Tetram Avatar	http://zeus.dl.playstation.net/cdn/UP9000/BCUS98123_00/Tv0f42HMIQdynx2vvOQRpny4HG7G35xq8G5YIDAGHVTYh2MyUNaTUoytTcRqdyKA48T91HXuB6Q3U0ibukNtgvVeMAct1T0pqSo1C.pkg	475daf6d03cfb523d8fc62994256e0a8	UP9000-BCUS98123_00-AVAU2ATTETRAM000			106944	
BCUS98123	US	UNCHARTED 2: Among Thieves™ Zorskel Avatar	http://zeus.dl.playstation.net/cdn/UP9000/BCUS98123_00/2HrNbMb9DTmDqxw4aK9SJS2JP0D5IVt2Fy9s3LbiKkXBHArpqxRnagCmI7cGQJ4FpXLml4jkTRyBluDgQyRdfun4ck4U35oWWPcqa.pkg	0430605c8d4f84babf1a66a63ce00f42	UP9000-BCUS98123_00-AVAU2ATZORSKEL00			102400	
BCUS98174	US	The Last Of Us™ Joel Avatar 1	http://zeus.dl.playstation.net/cdn/UP9000/BCUS98174_00/gTYlZPQDwulFeqNRApPvifekKykAKkVMCMXupMgUgACDSRYNnZBmkOgDmzRCDmiMypBmyTKhRRFoyABbEDlsItXuPJEnoTuSHUvls.pkg	fa7fd5a590995b77eff4b1237c601c15	UP9000-BCUS98174_00-AVATLOUJOELAVA01			102400	
NPUO00006	US	inFAMOUS Select Avatar	http://zeus.dl.playstation.net/cdn/UP9000/NPUO00006_00/7wG6rPdSjir88yI1ESJI3mMd3EL1E2v3L9AutCLlE4bW5p24ykPys79tUB8HMd3rIa2LdDTDaryPjyXPO50FRRmXa60W126AwtUjy.pkg	a4ff9405dee9a541732631474b8dffa2	UP9000-NPUO00006_00-AVAREWARDINFASEL			111120	
NPUO00006	US	ModNation™ Racers Select Avatar	http://zeus.dl.playstation.net/cdn/UP9000/NPUO00006_00/b0JNdaqu0OGMAxaqabKh9fdgMtxr8V4RxsI43fti3qqKvPbW7W1rHOynpSQY1kwFLPqJqRPlbh5R0v2WB8A5N4Xpd4FGb1cvhIo7V.pkg	c72d1be411563fd616c358f11d62da18	UP9000-NPUO00006_00-AVAREWARDMODNSEL			102400	
NPUO00006	US	Helghast Select Avatar	http://zeus.dl.playstation.net/cdn/UP9000/NPUO00006_00/64FxkrunUjOmogrFYLT3y9863GgKi2CbbYBySYrsIgd4HQqrsh3J2vP65PCsTvpXihkJu0xUK1F55Cf7AJJb2s61N6ILg9gymceas.pkg	0a290dc5e306358d20cdde58aa009def	UP9000-NPUO00006_00-AVAREWARDHELGSEL			105344	
NPUO00006	US	Sackboy Select Avatar	http://zeus.dl.playstation.net/cdn/UP9000/NPUO00006_00/9RX4pP8q5QSAAbRxi3CM2n7bqNUMEBG9tH6HTw23jky4RtKgavbK76FiPfXr2qi9Pumw6F0ToDuHub2F9O7RT1p8igRu7KE6jdX8b.pkg	ab39b62a22bbde49805fba8a6dff8324	UP9000-NPUO00006_00-AVAREWARDSACBSEL			111072	
NPUO00006	US	Kratos Select Avatar	http://zeus.dl.playstation.net/cdn/UP9000/NPUO00006_00/ltprr3MGExbXk1u1mvbv7OUu7DFPCDKreMI899TLsEFh2hAertG38Mrmy9100OyFEiQbtquDimJcRUpgcGsHX14K0gBJu01XeH2HL.pkg	7d7428c720ebed9599eea0569b73a5d5	UP9000-NPUO00006_00-AVAREWARDKRASELE			108976	
NPUO00006	US	Ratchet Select Avatar	http://zeus.dl.playstation.net/cdn/UP9000/NPUO00006_00/7bxYsJUdvOP8Lh9CQc52JjGgqhgA9kg05TTp7dH0dYMEUpe9jmyCGH3CDvyTDN8PBln6YmAg4Po9TE8NBbPSYqpnHc5duefGgFk7o.pkg	0a077fe4ed1027cb92fe3855b508db2f	UP9000-NPUO00006_00-AVAREWARDRATCSEL			107264	
UCUS98737	US	UNKNOWN TITLE	http://zeus.dl.playstation.net/cdn/UP9000/UCUS98737_00/60so8uuPq8g79gbQMSKgqS7dhKELMftw01eck5iHKo06ngBKNM2RhlmUp0Rknho1XLNpXKuSfPuFFYqx1fwbntqt8wXvAJQMXiX3f.pkg	MISSING	UP9000-UCUS98737_00-AVAGOWGOSKRATOS0			142032	
NPUP10007	US	UNKNOWN TITLE	http://zeus.dl.playstation.net/cdn/UP0102/NPUP10007_00/kqR9sKdGyvhgFtMcdiUviBJYRECKiJHtfccGWQ4RjENiFbYW0CiEvT0iVh1mc4PUtUyIuEEekj42BcbxetVl67vJsRcYwYLVORLDh.pkg	MISSING	UP0102-NPUP10007_00-AVAGNGLUCIFER000			102400	
NPUP10007	US	UNKNOWN TITLE	http://zeus.dl.playstation.net/cdn/UP0102/NPUP10007_00/bCdN9NgJO7Ll6fCGhao4DwErXCH6Rq3AMYDfyvN2S4tJgfGNDKJyTf8xmwflbkQ6U77O4k29hEmo8bNGVhpTSCM3lbn2iHhLQRCbr.pkg	MISSING	UP0102-NPUP10007_00-AVAGGARJUMPNAKED			102400	
NPUP10007	US	UNKNOWN TITLE	http://zeus.dl.playstation.net/cdn/UP0102/NPUP10007_00/qQL83M2RHs8mjppuK0FVnV1ihlnF2OOr5AcmQ7VVa7vP3plAeqWUNXa64SIjvcXhhFC2FKc2xg2ms2v8bXX9RjXBjmkR3GLpbmoVi.pkg	MISSING	UP0102-NPUP10007_00-AVAGGARTRUNNAKED			102400	
NPUP10007	US	UNKNOWN TITLE	http://zeus.dl.playstation.net/cdn/UP0102/NPUP10007_00/JFwXouDhiigIewIAoFJXlxaLUbquxcyzaDgcXnunNRgmcQfhmRJMCRcNVlIhShMoZHIVyAYfkUlsJqCVAKaOnhmuNNJTlBzLJtKQT.pkg	MISSING	UP0102-NPUP10007_00-AVAGGJUMPGOLDARM			102400	
NPUP10007	US	UNKNOWN TITLE	http://zeus.dl.playstation.net/cdn/UP0102/NPUP10007_00/YIZUdNFJAMmpToralOBjcgylzZtKbfZKPaNaLscujrMzwEzmFQTWUHYRJQvOLATDireDkmjKOHvrfBtQvhpyjNbscTextETEBoVFH.pkg	MISSING	UP0102-NPUP10007_00-AVAGGPRINCSSGUIN			102400	
NPUP10007	US	UNKNOWN TITLE	http://zeus.dl.playstation.net/cdn/UP0102/NPUP10007_00/2TcaaQSlnSCbLOjX3D1vyyRSpEILKqAtMxduKUhXOQkDEhBMouVQNr9JoSV1U1TnVOuvNT7rgpfGahi8HejJrPDXruVJ6KUXaJCIM.pkg	MISSING	UP0102-NPUP10007_00-AVAGNGARTHURRUNG			102400	
NPUP10007	US	UNKNOWN TITLE	http://zeus.dl.playstation.net/cdn/UP0102/NPUP10007_00/xmM08BRqK2Hwe1yFVYf5fXCWiptQytspbsTRsolighfvIugJFAShP16NDvrOf7gAn7tAt5CqXqMkq44f3K7KKLagCP3f5G0cHID1O.pkg	MISSING	UP0102-NPUP10007_00-AVAGNGCERBERUS00			102400	
NPUP10007	US	UNKNOWN TITLE	http://zeus.dl.playstation.net/cdn/UP0102/NPUP10007_00/ArBLRcY7J4uCGGUiMYvw9cvp7yuVl29fVYKiArGJdBptQE7hHej47bnco1QSUPGC5vgNuhaLiJI49Gt0K7RV8REddH03F3q1DFyc6.pkg	MISSING	UP0102-NPUP10007_00-AVAGNGMAGICIAN00			102400	
NPUP10007	US	UNKNOWN TITLE	http://zeus.dl.playstation.net/cdn/UP0102/NPUP10007_00/kPe5b5ffOajpfPe5jv0VA2NCNyv6FmrJIpFX24gElrqFUKPDpA1jgue1xkGphhMGDb2fbNLAjv9rjrujH8Rll5fsjBp1fjQL1tGdx.pkg	MISSING	UP0102-NPUP10007_00-AVAGGOLDARTHURJU			102400	
NPUP10007	US	UNKNOWN TITLE	http://zeus.dl.playstation.net/cdn/UP0102/NPUP10007_00/wagcSqUe9FWd9jnn4k3pvAYn2DHQDRqf7bd98MASbCo814aPJsujL3xydS6VvDCFS4H2FHJpCjvvG0VrWtpOdInTaqoRKpn7CvLuq.pkg	MISSING	UP0102-NPUP10007_00-AVAGNGGARGOYLE00			102400	
NPUP10007	US	UNKNOWN TITLE	http://zeus.dl.playstation.net/cdn/UP0102/NPUP10007_00/J5NcXNCeyJlmDWASP7eNq7PayijQXBbh7DFy5JJyxoBsOrpOVQ7myqusV9nePqpBCSjKPmMSenRclxMu87UgiSBblkyoqRAt2eIBW.pkg	MISSING	UP0102-NPUP10007_00-AVAGNGPIGMAN0000			102400	
NPUP10007	US	UNKNOWN TITLE	http://zeus.dl.playstation.net/cdn/UP0102/NPUP10007_00/rO87gQEqJrpMdExGu3ARQaaA0pdegIqxaxt0giVOIBhipWQaC3RlEFR12dtodEQkIOYxpmF0B41ijqsyBTjWpT49Jhx3ukNNEKCdH.pkg	MISSING	UP0102-NPUP10007_00-AVAGNGASTAROTH00			102400	
NPUP10007	US	UNKNOWN TITLE	http://zeus.dl.playstation.net/cdn/UP0102/NPUP10007_00/TdLbeCQwu2d4vQbpQrHGUYvWRHBfxg4ToNxkA7QeSgxPrwwKI3YSUda7EoxJt2eCiFnrkGQem3LrTLWoIXtiOh1XYhc3rLHS6LB13.pkg	MISSING	UP0102-NPUP10007_00-AVAGNGVULTURE000			102400	
NPUP10007	US	UNKNOWN TITLE	http://zeus.dl.playstation.net/cdn/UP0102/NPUP10007_00/wvOfg2I5ckl6h3tPAF2ndSOPgqo1DdnrTMOwtLILjs1PYd9PeNOy39rxCVak2XjyVfwnHWlELAM7kM34QvvqSYULSpiMJEFh5pQl9.pkg	MISSING	UP0102-NPUP10007_00-AVAGNGARTHURJUMP			102400	
NPUP10007	US	UNKNOWN TITLE	http://zeus.dl.playstation.net/cdn/UP0102/NPUP10007_00/Tlt316PuAxfdFLuywm9h7OrxtPJj5p5Cxqlf1hxayuMMJSW2klBJfKq6AVR7eySkxEqUvFjaNeAPWbx3pXf8ddkWrHyRRmNMpqgeR.pkg	MISSING	UP0102-NPUP10007_00-AVAGNGREAPER0000			102400	
NPUP10007	US	UNKNOWN TITLE	http://zeus.dl.playstation.net/cdn/UP0102/NPUP10007_00/RgOLHUUBJvocbnDESZSdaOwIXjUiifxPOGnazMMvStSaWNKuOBoSdXETnhSVLFrLKbXcMpmiOQJseTgBMSkdwQidchCeFhehsSEJT.pkg	MISSING	UP0102-NPUP10007_00-AVAGGRUNGOLDARMR			102400	
NPUP10007	US	UNKNOWN TITLE	http://zeus.dl.playstation.net/cdn/UP0102/NPUP10007_00/sxtHGkEkXCTPptbeCsHdsIKSlXInbpoEqSDWkjNAWwNMqnnaKaPTywf6W5IRm7QgTmtiI3SUlMJrwSptA9p1Hl3vQItHY22wvH0Mg.pkg	MISSING	UP0102-NPUP10007_00-AVAGGARTHOLDWALK			102400	
NPUA80358	US	UNKNOWN TITLE	http://zeus.dl.playstation.net/cdn/UP9000/NPUA80358_00/XJpQjMJGpUSXnrwdRvOJZyjfBKSMktkoISNFjrzvKWKUvSvuRpEkzpRWwTKihCgZQXdvEIlMidxceQPzJTITZqLxIIsLXEqUWhYDO.pkg	MISSING	UP9000-NPUA80358_00-AVADEADNATILEECH			137264	
NPUA80358	US	UNKNOWN TITLE	http://zeus.dl.playstation.net/cdn/UP9000/NPUA80358_00/dFAaZCWRFtpFKNvjcXiemMytUsUFJZpdXUEHnGHjFRlGuTufvijkVfxdPZWLBjkBgyscTHIdOaVlZMBnOIJzXnWxFLUAYZxBatTIj.pkg	MISSING	UP9000-NPUA80358_00-AVADEADNATCUTTER			122064	
NPUA80358	US	UNKNOWN TITLE	http://zeus.dl.playstation.net/cdn/UP9000/NPUA80358_00/pcVvKmFwNPHTHXaljyxwRKlgeAgmBQjEMAttMZsgxChwpjvUrFqiClufIakgSxcnVFTzmSqQWbtpElKPrpKOzAPJRLkclYhdaVAVy.pkg	MISSING	UP9000-NPUA80358_00-AVADEADNATIMOUTH			134720	
NPUA80358	US	UNKNOWN TITLE	http://zeus.dl.playstation.net/cdn/UP9000/NPUA80358_00/tvIVAPDFmKJQrPXufTqwrzVaiCxZWVaQbobmoVFcJswzPodknkCtbWarBUwMqzrByXFpuXrcOmlILSTXNTSVnZMBEgwHLksILuDEp.pkg	MISSING	UP9000-NPUA80358_00-AVADEADNATBOMBIE			121824	
NPUB30603	US	UNKNOWN TITLE	http://zeus.dl.playstation.net/cdn/UP0177/NPUB30603_00/qehfQCFAZyyBBRXVjUdWYAlnApMOmUsuQUbCNZNBRGztTtTJKnwyqocxYQVhnXIWudmTaeSCJwgXrhPcAnNJAYMpfgzVvqvVMTfoB.pkg	MISSING	UP0177-NPUB30603_00-AVAHD4ZOMBIE0001			137632	
NPUB31234	US	UNKNOWN TITLE	http://zeus.dl.playstation.net/cdn/UP4108/NPUB31234_00/CEhjqJuKFvTOVYOYTbyljHJVYCQWaPPtTikYdxFekyojdaudznpOmpeFxDKgYUlr.pkg	4d47b66251c46e8350ab85b5a7b03e86	UP4108-NPUB31234_00-UADYNASTYW000049			112512	
ULES01505	EU	Feral Chaos	http://zeus.dl.playstation.net/cdn/EP0082/ULES01505_00/VCAVmeWUhdrVIbxLYOZtrKZzyybUkfrgzWUybGusaXjtfvxDnhKNhtjYiEPwaEll.pkg	b1e423a6f4f083700b32522765cb159c	EP0082-ULES01505_00-AVDISSIDIA000002			140288	
BLES01507	EU	Hyperdimension Neptunia mk2: JK Avatar	http://zeus.dl.playstation.net/cdn/EP1063/BLES01507_00/jyYeiuBIHSiypjoLiRYUDJxgeXtOiyuJcQRVFhwZfSObHBfyJFhTorVrrWIqCspC.pkg	2f3fed13b3d0f2920aeec18bfb4709be	EP1063-BLES01507_00-AVHYPERDIM000013			102400	
BLES01788	EU	Hyperdimension Neptunia Victory: Nepgear	http://zeus.dl.playstation.net/cdn/EP1063/BLES01788_00/ptKcupRawmeKueVUADUJXJLSCIiawNclKGtuQDEykgNyvxTchhCPQNcWZeJuaenm.pkg	122e049420253b205a6385cfd87d6698	EP1063-BLES01788_00-AVHYPERDIM000003			102400	
NPEB00474	EU	Avatar Saudi Arabia KSA	http://zeus.dl.playstation.net/cdn/EP4312/NPEB00474_00/GgkpIeojYpAIqArNftcDAVgEqhyoSaDEqgPeKcqlPgLGpERhHesfKjPHjCthSztq.pkg	a5b479be24705d7881e4f67c65b12b3f	EP4312-NPEB00474_00-AVSMOBILET000979			102400	
PCSB00601	EU	UNKNOWN TITLE	http://zeus.dl.playstation.net/cdn/EP4492/PCSB00601_00/NduKgUKOGUHFhMKOoXTnfJuCgEiZRhADrXyqoCrokaaCjxdUOGxDNxrAtQKrQVSH.pkg	MISSING	EP4492-PCSB00601_00-AVSENRANKA000001			103952	
BLES01807	EU	Michael 1 Avatar	http://zeus.dl.playstation.net/cdn/EP1004/BLES01807_00/vnxqKPDAVkOrbmeBlrVnKinPNCckgdQNlqDcXAmYyrgodsTGRvZojVlfKrzzEJFF.pkg	f5810f68c31fb8f255b0e263639afd3c	EP1004-BLES01807_00-AVGRANDTHE000007			102400	
BCES00141	EU	Sackboy Nederland	http://zeus.dl.playstation.net/cdn/EP9000/BCES00141_00/TvwgEur00qkSKOOOn7YA1GIHbMtsOm8hNFcFiMByDmieHFcvvyeQAAMQfUXgINnBugOOXOnHXNCU5kJuKwGTub6L4DcKkjoA00sDl.pkg	MISSING	EP9000-BCES00141_00-AVLITTLEBI000034			102400	
NPEB01068	EU	Annri Ohara Head-Avatar	http://zeus.dl.playstation.net/cdn/EP4037/NPEB01068_00/DmpHMiousLolgXfYzpRpBnmeqHdPpPmIupfZJIGFFCVnDOxvZtBihUfZquNzLzIU.pkg	MISSING	EP4037-NPEB01068_00-AVSILENTBO000002			102400	
BLES01149	EU	DYNASTY WARRIORS 7 avatar icon (Wang Yuanji)	http://zeus.dl.playstation.net/cdn/EP4108/BLES01149_00/GLeAePDxpoIskfTusgAvtXXMxlRbJKHMVxYRipOhEHsRKhDDJQplcsZMlJAVnABP.pkg	e8db5345d987e3376f01314f05f4e7d0	EP4108-BLES01149_00-AVDYNASTYW000040			104368	
NPEA00366	EU	MALICIOUS™ Avatar 3	http://zeus.dl.playstation.net/cdn/EP9000/NPEA00366_00/QasZlZYvHUNhBZHUvjtzRcCtxpOUZpjXbOACFxfZPKRyieuOCkDhdePgLglRDpId.pkg	324da6f80b186bfd186f0e29b8ec31a0	EP9000-NPEA00366_00-AVAMALICIOUS0003			102400	
NPEB00684	EU	Metal Gear Solid 3 Naked Snake	http://zeus.dl.playstation.net/cdn/EP0101/NPEB00684_00/TwmVCOoeuGZaieTyFfaPcNZYvSigIgbsngKmXZofZNayblOFSdLYVUZWmgitUQqM.pkg	c8a34db3a2407319f304f0c8d0f6ea81	EP0101-NPEB00684_00-AVMETALGEA000001			131184	
NPEB01065	EU	Guilty Gear Character 9-Avatar	http://zeus.dl.playstation.net/cdn/EP4037/NPEB01065_00/UJKIjJThCFhChUHiZLNvvKjdADVasqVOFhPjsZgRzjUUXBmmgoiKAvaGgPaIWPDc.pkg	a244e6a2d0ee9894449c7eb05762e7b3	EP4037-NPEB01065_00-AVGUILTYGE000008			108736	
ULES01505	EU	Vaan	http://zeus.dl.playstation.net/cdn/EP0082/ULES01505_00/HVmAKbxOKHbKemRuVaNvMaPMTVcSzDJQgVXlXjEfOXDZWRlMgtXnNgpxXpbhjaoG.pkg	dbfd9f484bd8a8286c2f71ee6c084770	EP0082-ULES01505_00-AVDISSIDIA000010			111776	
BLES00186	EU	Devil May Cry™ 4 Lady-Avatar	http://zeus.dl.playstation.net/cdn/EP0102/BLES00186_00/SvQfAVwyOZbxBpcAqcLjRRplGNYfcPrdagMFlvcXsiIXDATdMwPOoaVetpFSHAWX.pkg	MISSING	EP0102-BLES00186_00-AVDEVILMAY000005			102400	
ULES01505	EU	Kain Highwind	http://zeus.dl.playstation.net/cdn/EP0082/ULES01505_00/qsAPbmGNivUgwFhFiZRGanuItoGDwuziNVfugWhkKtlRTLZEJoDYqMsDGzduDFbJ.pkg	79797bbaf6e71ce3748d896cf92dade7	EP0082-ULES01505_00-AVDISSIDIA000007			116960	
NPEB00913	EU	Pai	http://zeus.dl.playstation.net/cdn/EP0177/NPEB00913_00/gBqWTiidFIdkaUCjUdFGRIUSTDvxEKbxTkeuqkhVFmTrtiiemQlzcrvanVdGUQUv.pkg	5d6509b7eb989801aa32bdbdce916d6e	EP0177-NPEB00913_00-AVVIRTUAFI000015			103584	
NPEB00913	EU	El Blaze	http://zeus.dl.playstation.net/cdn/EP0177/NPEB00913_00/rrfFmgUcoOOKvllXIGzmgUZLMEKDkSONksfieeDWddlGheAWxYNOgRkNItjBcyMf.pkg	7a72fe6b376c438ba31a59926e6f78f6	EP0177-NPEB00913_00-AVVIRTUAFI000003			113024	
NPEB00913	EU	Wolf	http://zeus.dl.playstation.net/cdn/EP0177/NPEB00913_00/WbmJRDjMImlvLFFHubryJvPNYXVngsAHttbelHCrwQjyyYMFxcGSNmwvSmsNkneD.pkg	73dbabacb85c78c9c69581803c126444	EP0177-NPEB00913_00-AVVIRTUAFI000020			102896	
NPEB00913	EU	Taka-Arashi	http://zeus.dl.playstation.net/cdn/EP0177/NPEB00913_00/jCFQJWmsMiahcOcTAnvZElufwmgsWgmdzlcopaRDOpdhQkNdNxmBDjQsPiJHniKD.pkg	aa12dc4644f1d4cd24b4a43a24a37281	EP0177-NPEB00913_00-AVVIRTUAFI000018			102400	
NPEB02228	EU	Yakuza 5 - Kiryu Avatar 1	http://zeus.dl.playstation.net/cdn/EP0177/NPEB02228_00/EP0177-NPEB02228_00-AVYAKUZA5X000004_bg_1_70b58d49f66f43a569e8ce5f58d60957da1265cd.pkg	f09863f86362953b19e4951dee46fab7	EP0177-NPEB02228_00-AVYAKUZA5X000004			110112	
NPEB00913	EU	Aoi	http://zeus.dl.playstation.net/cdn/EP0177/NPEB00913_00/bYvzocKvbxseRBfvLwzovwZrVATpwGQGMBYWPzKdjyyGtwYlxXUtlRGjtuBPxtjc.pkg	ee02dc8b661e6f74392a99d01b915034	EP0177-NPEB00913_00-AVVIRTUAFI000002			102400	
NPEB00913	EU	Lei-Fei	http://zeus.dl.playstation.net/cdn/EP0177/NPEB00913_00/ERmWNHlxBPcZUsOGmHvvFNpLoNuGHBffZmjCAkUZPyjYXzTvcFGlIaTGNLOkvMwh.pkg	362d40c3a97d8aeeaea0fa600d02e7a3	EP0177-NPEB00913_00-AVVIRTUAFI000013			102400	
NPEB00913	EU	Goh	http://zeus.dl.playstation.net/cdn/EP0177/NPEB00913_00/BGVpfxFnbUyBwmUvXWMhTohSALopKxYTzAHocctqtfxNJoIyMcvdhuUbMWPfMDHZ.pkg	4875c618ac28b53521fdd1841cf1507c	EP0177-NPEB00913_00-AVVIRTUAFI000007			109808	
NPEB00913	EU	Jeffry	http://zeus.dl.playstation.net/cdn/EP0177/NPEB00913_00/WYFMZxNwyDrKSfzdYygIxmlEMJISsMtpwtKNWmtgKlRHfzTEDIZMpjlQYPYsTDbG.pkg	5a6c2f7ca960e029a39d1378c3fdeb6f	EP0177-NPEB00913_00-AVVIRTUAFI000010			114720	
NPEB00913	EU	Shun	http://zeus.dl.playstation.net/cdn/EP0177/NPEB00913_00/twFWwZnbmydLnztnvPzDWQCGcyQcRlwaujiUrARiEcidYrvBiyjfmJFOvEFjdruQ.pkg	6d00babcd6ecf0d2cc1779617ebc714c	EP0177-NPEB00913_00-AVVIRTUAFI000017			109424	
NPEB00913	EU	Lion	http://zeus.dl.playstation.net/cdn/EP0177/NPEB00913_00/aXBnnGEMvSuwbyRrjbHWsfyjJHmmKUkuaFHugSexYxKzataKKxPFqeXEPYpULrWF.pkg	2c2e0f197d9622e8437935318100f6c2	EP0177-NPEB00913_00-AVVIRTUAFI000014			108224	
NPEB00913	EU	Eileen	http://zeus.dl.playstation.net/cdn/EP0177/NPEB00913_00/KHIQmXoMqDaxwvNgpQdIicyqpVIdpNeVQESaNTwzAQuodDDKZjKSviNOxfHDXupS.pkg	5ece5c9587f465646925574d1f59450a	EP0177-NPEB00913_00-AVVIRTUAFI000006			102400	
NPEB00913	EU	Lau	http://zeus.dl.playstation.net/cdn/EP0177/NPEB00913_00/vftcCflRWBsgjnPeeILrcASgPZNBgNYWjwnrEzZYIHgCLGVaLgzzLjDymuNccIwU.pkg	83432c1f724f0f36969db776d8fb9db7	EP0177-NPEB00913_00-AVVIRTUAFI000012			109104	
NPEB00913	EU	Brad	http://zeus.dl.playstation.net/cdn/EP0177/NPEB00913_00/YkABfKWYePPSsLOmWKstjVCFSzrVPCOpyKkqucexSucBAUDEuCvloJLTsDPRhNri.pkg	492b118850e214e94f1759887402f95f	EP0177-NPEB00913_00-AVVIRTUAFI000004			102400	
NPEB00913	EU	Vanessa	http://zeus.dl.playstation.net/cdn/EP0177/NPEB00913_00/uQttfOHJOCOGYVWxFQuKwcLwyEMsHdRQExFyfFLmlclaiQJLKoBbrxOlnkVKZrsd.pkg	6611b6175951681987daa643d93f2325	EP0177-NPEB00913_00-AVVIRTUAFI000019			110096	
NPEB00913	EU	Jean	http://zeus.dl.playstation.net/cdn/EP0177/NPEB00913_00/tIVkruTbrKWkeSItiMQHvkWPoqrWlwdksFyLRrtbIDcjuOIippkKrUiNphwptHTC.pkg	4f35355cd5b1ca9dcb05f38808aac69b	EP0177-NPEB00913_00-AVVIRTUAFI000009			102400	
NPEB00913	EU	Jacky	http://zeus.dl.playstation.net/cdn/EP0177/NPEB00913_00/tAnbeKUytUvgxhdXTyyqaeGhsGXFrWRGlTWqhjoHcDFyegOrgRKEZXbhFZBoIjqe.pkg	8de93829a0116789da10ef60ffd2b6ee	EP0177-NPEB00913_00-AVVIRTUAFI000008			115552	
NPJQ80015	JP	none	http://zeus.dl.playstation.net/cdn/JP9002/NPJQ80015_00/CohsNgEBJgTQeUByymrfMnVMQGXjDGLgtTFrnrVqUrSKsyIlXaXVvCEROollTZraNDhFemUTtrKRmEUHrbbAaRuayitRbieDcjjMB.pkg	d7f96c75d4b317a2e798893c1766c163	JP9002-NPJQ80015_00-AVATAR1411PSPLUS			102400	
NPJQ80015	JP	none	http://zeus.dl.playstation.net/cdn/JP9002/NPJQ80015_00/JP9002-NPJQ80015_00-AVATAR1509PSPLUS_bg_1_88e0c2c6f2fb5a9071b444d7361936cca3bb0c9f.pkg	4dd9525ed853021d6131468c77a1df6c	JP9002-NPJQ80015_00-AVATAR1509PSPLUS			102400	
NPJQ80015	JP	none	http://zeus.dl.playstation.net/cdn/JP9002/NPJQ80015_00/JP9002-NPJQ80015_00-AVATAR1507PSPLUS_bg_1_2ae755bd863f8ac4f67fabce31fcad78565dd72c.pkg	52a624bf4b534c24daf164f48a5a198e	JP9002-NPJQ80015_00-AVATAR1507PSPLUS			102400	
BLUS30735	US	Atelier Totori Mimi	http://zeus.dl.playstation.net/cdn/UP1063/BLUS30735_00/nmAJzsDsIwGHTLYTamWlShsKupTSWSkTMMBtvXOKubPZKQhHSPYtjdMyghKVTyozhwYLDECwrVAOVtNvFPKKAERYXsFZPHEcjkZeh.pkg	a6614dbf73f260681edfd3d93e48e438	UP1063-BLUS30735_00-AVAATELMIMI00000			110416	
NPJR80021	JP	PS3®アバター「ブラン」	http://zeus.dl.playstation.net/cdn/JP0031/NPJR80021_00/XgllMRpRwhXLsVDAxHbUdBRovwwcqSMmUvVmNZihtbUaaYSyewcdrbXmBVjQvTJlJNfkcXWulpQcIrVsUQQRTrGNGXzvtNqMsLmFP.pkg	MISSING	JP0031-NPJR80021_00-000000000000PLAN			102400	
NPEB01320	EU	WALES FLAG DISTRESSED AVATAR	http://zeus.dl.playstation.net/cdn/EP4067/NPEB01320_00/qHqozuEtOKfTZeVZKATxBeFWoJPAqUPakKAWlTZSUTpctXyIzravTpkuECghLSbY.pkg	4e12d7e70918f9cd5298e4707c4203a8	EP4067-NPEB01320_00-AVPOPULUSM000721			102400	
BLES01354	EU	Mike	http://zeus.dl.playstation.net/cdn/EP1006/BLES01354_00/mwieLPdFdjnzfOXoatrovYgwgzzxammURYaEEsEHLcRvqfpDMsXXDGUaxooLkeug.pkg	0188c5c57530a62677547bef2675a000	EP1006-BLES01354_00-AVDISNEYUN000017			116848	
NPEB01270	EU	Mr. Terraria Avatar	http://zeus.dl.playstation.net/cdn/EP4040/NPEB01270_00/ytLIcMmzVkNLeApCsfWzjtvVPzhvxaWPGQNJixTvhetuKdQkPZpLhKcZiTUxkRxB.pkg	2aa35a6b806b9f02c3e7cc870fe57b57	EP4040-NPEB01270_00-AVTERRARIA000008			102400	
NPUO00020	US	PlayStation®Plus Snowflake Avatar	http://zeus.dl.playstation.net/cdn/UT0016/NPUO00020_00/SZyDftHCjabWSgPxlstpTwSgsYooXGUUeUWEuFFOswFLWXcOhBKUwhWumusTXDJFurCearIwfBcNrXzCDpzJszesAkyUUBLMWwaFq.pkg	fd75efb0e5de174b6d53a77098ef0d7a	UT0016-NPUO00020_00-AVAPLUSSNOWFLAKE			102400	
NPUO00020	US	PlayStation®Plus Raccoon Avatar	http://zeus.dl.playstation.net/cdn/UT0016/NPUO00020_00/DWLZYECtTrAaGMLrjZCrrkJejofqgeeqvbVGLhShrGHzZHnaERQVkhdOjFpVikjghqJMwPvNcgaoVySzNyPyxHTDpZytNGvVSddtw.pkg	fb725faa03d57c04a78392bca2990c5e	UT0016-NPUO00020_00-AVAPLUSRACCOON00			102400	
NPUO00020	US	PlayStation®Plus Turkey Leg Avatar	http://zeus.dl.playstation.net/cdn/UT0016/NPUO00020_00/pCnkqVklXLNNKSyuAPSpShsCbyQmSqnNmdZvQGpPrhWZeFqKNzmuwaZogpbOnjHsbdWVBxNSypoRmoLXCSgGOldZiaMdljqtHIHhh.pkg	beda43613d21776b8cd80c114da657a9	UT0016-NPUO00020_00-AVAPLUSTURKEYLEG			102400	
NPUO00020	US	PlayStation®Plus Xmas Bones Avatar	http://zeus.dl.playstation.net/cdn/UT0016/NPUO00020_00/TyblSJQSCRNDUrakHFbOReGihSLAaNyAFyPRpJfbwXlDTNvBdkBAPvBNKfNniMbKmEhFgDQBDHFlaPeGFhSWCpYGwikAbofADKvSI.pkg	1b03db0339fd5e4076d1129c0f2f0e57	UT0016-NPUO00020_00-AVAPLUSXMASBONES			102400	
NPUH10192	US	99 PROBLEMS - BLACK AVATAR	http://zeus.dl.playstation.net/cdn/UP2099/NPUH10192_00/VDbrHeRcwPsmzCcavcvMHYDXfwDrjxlZhcJyfbLIgmksYbrzUoVpFNdzLNkHbenW.pkg	3e2bcc7bc038f815fde5941864df4e47	UP2099-NPUH10192_00-UAPOPULUS99PROBL			102400	
NPUH10192	US	GAME OVER AVATAR	http://zeus.dl.playstation.net/cdn/UP2099/NPUH10192_00/vwxktVjyKfPgKzwbUfCSFyalAVODADiClyFrgfwFvbZzmYQqyiwLjLcVQwuAPhvO.pkg	870d78160096f6327bdeef7e274c9504	UP2099-NPUH10192_00-UAPOPULUSGAMEOVR			102400	
BLES01807	EU	Chop Avatar	http://zeus.dl.playstation.net/cdn/EP1004/BLES01807_00/fYDQVSKozexmSwoQWYLrBBGoUMGLUdZKhTSumyqVvhvMUlmyXbXRiiYcuQvLNFXH.pkg	f1b210066b0ab94bc529eead63c4cc11	EP1004-BLES01807_00-AVGRANDTHE000002			102400	
BCUS98110	US	MAG™ Raven Badge Avatar	http://zeus.dl.playstation.net/cdn/UP9000/BCUS98110_00/VeQyiOefQY4tkEyo71C3PbNYc7XabQDHNh3F5uB5Khq8Lufrt1JEyTlmGs1vRPIQk4cUCw1LHJLoaWN3CEi5ytFEjkuE1oirYxFQJ.pkg	MISSING	UP9000-BCUS98110_00-AVAMAGRAVENBADGE			102400	
NPUB30394	US	Beyond Good & Evil® HD Uncle Pey'j Avatar	http://zeus.dl.playstation.net/cdn/UP0001/NPUB30394_00/fQxpZYnlHElWbVbiNUHVpbsEAKnnnIyguLzjSmvwbaCXDMSGnxNuEarHfjeJHaJlCrqYxoyPhYoZmKimzGZWVELYjFSjkYGEkQZpO.pkg	e4e0caf823b57cbe885334de32c49dda	UP0001-NPUB30394_00-AVABGEHDUNCLPEYJ			116976	
NPUB30394	US	Beyond Good & Evil® HD Jade Avatar	http://zeus.dl.playstation.net/cdn/UP0001/NPUB30394_00/mdBRhHCswnzycAZEZuuYcMKTtfRwtSHWtzuhCorulMwyryVLGPVJNEzcNjYFEQvYasQEisTNFueywqRVXRbweisqhHUaiYUVrGRFS.pkg	0c47151b50caba30be30b6f38387402a	UP0001-NPUB30394_00-AVABGEHDJADE0000			113728	
BCUS98148	US	UNKNOWN TITLE	http://zeus.dl.playstation.net/cdn/UP9000/BCUS98148_00/9nE3GIT48PjQhm0q28nEAfhkBEbB9vLOIBaQBYKTQeXVohim4BU57qwmmMFY3KjRFy7ou54LdyeAh2Je55YtaGUUeW5o4TIOWcqob.pkg	MISSING	UP9000-BCUS98148_00-AVALBPBRAZILSACK			102400	
NPEB00630	EU	Red Car	http://zeus.dl.playstation.net/cdn/EP0177/NPEB00630_00/fbomkSgOTvYGyCKeTYbFWJhDbYgZqhtrXntknsAIdCfwSkKrCQAjwIIheKGXzgKN.pkg	45358363b71b586d7ca97b8f1d5840b1	EP0177-NPEB00630_00-AVDAYTONAU000002			114128	
NPEB00630	EU	Orange Car	http://zeus.dl.playstation.net/cdn/EP0177/NPEB00630_00/lklgKADjDkUSfeDUxgvfoLEcruEyAyGnrosqRlnMYqAKVCKWAdKBxsdHfarlzgGS.pkg	357e0accd0371ea5eda27f3374f9ebdf	EP0177-NPEB00630_00-AVDAYTONAU000001			117120	
NPEB00630	EU	Red Pixel	http://zeus.dl.playstation.net/cdn/EP0177/NPEB00630_00/fBCWvqfaluYLrgFUEllkouvMORskPlFRRHPwaeGQeiymuHfDoUFiHbBJCVJtioKa.pkg	b9ec7651e2ebd5ab8805fc86861dd2a3	EP0177-NPEB00630_00-AVDAYTONAU000004			102400	
NPEB00630	EU	Yellow Pixel	http://zeus.dl.playstation.net/cdn/EP0177/NPEB00630_00/JKHjfozpnYRbdnRyskRPynWPJltCQmSYxCpUJRKimNHWTXGkuVQqeqAqGjRreYpB.pkg	530248615e92b93e82b159236ad91133	EP0177-NPEB00630_00-AVDAYTONAU000006			102400	
NPEB00630	EU	Green Pixel	http://zeus.dl.playstation.net/cdn/EP0177/NPEB00630_00/YPWvtcYTuLshQISXrUhldPMTPsPFTjDrvSRcCvImlAQcXcSxnSkIUeMmWMWUXIQz.pkg	55d27602124b4fa70de0da75b87be561	EP0177-NPEB00630_00-AVDAYTONAU000005			102400	
BCES01143	EU	UNKNOWN TITLE	http://zeus.dl.playstation.net/cdn/EP9000/BCES01143_00/aMcRCEAQEGBPLwbHBmPLYKZrISFNHtlSlIEAIduWSZqJkdQryQnCrvMfkeGViBqg.pkg	MISSING	EP9000-BCES01143_00-AVAINFAMOUS2ZEKE			102400	
BCES01143	EU	Bertrand Avatar	http://zeus.dl.playstation.net/cdn/EP9000/BCES01143_00/VvTpoQZahVuwKTgeYHNNvkpVPQvcRmvDudmpkxGkXkryTlYhiIZMiAJKPhIgQTAs.pkg	009baa545a8bb7d67f86a9dd86ee6238	EP9000-BCES01143_00-AVAINFA2BERTRAND			102400	
BCES01143	EU	Militia 2 Avatar	http://zeus.dl.playstation.net/cdn/EP9000/BCES01143_00/UAymUOQEiQAUSkUZpEAmTnxoAToMXWajmQYluFQfIVEkiMLefObDyCzGjEPHFnjz.pkg	c08d45871032a477d89d2eb3f25c78f4	EP9000-BCES01143_00-AVAINFA2MILITIA2			104656	
BCES01143	EU	Corrupted Avatar	http://zeus.dl.playstation.net/cdn/EP9000/BCES01143_00/tVXGEeZQnlEdwrFzxgUpBkXlzsPrBMJMDMEsEchvtkZUlzCNNNAFZKXbNdWUpseT.pkg	c096f286970dee54a31052f5100e1e7e	EP9000-BCES01143_00-AVAINF2CORRUPTED			102400	
BCES01143	EU	Ice Soldier Avatar	http://zeus.dl.playstation.net/cdn/EP9000/BCES01143_00/HHHIeLAnnWhbgtyoHpWQQcxluprfDhnDGkZytlSRdDBUQnuQtBHRZYWFRDiMTEiN.pkg	aac6e9d42307d72e4e5e6a910352ab10	EP9000-BCES01143_00-AVAINF2ICESOLDIE			102400	
BCES01143	EU	Militia 1 Avatar	http://zeus.dl.playstation.net/cdn/EP9000/BCES01143_00/savKHLVGDlNGwlMXXMMJEglVlOnPifMhplTfnoUrDXCZtxCcHVOrWSXjHDphuBKL.pkg	9ce26cc6927c359cf1440a6eff877982	EP9000-BCES01143_00-AVAINFA2MILITIA1			102400	
BCES01143	EU	Kuo Avatar	http://zeus.dl.playstation.net/cdn/EP9000/BCES01143_00/ORvWFadPDhasqpaWiipqbwyeBXtsxURFkVgQKCiliwSQqvxBuxHaayRRmGuNcBLf.pkg	45e0ea3bb3d6f03321e3aaef9b81bcfd	EP9000-BCES01143_00-AVAINFAMOUS2KUOX			102400	
NPEB00342	EU	Resident Evil 4 Saddler Avatar	http://zeus.dl.playstation.net/cdn/EP0102/NPEB00342_00/adeVFMaQKOAuRIqwnMYYOsjJLvbwTrggdFwDApyOUMFlmtiKDXlFCaqJTPicBYCH.pkg	45e4b430fc9fa7c19db17e4f31cb8459	EP0102-NPEB00342_00-AVRESIDENT000009			109936	
BLES01465	EU	Resident Evil 6 - Sherry	http://zeus.dl.playstation.net/cdn/EP0102/BLES01465_00/wKNwjTOUHuDUKpvtAmwsioErYRFgGWKMlkbGfMMfYgcQSUFzHtGErfTKTXYsEJgo.pkg	b8df9d431d02300943cee774080b42a3	EP0102-BLES01465_00-AVRESIDENT000006			108288	
BLES01465	EU	Resident Evil 6 - Leon	http://zeus.dl.playstation.net/cdn/EP0102/BLES01465_00/RwCJZkXSkVsBiVnalTYDuFcgPkXwsyqQRcVQcMhYVPgCzqUScvSmQizzbppMFghV.pkg	79dd5eea8a449c4c5eb11cdb42e27e49	EP0102-BLES01465_00-AVRESIDENT000001			102400	
BLES01465	EU	Resident Evil 6 - Helena	http://zeus.dl.playstation.net/cdn/EP0102/BLES01465_00/IZTWJWSqwTbfksbWrmldWyOSQVpOdlhmtGoBCxTcnZwKRPhQgnjgZgztJKajcxTf.pkg	5e0102fd7f60798927b1fa52cca3b052	EP0102-BLES01465_00-AVRESIDENT000002			102400	
BLES01465	EU	Resident Evil 6 - Chris	http://zeus.dl.playstation.net/cdn/EP0102/BLES01465_00/mojaYRFfyOLzARbtTyrDJcNXyjquyTLMmeawShkKhwQHchhJMDGcwuyISXfOsAHc.pkg	ea2b430da8fae099b9f46e71ed38f254	EP0102-BLES01465_00-AVRESIDENT000003			102400	
BLES01465	EU	Resident Evil 6 - Jake	http://zeus.dl.playstation.net/cdn/EP0102/BLES01465_00/RFewnSABfBQWkkrHexQbhMwZhJExkWGxTFwLChGQRKOXazQRJbUoqdkfxrNSYdcr.pkg	f56659071867f9d349d5e8aebf39d339	EP0102-BLES01465_00-AVRESIDENT000005			102400	
BLES01465	EU	Resident Evil 6 - Piers	http://zeus.dl.playstation.net/cdn/EP0102/BLES01465_00/KKFtxShcmqpXzEFSasgOoldLgWoZNcGPtWTKxWvllJIBBIXZTXidwzSiMWTvxAsW.pkg	516f980416327b2aab6b353cbfa9cadf	EP0102-BLES01465_00-AVRESIDENT000004			105104	
BLUS30727	US	Disgaea 4: Preneir Avatar	http://zeus.dl.playstation.net/cdn/UP1063/BLUS30727_00/HrEffBLuCnNEpjIeeDnoMsqsmVFSwmpYZnrIbnQeYhvanszRATBdlblepUYgudoq.pkg	b484ceced63aa9f136f36f4a172c262c	UP1063-BLUS30727_00-UADISGAEA4000047			102400	
BLUS30727	US	Disgaea 4: Samurai Avatar	http://zeus.dl.playstation.net/cdn/UP1063/BLUS30727_00/AgKqqnXOjjuZopUbuhqeJgCALmPHSngGTsTkkgyLuaNSOmtajlITNzyJmwWMYgwB.pkg	5424cdb1eadac78451f6c4f53d92032d	UP1063-BLUS30727_00-UADISGAEA4000017			102400	
BLUS30727	US	UNKNOWN TITLE	http://zeus.dl.playstation.net/cdn/UP1063/BLUS30727_00/jUfFkIWcuLWkBnEnDNMMKAdfQhKhIvJNLQEBdkOwmJQMbYTfuRGHhiBnKcPtmonUOMdZkVmLoNXnJoxTNBYwaGyRCBEtrTVolrAgX.pkg	MISSING	UP1063-BLUS30727_00-AVADISG4WITCH000			102400	
BLUS31150	US	Hyperdimension Neptunia Victory: Peashy Avatar	http://zeus.dl.playstation.net/cdn/UP1063/BLUS31150_00/yDdvvIXdgxoIxQyFvGMCZmfzyWKddbCWPeZtmcRRddglMDoqvekTHyHeZCeuqaed.pkg	dcd12920e17b4131f6882237ecea20b9	UP1063-BLUS31150_00-UAHYPERDIM000010			102400	
BLUS31150	US	Hyperdimension Neptunia Victory: Histoire Avatar	http://zeus.dl.playstation.net/cdn/UP1063/BLUS31150_00/qfPrDwqAVHbQRNfDeQPlVtUWktIPlnTgtiGwCIZRQYbpEpGLQFdeSJHWyzOZGXpt.pkg	07431e24b6f534490958a05cca15b27d	UP1063-BLUS31150_00-UAHYPERDIM000007			111248	
BLUS31150	US	Hyperdimension Neptunia Victory: Mr. Badd Avatar	http://zeus.dl.playstation.net/cdn/UP1063/BLUS31150_00/jcPhZlZTYrhTpdgfwCUBWJuawlXKBbsABlCiYGOdhNBWHiuYbQCcFwWKGXCzRGze.pkg	db25a84880519e74a7d134406a7d8b89	UP1063-BLUS31150_00-UAHYPERDIM000023			102400	
NPUB30860	US	Legasista: Dungeon Avatar	http://zeus.dl.playstation.net/cdn/UP1063/NPUB30860_00/YtntkhZjMMjFwsBxRAMCVzSDEflXxANslnslOkbqHNJTDixuHeSVEYMFNtepWpCO.pkg	76e2fb005f47328f25f775d597bf1e1b	UP1063-NPUB30860_00-AVALEGDUNGEON000			102400	
NPUB31474	US	Arcana Heart 3: Love Max!!!!! Kira Avatar	http://zeus.dl.playstation.net/cdn/UP1024/NPUB31474_00/UP1024-NPUB31474_00-UAARCANAHE000017_bg_1_c2164b527f2f6e36ec23a7450a5da96547fe8520.pkg	af3ccc397f2ece4354406fe3ad06baef	UP1024-NPUB31474_00-UAARCANAHE000017			102400	
NPUB31488	US	Hatsune Miku: Project Diva F 2Nd — Len Avatar	http://zeus.dl.playstation.net/cdn/UP0177/NPUB31488_00/cKqVPTwrZtXBrbuEmTPZmCQTOgmLOMRSJcUBHDGUAMLZCmpJtuxsCnHWwzfbTrDj.pkg	42f5ca293445ba693c99d61e28b3190f	UP0177-NPUB31488_00-UAHATSUNEM000002			102928	
NPUB31555	US	Guilty Gear Xrd -SIGN- Potemkin Avatar	http://zeus.dl.playstation.net/cdn/UP1024/NPUB31555_00/mlQXFOFrePmwpwDhzdQLvfajhtPNQJkpABjSfwvFoYqZwNTnaHuYkJAYBxPsPjZG.pkg	1d57a0d8b27461c5a15c2c9fddbfa395	UP1024-NPUB31555_00-UAGUILTYGE000007			102400	
NPUB31488	US	UNKNOWN TITLE	http://zeus.dl.playstation.net/cdn/UP0177/NPUB31488_00/cKqVPTwrZtXBrbuEmTPZmCQTOgmLOMRSJcUBHDGUAMLZCmpJtuxsCnHWwzfbTrDj.pkg	MISSING	UP0177-NPUB31488_00-UAHATSUNEM000001			102928	
BCUS98148	US	LittleBigPlanet™ Arrr!!! Sackboy™ Avatar	http://zeus.dl.playstation.net/cdn/UP9000/BCUS98148_00/xOSRAqJab2DhO6uP039AbfevOvwvPT9v4WfABqaDcJ2yKBSEXY8WHcudOfB1CyLPBFOSWRs0W0EoUrF4YMPKGSWMRF76g4AMEORFT.pkg	0690bd2a6fadf9fbf938d26c5870d74a	UP9000-BCUS98148_00-AVAL04LBPARRR001			102400	
BCES00483	EU	Pet in Bubble Avatar	http://zeus.dl.playstation.net/cdn/EP9000/BCES00483_00/VkfMf3lmyvMwDp5ySwKLi6WLPSdUA27yur6YD2kBQRXarjJApBa9kyVpnp5H9J23waClttBTBiwbo7KicOX3lqYkkK7CfE2eLp7CK.pkg	a543591e3c8129ca12dc6f003ab64b30	EP9000-BCES00483_00-AVAEYEPEINBUBBLE			102400	
BCES00483	EU	Red Robot Pet Avatar	http://zeus.dl.playstation.net/cdn/EP9000/BCES00483_00/JpwKMSSOWVDadlOGPYwMNAmfgWswmrttTOsJpbkiOdsAGqVgdWrcChiXvQxbtRGL.pkg	29cec506a05bb7a5fbbbd453c52f6b4e	EP9000-BCES00483_00-AVAEYEPEREDROBOT			102400	
BCES00483	EU	Pet Schocked Avatar	http://zeus.dl.playstation.net/cdn/EP9000/BCES00483_00/uJu9swjxcLT0xgJPkwtF5Ee6AgdPG7tG3IjGwlDhCl5aalTT94OIsFY10VsJnbMn9uwj6iCTqMh1qNFtLGnE4ryAKhwFFdOaPtApj.pkg	147d1f51bee76bd9aa871029a5a6bfdd	EP9000-BCES00483_00-AVAEYEPETSHOCKED			102400	
BCES00483	EU	Jester Pet Avatar	http://zeus.dl.playstation.net/cdn/EP9000/BCES00483_00/GngMBqteivyWlajQRcs5FLkmoyp11rq6A7UIoHeiPGybxA7FafVT3UsVPemONk6U.pkg	f570f1ab3554513dc6e659c6b319f357	EP9000-BCES00483_00-AVAEYEPETJESTERP			102400	
BCES00483	EU	Rapper Pet Avatar	http://zeus.dl.playstation.net/cdn/EP9000/BCES00483_00/qoRmLKICHnqVfYDwomMGrMLBQMWzIDbLvyZVmRPrNoKeHdfDLkoTcjgpnXUVvuDa.pkg	f82113d87e7ea4f5bb4961a7b83492ea	EP9000-BCES00483_00-AVAEYEPETRAPPERP			102400	
BLES00166	EU	2002 Ferrari 360 GT Avatar	http://zeus.dl.playstation.net/cdn/EP4037/BLES00166_00/rpVsYBeqnnAAcrNOjSKmGCrgmiIoqJuNsbLbbmvNTzcsisoEyjEiOPXQbfRxkhtw.pkg	1e4392ae589a8f42c0aa9282f9d4534b	EP4037-BLES00166_00-AVFERRARIC000022			102400	
BLES00166	EU	1987 Ferrari F40 Avatar	http://zeus.dl.playstation.net/cdn/EP4037/BLES00166_00/VEoCJKowSJRuxdSGjVvuDsrOxYWDJFRMnvNepYjUYNdXVQcMldypAPPiKWmIpCId.pkg	6ddba763b911c32500cc8d54f404207d	EP4037-BLES00166_00-AVFERRARIC000010			102400	
BCES00484	EU	UNKNOWN TITLE	http://zeus.dl.playstation.net/cdn/EP9000/BCES00484_00/TuCvxrbBqxFQPcBtpsmvIPqHtEqRQjnnYgxJODlktMSxRmWFQRCEGIhsyjXbtEak.pkg	MISSING	EP9000-BCES00484_00-AVAMOTORSTORMC02			136704	
BCES00484	EU	UNKNOWN TITLE	http://zeus.dl.playstation.net/cdn/EP9000/BCES00484_00/SgGufsqbGjdWQHUClYOBntFnuXnPaYehRQeYRQekvIRRBGgngyZxkJCIUCJlmunK.pkg	MISSING	EP9000-BCES00484_00-AVAMOTORSTORMC01			142560	
BCES00484	EU	UNKNOWN TITLE	http://zeus.dl.playstation.net/cdn/EP9000/BCES00484_00/zUEsinDBrnwoskhUAxRcQkkRYEYDvcYBZYUpUYlidWrxtITeJVSkfZtRGZZzrbKm.pkg	MISSING	EP9000-BCES00484_00-AVAMOTORSTORMC04			142768	
BCES00484	EU	UNKNOWN TITLE	http://zeus.dl.playstation.net/cdn/EP9000/BCES00484_00/bhjVvglhYKNBGIWpGknEZjZaKEoQIgmFflYMtPAHeUwzchvuwCsSoBpqwUrHxmON.pkg	MISSING	EP9000-BCES00484_00-AVAMOTORSTORMC03			141536	
BCES00484	EU	UNKNOWN TITLE	http://zeus.dl.playstation.net/cdn/EP9000/BCES00484_00/eUhQFKNMFLqBUxowKSQHvZeLArukpgbPFhANaUhTmWYArCenvGMddzWGUWNNfGTu.pkg	MISSING	EP9000-BCES00484_00-AVAMOTORSTORMC07			145168	
BCES01175	EU	UNKNOWN TITLE	http://zeus.dl.playstation.net/cdn/EP9000/BCES01175_00/WtEIBUCdHQqQMdoLYMZbpskPxZveGfAVEsWfEJoZcRAmayynAjdfBQAZtGpXlthV.pkg	MISSING	EP9000-BCES01175_00-AVAU3DRAKE000000			102400	
NPEA00316	EU	Shark Avatar	http://zeus.dl.playstation.net/cdn/EP9000/NPEA00316_00/eSnmIJKDNJZrwteoBqaUJDWUeBWBCXXPzFXEfZCnpIYgFUZMaoYTQiokdrPwvhVJ.pkg	c5eeaa390243b010d9aa7b36f7c0fbe7	EP9000-NPEA00316_00-AVNONGAMEA000004			130240	
NPEA00316	EU	Wolf Avatar	http://zeus.dl.playstation.net/cdn/EP9000/NPEA00316_00/DdAukHXFvRXxEKexaceZXYdqdBxYTNnwlTEYHIEynGiFFzxoZxHtzNzldPxkASGw.pkg	90fe5ce2c3a134a3a4261b51ab2d547e	EP9000-NPEA00316_00-AVNONGAMEA000005			113440	
NPEA00316	EU	Panda Avatar	http://zeus.dl.playstation.net/cdn/EP9000/NPEA00316_00/OQAYoLhgHNlIyBKiBtMEbmvJxDBYueSKimYbPOKXyzSmzIjJeMmptdHUibwWIbyn.pkg	e7685d964f93afde4659144e2861f2ed	EP9000-NPEA00316_00-AVNONGAMEA000003			127152	
BLES01386	EU	Rayman® Origins - Darktoon Avatar	http://zeus.dl.playstation.net/cdn/EP0001/BLES01386_00/nxyijnmKMnYhQtrHfTuHAAkQaldaeQvDKMzJyglGTVJgEzbXItvnMPpbJOXxVZLA.pkg	96e22bbd844387c6796bad570645494e	EP0001-BLES01386_00-AVRAYMANOR000003			102400	
NPEA00316	EU	Gear	http://zeus.dl.playstation.net/cdn/EP9000/NPEA00316_00/qyLxTftafpOzlLzpmjWHPHVRzzAwxVVQJrYgEBsZShVDxMJuuHXOwnVudrVjlLUh.pkg	e93cec268b364c4dab0ad8b06b460444	EP9000-NPEA00316_00-AVAPLUSGEAR00000			102400	
NPEA00316	EU	Mutantskull	http://zeus.dl.playstation.net/cdn/EP9000/NPEA00316_00/TlXEsondlfkZSdAXGJAxueieiOPaBvytvdYPRjhCwZMzGlxVlSRwIrRhIHeUwEbb.pkg	6d18fd79bcedbc73ec3f027859580de4	EP9000-NPEA00316_00-AVAPLUSMUTANTSKU			102400	
NPEA00316	EU	Rabbit Avatar	http://zeus.dl.playstation.net/cdn/EP9000/NPEA00316_00/ZGXqoXMLnrVFtMBSTpCvZAFZliUbjFqJXKaVXfPCUIpRddYXIyBnTPZWsExhlfsg.pkg	d72b27db4b8555b006cf3d7c17f56a23	EP9000-NPEA00316_00-AVNONGAMEA000011			147664	
NPEA00316	EU	Frog Avatar	http://zeus.dl.playstation.net/cdn/EP9000/NPEA00316_00/qmCvaqYbigVuyFxmvIhDSXmITRGqlxbzXHujPRHEfygsjcDLkSKDEfMouWExRmVa.pkg	9f90da6b3e395457af0e038b5face25c	EP9000-NPEA00316_00-AVNONGAMEA000008			111632	
NPEA00316	EU	Koala Avatar	http://zeus.dl.playstation.net/cdn/EP9000/NPEA00316_00/sVcibKItaRumCvVvGIQjeJCcGTDyOtuhYtIiKEBGkTyOQpGvBbTqPvpxxEfdvfpS.pkg	ad11f72a7be13f75e3c6066729304696	EP9000-NPEA00316_00-AVNONGAMEA000009			144320	
NPEA00316	EU	Snake Avatar	http://zeus.dl.playstation.net/cdn/EP9000/NPEA00316_00/WkKCNiFFFqelViPQKIslOKxfvnkyUXagYQYfPAZJKYrKgRNPfxurzedHsGBQpibm.pkg	04d7b0969700cb19a7469a47114f03f0	EP9000-NPEA00316_00-AVNONGAMEA000007			160096	
NPEA00316	EU	Monkey Avatar	http://zeus.dl.playstation.net/cdn/EP9000/NPEA00316_00/iAARVlrINZofSYOEUECLFjQYlttudRNRkRVhxPhUcsUfdNpKVVyXnPZkrwaCZxmh.pkg	9d4e1884b5e7872f599c06ea2df7650c	EP9000-NPEA00316_00-AVNONGAMEA000006			153760	
NPEA00316	EU	Walrus Avatar	http://zeus.dl.playstation.net/cdn/EP9000/NPEA00316_00/HYiuVuwOfGeWwnvIawYoQXUwfgDeMMSBovzxDSlrTiQxJxZLBkNjVToHDJurWNbM.pkg	b9f24b087a807ecd6ebb90919e980a30	EP9000-NPEA00316_00-AVNONGAMEA000015			143776	
NPEA00316	EU	Rhino Avatar	http://zeus.dl.playstation.net/cdn/EP9000/NPEA00316_00/MVCWyRglXMKZEWgXSxVpjIowADFGvgEmIZbtHaMopJRFNzczIBhDHnctpYRfJQDB.pkg	e981ff111ce83f24766a4f3f44089bf7	EP9000-NPEA00316_00-AVNONGAMEA000012			150288	
NPEA00316	EU	Giant Squid Avatar	http://zeus.dl.playstation.net/cdn/EP9000/NPEA00316_00/YCihgXAzAhECoskZoOwzBZvihbTPxUbXFmOfDldjTBoBBwsVHfCDUQXlzqVLBIdX.pkg	cdd57fcee827891868c819bdca4821bb	EP9000-NPEA00316_00-AVNONGAMEA000013			138544	
NPEA00316	EU	Tiger Avatar	http://zeus.dl.playstation.net/cdn/EP9000/NPEA00316_00/gKShQHISzPvPjccueytjeXPljxZBRiuzrSCMErhdydNbRYXRMjyrJurbapHNMTlw.pkg	57d030b6f84bbf1de98401155442fa9b	EP9000-NPEA00316_00-AVNONGAMEA000014			150224	
NPEA00316	EU	Panther Avatar	http://zeus.dl.playstation.net/cdn/EP9000/NPEA00316_00/qVkGKHZFjpJwKdRSSfLmXInDQHNrlfAVFkpFBTlICydtYWYFUFrJgBNCuLrtdUHR.pkg	8d1e1b2d3c8865f5738bd8f6f21adf5c	EP9000-NPEA00316_00-AVNONGAMEA000010			149696	
BLES00909	EU	Avatar: THE HARLEQUIN	http://zeus.dl.playstation.net/cdn/EP0001/BLES00909_00/DYhAdyrhCgzGyZLYnXWPsjvfBSrcJnSFAiKvBINBjcpYKACopyrwYbzZiSxxiNPT.pkg	712d28ed3211d1e4748a63e75f7b2991	EP0001-BLES00909_00-AVASSASSIN000007			113264	
BCES01584	EU	Ellie 1 Avatar	http://zeus.dl.playstation.net/cdn/EP9000/BCES01584_00/LnFNdpjhByJXIGZbUPDAubkvYtOEEhJTloqZWqtzGyQbKiJWBrWdgvkCOUERrqpN.pkg	acaeb5e4f363a6244c3e6b1c849f2818	EP9000-BCES01584_00-AVATLOUELLIE0001			102400	
BLES00229	EU	UNKNOWN TITLE	http://zeus.dl.playstation.net/cdn/EP1017/BLES00229_00/jzMGPtgRpbQsehHYMyFIaEoUglkUnIVNbMWWnIevbxCvjIYgwuuQMfwPeLUlMtRd.pkg	MISSING	EP1017-BLES00229_00-AVGRANDTHE000005			102400	
BLES01807	EU	Pest Control Avatar	http://zeus.dl.playstation.net/cdn/EP1004/BLES01807_00/BcSlTXsmBvGdhDrfLbTMCqUpgOpSeqDVHVWzUYZcmacwMHklMIXNNtolGGITMhlL.pkg	b4678a8beeadc205d8630cd40caf6601	EP1004-BLES01807_00-AVGRANDTHE000020			102400	
NPEB00474	EU	Avatar Deutschland-BL Eagle	http://zeus.dl.playstation.net/cdn/EP4312/NPEB00474_00/dcKjDYnyXMjwlBhTFuhjOhqnWQMPwldyVdLuLJUwZkeVxCpvwarjIlTTfZJGuwYM.pkg	007573c2670bdd587d50708c352c3d6a	EP4312-NPEB00474_00-AVSMOBILET000715			102400	
NPEB00474	EU	Avatar Deutschland-BL Lion	http://zeus.dl.playstation.net/cdn/EP4312/NPEB00474_00/kyavIXXjSTZHGjLUjCVMQoRAIbPnyCmHpgeXyudPVhwpGjvHaIwBjmbNihkNtSOY.pkg	bc1a5b6b8910eed8d47533c801412772	EP4312-NPEB00474_00-AVSMOBILET000716			102400	
NPEB00325	EU	Landit Bandit Cannibal Avatar	http://zeus.dl.playstation.net/cdn/EP4142/NPEB00325_00/5yhsAx5EywbmbT5xo0gotlmnk0Uuk1nLdg8pAeUAJmm7YH89rtHeyjqktMD0eA8P.pkg	4bc7b99ae3030d3a0a0eee666079de71	EP4142-NPEB00325_00-AVFIRSTPLA000003			102400	
NPEB00325	EU	Landit Bandit Male Avatar	http://zeus.dl.playstation.net/cdn/EP4142/NPEB00325_00/2cKx69IBCF1y33naqnfHBfmhG2T04a5vT0TjaEVDXW8yHQ2phINTlwYlhCkQP9wa.pkg	79d785ce52da5a7a2a6c3a72d6225617	EP4142-NPEB00325_00-AVFIRSTPLA000006			102400	
NPEB00325	EU	Swords & Soldiers Ninja Monkey Avatar	http://zeus.dl.playstation.net/cdn/EP4142/NPEB00325_00/drvkAdOwgyepPMOGEXCiOpLqJySSeJvuPtGVffkqqgZcdihqsaaLoKbgHsTzNZeh.pkg	bdb9eaeddb3d366eacf895e78496c917	EP4142-NPEB00325_00-AVFIRSTPLA000010			102400	
NPEB00325	EU	Swords & Soldiers Necromancer Avatar	http://zeus.dl.playstation.net/cdn/EP4142/NPEB00325_00/PAmiAARxaUAGXWCgBhLSWyyveJuRfvgnovidgQuCCocsHgZMmsGoVoUKMOyIJZiX.pkg	aab42838fbe3dbcc75e49cc2a3d3a9b3	EP4142-NPEB00325_00-AVFIRSTPLA000014			102400	
NPEB00325	EU	Swords & Soldiers Jaguar Warrior Avatar	http://zeus.dl.playstation.net/cdn/EP4142/NPEB00325_00/CWLjWgiteqZBJbEuOgnbxXwYayoNwwFFeCrRDDcuSOvjAkRJlHNlynfzZYGuFOrF.pkg	79833bab1b25f0d2d6c6956b0fef7a46	EP4142-NPEB00325_00-AVFIRSTPLA000018			102400	
NPEB00325	EU	Swords & Soldiers Aztec Ruler Avatar	http://zeus.dl.playstation.net/cdn/EP4142/NPEB00325_00/RfDpEvBqqHAjZNcFZaWopficXPWzBHQrKVHENNIgPHsBcPmullICWYoUnBEavnti.pkg	2dcfc1917bee7431d28db9d8fff78079	EP4142-NPEB00325_00-AVFIRSTPLA000012			102400	
NPEB00298	EU	Monkey Island Retro LeChuck Avatar	http://zeus.dl.playstation.net/cdn/EP4142/NPEB00298_00/uUhiEtMPmzNcmGINeQPAWNfKKzyqNQtDmXuBGlSTNMyzCLWPjAVFdYEczcuFjdVG.pkg	a36286af1de06995f413f97c28a99c1e	EP4142-NPEB00298_00-AVFIRSTPLA000003			102400	
NPEB00309	EU	Dungeon Twister - Goblin 2	http://zeus.dl.playstation.net/cdn/EP4181/NPEB00309_00/IxyKWejaCGgnWDZEgUkbCYnPcUxGkOgPRofvIADALsQjSExbyEeMJHPAjCqURRNR.pkg	4090cde5e319fcfbd481d926670d1b3d	EP4181-NPEB00309_00-AVDUNGEONT000017			120192	
NPUB31271	US	UNKNOWN TITLE	http://zeus.dl.playstation.net/cdn/UP4151/NPUB31271_00/akMHCjEQvBVCckfTWjoGQLlXHIoKZPhsdSnGQjjkdpjXrQxthqYPkvjXbozsLZfH.pkg	MISSING	UP4151-NPUB31271_00-UAATOMICNI000004			102400	
NPUB31474	US	Arcana Heart 3: LOVE MAX!!!!! Mildred Avatar	http://zeus.dl.playstation.net/cdn/UP1024/NPUB31474_00/UP1024-NPUB31474_00-UAARCANAHE000024_bg_1_82e96fb5573b54811a6ffaa19bdda3a0d231a8ac.pkg	MISSING	UP1024-NPUB31474_00-UAARCANAHE000024			102400	
NPUB31474	US	Arcana Heart 3: LOVE MAX!!!!! Catherine Avatar	http://zeus.dl.playstation.net/cdn/UP1024/NPUB31474_00/UP1024-NPUB31474_00-UAARCANAHE000019_bg_1_7bd6844c7e87a5572a97d21cf75d90d26b25cc86.pkg	MISSING	UP1024-NPUB31474_00-UAARCANAHE000019			102400	
NPUB31474	US	Arcana Heart 3: LOVE MAX!!!!! Akane Avatar	http://zeus.dl.playstation.net/cdn/UP1024/NPUB31474_00/UP1024-NPUB31474_00-UAARCANAHE000016_bg_1_9b48060e067d1d5cf6dccadfae5db6a691da6cbf.pkg	MISSING	UP1024-NPUB31474_00-UAARCANAHE000016			103440	
NPUB31635	US	UNKNOWN TITLE	http://zeus.dl.playstation.net/cdn/UT5011/NPUB31635_00/UT5011-NPUB31635_00-UAMEEMONON000036_bg_1_cbace2c46c9c3a985f886f910188b58a92ca5c2b.pkg	8a7c51ea7aac2c590c40ef5f2f856916	UT5011-NPUB31635_00-UAMEEMONON000036			102400	
NPUB31635	US	Celestia	http://zeus.dl.playstation.net/cdn/UT5011/NPUB31635_00/UT5011-NPUB31635_00-UAMEEMONON000032_bg_1_02d96b92a50e44aab047e90fe7ed585d3caca4b9.pkg	MISSING	UT5011-NPUB31635_00-UAMEEMONON000032			102400	
NPUB31584	US	Electric Fox Avatar	http://zeus.dl.playstation.net/cdn/UP4507/NPUB31584_00/UP4507-NPUB31584_00-UAVIRTUALB000144_bg_1_d851c2c56f4a4d3a86496c63fb7c2d831380c17d.pkg	MISSING	UP4507-NPUB31584_00-UAVIRTUALB000144			102400	
NPUB31571	US	Anime: Sunny Days Avatar	http://zeus.dl.playstation.net/cdn/UP2131/NPUB31571_00/UP2131-NPUB31571_00-UADISRUPTI000121_bg_1_a5d9d9be8a9788d3720dd4cba080d5f5c7274c74.pkg	MISSING	UP2131-NPUB31571_00-UADISRUPTI000121			133168	
ULUS10091	US	UNKNOWN TITLE	http://zeus.dl.playstation.net/cdn/UP0102/ULUS10091_00/teZIhDogCMsWgdLLzmHUuhxFYVREuJyxWCWjLGpJODJCELMpZXyLLZMjtpqoaULfCEvpHDvbyTBhwCBoCEIJNOesRbahkCGOZIYJO.pkg	MISSING	UP0102-ULUS10091_00-AVAMMPUCUTMAN000			102400	
BLES00891	EU	UNKNOWN TITLE	http://zeus.dl.playstation.net/cdn/EP0001/BLES00891_00/WTINRNXsYltNcmIenzggEpwPmYZdHQoVEeghbHNepgtpaSprgkfqrpRDbKQOrFFS.pkg	de6bed331c38e938ccfee6a6680f64cc	EP0001-BLES00891_00-AVDRIVERSA000001			102400	
NPJQ80015	JP	UNKNOWN TITLE	http://zeus.dl.playstation.net/cdn/JP9002/NPJQ80015_00/JP9002-NPJQ80015_00-AVATAR1412PSPLUS_bg_1_79c666e1e7ad1eaa5ab6d768b2b30e4a6fd8af71.pkg	MISSING	JP9002-NPJQ80015_00-AVATAR1412PSPLUS			102400	
NPJQ80017	JP	【SIREN編】コラボイラストアバターB（プレイステーション®といっしょ）	http://zeus.dl.playstation.net/cdn/JP9003/NPJQ80017_00/JP9003-NPJQ80017_00-AVATAR1503SI0002_bg_1_30ee650e08ffd745f128c7265033977f2b278aca.pkg	6d229896776e9a1168c617a9777014e2	JP9003-NPJQ80017_00-AVATAR1503SI0002			102400	
NPJQ80017	JP	【SIREN編】コラボイラストアバターA（プレイステーション®といっしょ）	http://zeus.dl.playstation.net/cdn/JP9003/NPJQ80017_00/JP9003-NPJQ80017_00-AVATAR1503SI0001_bg_1_0575ed9dee3b0132722c734a130ff0335ec70a45.pkg	da6f3f797a1304ea2703e7cd4c3893c7	JP9003-NPJQ80017_00-AVATAR1503SI0001			109120	
BLJM60484	JP	PS3®アバター「斎藤一（羅刹）」	http://zeus.dl.playstation.net/cdn/JP0031/BLJM60484_00/XUnjDZiFwaAPpjIoOYpxzfbglWdSQstuaxIyhoKNGWTGTZHufmrtdRNkjenjOCSadHMBIkNnvqJmOuZGITIuYyAkABvotgzNqfaYU.pkg	aa77fd10661f5c6f558f55dd4454a0e5	JP0031-BLJM60484_00-AVATARDATA000034			120336	
BLJS10147	JP	KOF XIII アバター 斎祀（変身前）	http://zeus.dl.playstation.net/cdn/JP0576/BLJS10147_00/UaeFEbdrVcMovcxhsLWxAkmGeBpbowAoDOmoVLAPgrMHOeSEbTHKXkxBFYWedYtJGoyYHopXeQxZCQwmBegPplXuOpBsKfCvlySLc.pkg	51dbec02289ae70da67276942fb8b89d	JP0576-BLJS10147_00-AVATAR1112000032			129920	
BLJM60484	JP	PS3®アバター「斎藤一」	http://zeus.dl.playstation.net/cdn/JP0031/BLJM60484_00/AgCkVxLgbAoDVOuhSiMRQIHZjPAuVSPUVHihCeAmICIHcVGzeMVxUFEoySqFpIXNuUgOBFgCLzYmRTEqewHkfBmkbfplHtvyzDmOC.pkg	32051dab0b6ab3c3bef25fdabbacf149	JP0031-BLJM60484_00-AVATARDATA000003			102400	
NPJR80023	JP	ホワイティ	http://zeus.dl.playstation.net/cdn/JP0571/NPJR80023_00/aalHVvOfACjZdbxhpXbqeXTvIwLGfQjkFirFSskgsmISFBXEXoiApljxqqEmGZNbBbmnhHtYEGKhwnxBugqBXKzoiwvpVvKsmlmFj.pkg	19e08c56a15a8a3a6f6e3d1639ddffc8	JP0571-NPJR80023_00-AVATARHAM0000010			102400	
PCSG00019	JP	『忍道２ 散華』アバターアイコン「ちび楓」	http://zeus.dl.playstation.net/cdn/JP0604/PCSG00019_00/KEtLNXjFkpUJlRhrWRYRDOOWppiSOpUSLLBjxJPnGoadFPiPZLwVUoCsNFRYMBgPMxFLDkQexekjrIHWqNxUVcmLdHmchEmQwJyUC.pkg	MISSING	JP0604-PCSG00019_00-AVATARICO1203024			102400	
NPJR80004	JP	戦国BASARA3 アバター 伊達政宗	http://zeus.dl.playstation.net/cdn/JP0102/NPJR80004_00/qNrHsTPMTPtZAKlbjJTvCjnhGAtGmnRwyHyaxeCocINdChwbEOTbJFkKSozrhPcaxIZjplFKnkggiprAHoGxZqSuitJpYdvwKRgEZ.pkg	88256c3cef849c8637122c0cbe226393	JP0102-NPJR80004_00-AVASBSAMHMASADAT			107504	
BLUS30492	US	Sengoku BASARA®: Samurai Heroes Masamune Date Avatar	http://zeus.dl.playstation.net/cdn/UP0102/BLUS30492_00/jFfNphlD3YVcTmB5AyoV0KgY8gxmCINlkOKmJPALIbgy7lqtUUDJIdYwyJbU2IWfC1AeQBg4kmHTmjMpGpEGObrSXrGXoFiJJQF0q.pkg	d8178c1cd32beca7835dd1891d834bb4	UP0102-BLUS30492_00-AVASBSAMHMASADAT			107504	
BLUS30492	US	UNKNOWN TITLE	http://zeus.dl.playstation.net/cdn/UP0102/BLUS30492_00/WUX0WhS5rVyhtwl3VO4UDDdYMptvviwbk16Th55FFlDDmke9e1LjWBAKmDAGKyxlYiJGtKHYqhb17pYWPTiyyGhSId97vYGiQLVRS.pkg	MISSING	UP0102-BLUS30492_00-AVASBSAMHYUKISAN			102400	
NPJA00046	JP	UNKNOWN TITLE	http://zeus.dl.playstation.net/cdn/JP9002/NPJA00046_00/GrW0dTgLj9VlwX0JhNAcHKBM7MexlLN4gubcOrF6WGbHHOL2P1uDowcQApd2K5987nSDNkQl8ydBKlw5qaKvgplKhHCIfU8WenEwL.pkg	MISSING	JP9002-NPJA00046_00-AVATAR1006220004			102400	
NPJA00046	JP	UNKNOWN TITLE	http://zeus.dl.playstation.net/cdn/JP9002/NPJA00046_00/s4o3IKfDw0hjRHcRIK4M3G8PNXMPq3mUkcu1bNR5LFpUl9FDKqsJrXIsQ5Ywf2rRmBDNkR5BWWy8WtsaMpIAsfvHMPdBOoldmA5KW.pkg	MISSING	JP9002-NPJA00046_00-AVATAR1006220003			102400	
NPJA00046	JP	UNKNOWN TITLE	http://zeus.dl.playstation.net/cdn/JP9002/NPJA00046_00/pTFSiGE8uc2td4yTSt5w4PQADIckNQSY0IapNDfSogOOuOKOn5sunFtFiRi9RYSrgT8Duc47qFbqSUbQ1Soprh2VQ32jTsK7BPFUv.pkg	MISSING	JP9002-NPJA00046_00-AVATAR1006220002			102400	
NPJA00046	JP	UNKNOWN TITLE	http://zeus.dl.playstation.net/cdn/JP9002/NPJA00046_00/auqHOE4KPR1YlOIFGoaAaGMkk7yS2CoHusguWXHnmn6D2uYuPOcvnwPHGJkhsy7Q9OTEb95sFBIaWAmNK9CIWFaQiM04GK6iJsxxE.pkg	MISSING	JP9002-NPJA00046_00-AVATAR1006220001			102400	
NPJA00046	JP	UNKNOWN TITLE	http://zeus.dl.playstation.net/cdn/JP9002/NPJA00046_00/aGsYGvdylLXJ4ysmkX3st8wnIaqt5aKNUS4Phc8T1WWTG2orlxiBPO8W4lJhhF1w2bQWETEkV460FLsfdEF4uTcsubro4XgOOKlRv.pkg	MISSING	JP9002-NPJA00046_00-AVATAR1006220000			102400	
NPJA00042	JP	UNKNOWN TITLE	http://zeus.dl.playstation.net/cdn/JP9000/NPJA00042_00/9sFEiBUGd9l8SI1cgLyHxVm7ncIfTP64UbEISYiL9PETKe1Hk09MYwhYlOMrqCKPXO0PmC1Rpqy5Q1yKBlcWsf48N2plxslBCjBUS.pkg	MISSING	JP9000-NPJA00042_00-AVATAR1007210003			102400	
NPJA00042	JP	UNKNOWN TITLE	http://zeus.dl.playstation.net/cdn/JP9000/NPJA00042_00/rEacKlviq7jfbqWBI4NgjAO2LwrACIPYUnXtdbUlqfmdmjUuvNTbVRdHClCSb5SMnkLr8GLRCd4tdEbne1IEW9RpyINxOMCShBoqI.pkg	MISSING	JP9000-NPJA00042_00-AVATAR1007210004			102400	
NPJA00042	JP	UNKNOWN TITLE	http://zeus.dl.playstation.net/cdn/JP9000/NPJA00042_00/S3h3JkCEOT93APfBSXaB00a6GJdBPWPunUCVHRfNJb8HOsesnLTRGPKVHg0USWGsKCfyfsnXdr5EoYND0BeTr10J8WESnmYnBAkfX.pkg	MISSING	JP9000-NPJA00042_00-AVATAR1007210001			102400	
NPJA00042	JP	UNKNOWN TITLE	http://zeus.dl.playstation.net/cdn/JP9000/NPJA00042_00/ubcQEFIWRKVyNIoSO2eEkj0IpDbG5NRFyqEAeLRRC7mK57ql1a0HbB5yJhb0rt0qtqUnciPAw38ktxnnu6K8m0ggAY2e89skHds2X.pkg	MISSING	JP9000-NPJA00042_00-AVATAR1007210002			102400	
NPJA00048	JP	UNKNOWN TITLE	http://zeus.dl.playstation.net/cdn/JP9000/NPJA00048_00/uBFKRt5AQwQlafYXCwDdglvh8e5YG0XlpDntvh2Aa7DeODl9ptgrRMP0NiOLKCA3fEGJ5v9JJ1XoUfn0T0Mt22Hl5rYA1KhgXIjfW.pkg	MISSING	JP9000-NPJA00048_00-AVATAR1006220007			102400	
NPJA00048	JP	UNKNOWN TITLE	http://zeus.dl.playstation.net/cdn/JP9000/NPJA00048_00/nv3VmuccbgyD2d53bRC9QXlXExkpgxsWDUwRWptKRGTIdm2G8d9rN6P5EAWlVXFQCVpksXjs1Cg7B5w8vEVelsUoJLCfCEnQLiMdr.pkg	MISSING	JP9000-NPJA00048_00-AVATAR1006220006			102400	
NPJA00026	JP	UNKNOWN TITLE	http://zeus.dl.playstation.net/cdn/JP9000/NPJA00026_00/6o03h1H4MLnWlb4VBI7WQG5GEiooMb8GIg3wrP7H6IfYrSVFWFEli1dJM2uKHoXecCYcvgrFb7TibWEtJnUfROvUxhbuHkJBKXb2A.pkg	MISSING	JP9000-NPJA00026_00-AVATAR1008180002			102400	
NPJA00026	JP	UNKNOWN TITLE	http://zeus.dl.playstation.net/cdn/JP9000/NPJA00026_00/li1gtF9GtTQUrd2miX18E8n3WETdvQ7sRsgB56YEoR07oW0f6OM0fqqX64NXdDryCLDAYAN5Sx81cLPCp1MEY6Awfdkb98a9YX95t.pkg	MISSING	JP9000-NPJA00026_00-AVATAR1008180003			102400	
NPJA00026	JP	UNKNOWN TITLE	http://zeus.dl.playstation.net/cdn/JP9000/NPJA00026_00/97qYPBOBxWcaBNSNTpytbfdgi2gaJAfScEcE91GFhRBllIcGbQYNd90J2Faw5dfxIQfn2IHK0BdSrDr7omh4iR1W9SXkW4ViDJFTf.pkg	MISSING	JP9000-NPJA00026_00-AVATAR1008180001			102400	
NPJA00026	JP	UNKNOWN TITLE	http://zeus.dl.playstation.net/cdn/JP9000/NPJA00026_00/IGC5Mo9dUspAxNwnxphGB3Inul2cJbFFAFCpqQiyYFtqrCpQNtN8OkYluWMWqCx0TPQVd96VKAGw5icK4etjpH5kOKVvNRhrO9nou.pkg	MISSING	JP9000-NPJA00026_00-AVATAR1008180004			102400	
NPJA00046	JP	UNKNOWN TITLE	http://zeus.dl.playstation.net/cdn/JP9002/NPJA00046_00/RtpfIBuFTcfc4aRK9P46J2YapUNQV2eOkGXMrExSktqVcbDO2FfVXFXQq0tjObrioeRHUW7anbEpwJuRRKHCI38spkllC3xlkJrXU.pkg	MISSING	JP9002-NPJA00046_00-AVATAR1011170000			102400	
NPJA00046	JP	UNKNOWN TITLE	http://zeus.dl.playstation.net/cdn/JP9002/NPJA00046_00/1FGfKgxBfxYSIC6y8Aj8xwUi0XF8Ox5y0IYIojEXFt3UPCv71x0gc4u7TolfPXbUWy9fyvaRyto5hUv2DPAOVk5Jp9vepRce0QJ62.pkg	MISSING	JP9002-NPJA00046_00-AVATAR1011170001			102400	
NPJA00046	JP	UNKNOWN TITLE	http://zeus.dl.playstation.net/cdn/JP9002/NPJA00046_00/H1gNaU9xTBHo2nPwrBbu1snfdte55FnX4xEPPmnQC5TlAsadOvVKrkJGnwbHmiVQYvKmKS3YV73yCUSj56D79AFdKMXr5sCgRkVHW.pkg	MISSING	JP9002-NPJA00046_00-AVATAR1011170002			102400	
NPJA00046	JP	UNKNOWN TITLE	http://zeus.dl.playstation.net/cdn/JP9002/NPJA00046_00/GgNHR87BwInDLJghD32EHOaEf8CYn6j1fFxNLSEp2a58w4u9FohARUudnFRPdq8RhRglH8Tnd9lfPPej5M4LVCEB1tBnPE3nUdRd1.pkg	MISSING	JP9002-NPJA00046_00-AVATAR1011170003			102400	
NPJA00046	JP	UNKNOWN TITLE	http://zeus.dl.playstation.net/cdn/JP9002/NPJA00046_00/oASND4Lsrgaw0ymP0wriOVYFfsFkPJN7jVoMb3otOXTBlgiYNl05M1ejoiskd2cJKbpN39CSsh89W7BoC1UaxWHCBHkRubDuFyT4l.pkg	MISSING	JP9002-NPJA00046_00-AVATAR1011170004			102400	
NPJA00046	JP	UNKNOWN TITLE	http://zeus.dl.playstation.net/cdn/JP9002/NPJA00046_00/M7HolWjhSXghFdVJ9fXVcGbmTHFUfABL9WANIeSGKjr0WVgRMR4idVaIF4GPTw8wDpKxbqhpo0PwdUd8koJalrUKPiBfmWeTH2wRV.pkg	MISSING	JP9002-NPJA00046_00-AVATAR1011170005			102400	
NPJA00046	JP	UNKNOWN TITLE	http://zeus.dl.playstation.net/cdn/JP9002/NPJA00046_00/7oOg29fGAj61vkUhQddV5oAcsuUOyLDN13ObtTCg4hekKiBLAfUhphiJ3PjfU2UapwHGKH4DUXPeaF9i28PsmFhEMV7I9uo43s7Jn.pkg	MISSING	JP9002-NPJA00046_00-AVATAR1011170006			102400	
NPJQ80001	JP	UNKNOWN TITLE	http://zeus.dl.playstation.net/cdn/JP9000/NPJQ80001_00/InzPKZWLqPyguZjuGvQrzFNgGURUjrbLYUrvZYLPgxZYtlXCTrvmUiYoSoKqFHUzFkmUdhuxWksUvLrxiBNvVActUJveAvGILQyHf.pkg	MISSING	JP9000-NPJQ80001_00-AVATAR1012150000			102400	
NPJQ80001	JP	UNKNOWN TITLE	http://zeus.dl.playstation.net/cdn/JP9000/NPJQ80001_00/CoxxEgibIupSAjTrPqwaHyBdczOpTCVmTCiHHIlgfCslruOujVQcNGGLPJXbRZAGDTeGhXiZVaXHcoAzFTagMYuWWQgMxuBTxfFRW.pkg	MISSING	JP9000-NPJQ80001_00-AVATAR1012150001			102400	
NPJQ80001	JP	UNKNOWN TITLE	http://zeus.dl.playstation.net/cdn/JP9000/NPJQ80001_00/VWRcVpxtKPYwafVyEzWbMkvEBqUCZLacvgaRpIWywSHdClqussfIJukohsXwouVPQSJIIReIoWnNjuIxXaAlVpRtvPnHHOMSeumSf.pkg	MISSING	JP9000-NPJQ80001_00-AVATAR1012150002			102400	
NPJQ80001	JP	UNKNOWN TITLE	http://zeus.dl.playstation.net/cdn/JP9000/NPJQ80001_00/cLheolgqeJglgdAEzxKyMdznyTAAYItHIvzLUOBqEvUWJdSKStbYtsWAAhmTlwybMhyqYsfOzQRIODpJViEfZdyxAZHrXcubqBbao.pkg	MISSING	JP9000-NPJQ80001_00-AVATAR1012150004			102400	
NPJQ80001	JP	UNKNOWN TITLE	http://zeus.dl.playstation.net/cdn/JP9000/NPJQ80001_00/okZhKwRirtCqzdnjQOTfAXlsQiJpFHCXQrsbXrCuoiPuCuuKgNSuKxCtuFYkUUBzaDbPRNQEyXohBEPISvsfHUnybNvjXsLuvqEel.pkg	MISSING	JP9000-NPJQ80001_00-AVATAR1012150003			102400	
NPJQ80002	JP	UNKNOWN TITLE	http://zeus.dl.playstation.net/cdn/JP9000/NPJQ80002_00/MRNqfrTqjhpEdjQhFdfMGafhoxsXtEuqUTbvpIKafqugvnSqTClgUCDwCWPxOEdBjyNEQPolvizRYYMDsfBwgIGfLFGVoNdbdRcef.pkg	MISSING	JP9000-NPJQ80002_00-AVAEATTHEMPSNAV2			102400	
NPJQ80002	JP	UNKNOWN TITLE	http://zeus.dl.playstation.net/cdn/JP9000/NPJQ80002_00/bFAzyJrcbIBqYGBOwOvFZrlKBFfrZuHHmoiQPBewWaiXNwZkTzSpQeixspYbWEVYbupvXcwuyrpVQlDYsjOSkXyoxJPtCULeLXRuC.pkg	MISSING	JP9000-NPJQ80002_00-AVAEATTHEMPSNAV4			102400	
NPJQ80002	JP	UNKNOWN TITLE	http://zeus.dl.playstation.net/cdn/JP9000/NPJQ80002_00/psFPtNijsCGCoaoPNzIfVvmvTiogKvVdOMuAJuSlGWdITxNJLxPnTySPbtHtjvjZwTQiAzdzxTJRGeYVIRaoTZllzloeFmVJjWPsR.pkg	MISSING	JP9000-NPJQ80002_00-AVAEATTHEMPSNAV8			102400	
NPJQ80008	JP	UNKNOWN TITLE	http://zeus.dl.playstation.net/cdn/JP9003/NPJQ80008_00/vSIyfEgIDVvMrKfsQeAzKfRJTFkNRMmZDAZytbIoCNjjiCkEJxYtHDIjDSpRvVpenQFTLLWHwIozeJWtREDFxRKqkWArqmtJjGJnA.pkg	MISSING	JP9003-NPJQ80008_00-AVATARSASUKA0001			102400	
NPJQ80008	JP	UNKNOWN TITLE	http://zeus.dl.playstation.net/cdn/JP9003/NPJQ80008_00/MkssWaieSfMDztwfgneUsYorkRvKhHXxRIqFEFoCQxZStjeAqchBWMZpVxeuoUIxGRQuMTeMvOEzKsPoIKronUCJYZnUOCADRUhtm.pkg	MISSING	JP9003-NPJQ80008_00-AVATARSSHINJI001			102400	
NPJQ80008	JP	UNKNOWN TITLE	http://zeus.dl.playstation.net/cdn/JP9003/NPJQ80008_00/qOWTHCifczaoWqVlvzPrXbnRgYbQKYrfjoItCZGetbGkbcDwsuLOMVeRBROfzQeLVnCBBvGHNHyDJIpVBKFUrpyseOcijMLWuIGmM.pkg	MISSING	JP9003-NPJQ80008_00-AVATARSAYANAMI01			102400	
NPJQ80008	JP	UNKNOWN TITLE	http://zeus.dl.playstation.net/cdn/JP9003/NPJQ80008_00/PTptxcyZPmEclaShWmqbFtyzKlPwElXwOwOlUEFMYlczTYpGZgEXnREcKjuZXyPqIsWkEXMVuDRLbfstBrdnDdgdglqnfsuIYevlS.pkg	MISSING	JP9003-NPJQ80008_00-AVATARSZEROGOKI1			102400	
NPJQ80008	JP	UNKNOWN TITLE	http://zeus.dl.playstation.net/cdn/JP9003/NPJQ80008_00/pOCAQTHPamFDETLvIxpwPSMqiUypwDxLpEgAliLGIuMrGaacnLqswVcqHmnqTPBFcHjzSyuwaUvsUZIBRrGooMTbVbGQWOKPJjnyq.pkg	MISSING	JP9003-NPJQ80008_00-AVATARSKAORU0001			102400	
NPJQ80008	JP	UNKNOWN TITLE	http://zeus.dl.playstation.net/cdn/JP9003/NPJQ80008_00/SnzPufvddXzYuTvmDRZtlmcyXUfguXizZBKBAntfnQjSwWmqqCZPbwmFZbwTVUuuOIDttRvKEioXQGBZoGArqjiNRupmeNmoERPvH.pkg	MISSING	JP9003-NPJQ80008_00-AVATARSNIGOKI001			102400	
NPJQ80008	JP	UNKNOWN TITLE	http://zeus.dl.playstation.net/cdn/JP9003/NPJQ80008_00/OYBjUUYnyzQHffHOqhhBcEiTJnBJzdmntBewSlRfrMnxvgcJgALUFdvYESOhxAyFFXXkSBqwbaesunySGQORtKfDLTqGVPlGcPmmh.pkg	MISSING	JP9003-NPJQ80008_00-AVATARSMARI00001			102400	
NPJQ80008	JP	UNKNOWN TITLE	http://zeus.dl.playstation.net/cdn/JP9003/NPJQ80008_00/nUqGYeSfwMpSuMvOoXMKlCEYBJXSzGHQMcelZGqAHoPDyNhycVsqoQKepBOeBbArYviNPmNvldaFfSRbeRdyadfdkhppYIYJghCIW.pkg	MISSING	JP9003-NPJQ80008_00-AVATARSSYOGOKI01			102400	
NPJR80002	JP	UNKNOWN TITLE	http://zeus.dl.playstation.net/cdn/JP0743/NPJR80002_00/PibAUdVGauhfEoPgfLLauBXcNOiVwiRvGeqToqHezQaOBgsOrlSARNAijvGBcQDjmVvcpRCaRmrqTjlUGINvHaZTpqhsRpFrQtIoQ.pkg	MISSING	JP0743-NPJR80002_00-AVATAR2011010002			102400	
NPJR80002	JP	UNKNOWN TITLE	http://zeus.dl.playstation.net/cdn/JP0743/NPJR80002_00/TcYxEtBauxhZsUJtfNbqaFZszVeAktTXWdHtWRuWZRYOfonBzSkzGWtiNGciGzTFiLgjOBhINnGNpjjJIpWNJfVhlvwatzgLdQOYl.pkg	MISSING	JP0743-NPJR80002_00-AVATAR2011010001			102400	
NPJR80002	JP	UNKNOWN TITLE	http://zeus.dl.playstation.net/cdn/JP0743/NPJR80002_00/FiHqeGektOfTXKWdgkyAczKMOfhyYAvpGOxItmJmXVDfYaccbPXTFNYFZUKREemxTrMjNGppLTudqmmjiEHtbpWpjUhTZugIORugI.pkg	MISSING	JP0743-NPJR80002_00-AVATAR2011010003			102400	
NPJQ80008	JP	UNKNOWN TITLE	http://zeus.dl.playstation.net/cdn/JP9003/NPJQ80008_00/uKBGTiukXRDGPRuaxDYQyOOqTzHUEWAenLDyCdDxwIOVxUHHoMTYZfUeofLUTnizcseRCVsyUiQMPPhudktfttTuLNuiquUOwCPyw.pkg	MISSING	JP9003-NPJQ80008_00-AVATAR1208E16001			102400	
NPJQ80008	JP	UNKNOWN TITLE	http://zeus.dl.playstation.net/cdn/JP9003/NPJQ80008_00/iWVAOypjclAnIjEhvUeoEQqwWYGMyEiWYwypFFzgzUXxAmGupnnzLZfMUZAXTQKgTcsIBLEisqltKaLRrqzVlxOblrPvwlZIVLbmL.pkg	MISSING	JP9003-NPJQ80008_00-AVATAR1208E14001			102400	
NPJQ80008	JP	UNKNOWN TITLE	http://zeus.dl.playstation.net/cdn/JP9003/NPJQ80008_00/PLQVtSEzybwKOGRqJXoiDkmbObbdDEajwUobBOoschhaLVsTIQDTRowntBNXZUNkvAJTtduQlgPUtVOqLuYdNfkaRcRiQktLlhnKA.pkg	MISSING	JP9003-NPJQ80008_00-AVATAR1208E15001			102400	
NPJA00100	JP	UNKNOWN TITLE	http://zeus.dl.playstation.net/cdn/JP9000/NPJA00100_00/gofDrIbpKUJkuWCSmxQoeIoqpiPzGFBMsYqwvXQjpyPRabcrFFlaFxkzurLgOHAw.pkg	MISSING	JP9000-NPJA00100_00-AVATAR1308000001			102400	
NPJQ90038	JP	PlayStation®Plusスペシャルアバター9月分	http://zeus.dl.playstation.net/cdn/JP9002/NPJQ90038_00/twVEXOqcERbUMmxjKyUppJCIOeahRMEnVrWRurQMjItbuNqNwFHivhcFqaLnETZH.pkg	MISSING	JP9002-NPJQ90038_00-AVATAR1307PSPLUS			102400	
NPJA00100	JP	UNKNOWN TITLE	http://zeus.dl.playstation.net/cdn/JP9000/NPJA00100_00/qOMNpgSenEryuWoKzcltrTwTaTkXDLmhgFrhMGMVOouGnOtBcLWWgmtCpZarwrvy.pkg	MISSING	JP9000-NPJA00100_00-AVATAR1308000002			102400	
NPJA00100	JP	UNKNOWN TITLE	http://zeus.dl.playstation.net/cdn/JP9000/NPJA00100_00/GgXhzldFAWYBMhTUZouHlMfJlfcOlzgQWGkSLSkCZxCmojqGskRQQlqUsvgzKPhv.pkg	MISSING	JP9000-NPJA00100_00-AVATAR1308000005			102400	
NPJA00100	JP	UNKNOWN TITLE	http://zeus.dl.playstation.net/cdn/JP9000/NPJA00100_00/KLcJqmiRITrvaqyRRJoGVKFMVjMsjMRneHfbQhImXThUkKkdoaZBSRhuwEzZvXSL.pkg	MISSING	JP9000-NPJA00100_00-AVATAR1308000003			102400	
NPJA00100	JP	UNKNOWN TITLE	http://zeus.dl.playstation.net/cdn/JP9000/NPJA00100_00/KLGbPuIARwyTfcxGIfLSVPgdSeTNtnAGggDyBHOKjJwdRDzFzdlFqiEkGHbLtmBF.pkg	MISSING	JP9000-NPJA00100_00-AVATAR1308000004			102400	
NPJA00096	JP	UNKNOWN TITLE	http://zeus.dl.playstation.net/cdn/JP9000/NPJA00096_00/HkOuvUIjYhycXQvKUpmFpYhMqrzhYdrTTUXZNitJtKqRwXoMblnumIadTNKcjkIy.pkg	MISSING	JP9000-NPJA00096_00-AVATAR1305ELLIE1			108480	
NPJA00096	JP	UNKNOWN TITLE	http://zeus.dl.playstation.net/cdn/JP9000/NPJA00096_00/DwSwKWeeyaFBFwioBupoxLPqlxUpxMlXWsEWHYBimvopZlKTxbNBJSarQzdmZKqM.pkg	MISSING	JP9000-NPJA00096_00-AVATAR1305JOEL01			123952	
NPJQ90038	JP	UNKNOWN TITLE	http://zeus.dl.playstation.net/cdn/JP9002/NPJQ90038_00/CeGAmLZzUkTWnthJrnQApnesNSeWaKdldDzaDHVHWcSSrPaIYmGONMCwVxtZgGMB.pkg	MISSING	JP9002-NPJQ90038_00-AVATAR1309PSPLUS			102400	
NPJQ90038	JP	UNKNOWN TITLE	http://zeus.dl.playstation.net/cdn/JP9002/NPJQ90038_00/QpGovIMyphNAlWriSgmyDepIAYGpXAcptNlkiAgeVhnEJBJtIuJkwYveGrVWMUGD.pkg	MISSING	JP9002-NPJQ90038_00-AVATAR1310PSPLUS			102400	
NPJQ90038	JP	PlayStation®Plusスペシャルアバター1月分	http://zeus.dl.playstation.net/cdn/JP9002/NPJQ90038_00/wfxJaTekRazgvutBnYLNdIdAvTvxyMtSmPHTajkNhZwLeqESahlaPHykQTRivUmO.pkg	MISSING	JP9002-NPJQ90038_00-AVATAR1311PSPLUS			102400	
NPJQ90038	JP	UNKNOWN TITLE	http://zeus.dl.playstation.net/cdn/JP9002/NPJQ90038_00/EHkbeUVhzNXdeMnnBdjwzilELPxBBPrkQgLGTZVOdsMxIfPmIyCuDhYwTgNKpSpV.pkg	MISSING	JP9002-NPJQ90038_00-AVATAR1401PSPLUS			102400	
NPJQ90038	JP	UNKNOWN TITLE	http://zeus.dl.playstation.net/cdn/JP9002/NPJQ90038_00/xQsrQzFcvwKreHPlFRurIZRZVVVCMcofKOlCuQNQYHNxntYboKxWEIiHgyXGrJmO.pkg	MISSING	JP9002-NPJQ90038_00-AVATAR1403PSPLUS			102400	
NPJQ80015	JP	UNKNOWN TITLE	http://zeus.dl.playstation.net/cdn/JP9002/NPJQ80015_00/JP9002-NPJQ80015_00-AVATAR1505PSPLUS_bg_1_ceca63ce57d5fa30fae57a5a09c70f932caa008d.pkg	MISSING	JP9002-NPJQ80015_00-AVATAR1505PSPLUS			102400	
BLES00517	EU	Rico Rodriguez	http://zeus.dl.playstation.net/cdn/EP0082/BLES00517_00/ZXHPNvclLmmJsMDCtBTzTzzThCPPIohSZLiFUwvKqXSPerGFwoPcTPDXbBSViooR.pkg	1d62a5149b547a467067acad56a60cbf	EP0082-BLES00517_00-AVJUSTCAUS000001			102400	
BLES01807	EU	Franklin 1 Avatar	http://zeus.dl.playstation.net/cdn/EP1004/BLES01807_00/vYvJeydfVnnXKLGdkpxiiWEgswnmrbGFYsqCIlaGSpEZjxGcVEAgsrwnjWuqcbzB.pkg	816d69a6202c8ed284fcad2e4639509a	EP1004-BLES01807_00-AVGRANDTHE000003			119680	
BCUS98148	US	LittleBigPlanet™ Sky Sackgirl Avatar	http://zeus.dl.playstation.net/cdn/UP9000/BCUS98148_00/4sKpHGk2BmFvRKGDJ5e5sqjwO7TVXSLAENYmqeY4g3UafuE2MOxmlTearBe5xF1lGNC7j8qF8fuYUn2Uir3twMbTMHmtDrAhKyTd5.pkg	87d3cfa757de6fce55de12093432200e	UP9000-BCUS98148_00-AVAL03LBPSKY0001			102400	
BCUS98148	US	LittleBigPlanet™ Great Blue Avatar	http://zeus.dl.playstation.net/cdn/UP9000/BCUS98148_00/G7qXmva1EPnke4ee77Vne0ej2CB3mXM9sm9x6EFslp0jV13yBMGiGiW2N8AVeq2eDPRuBqgpplEfLk0H3CgicB6Vwo4xNubXmTe4C.pkg	3a68ca81454cf7e74cd2b82a96000b68	UP9000-BCUS98148_00-AVAL16LBPGREATBL			102400	
BCUS98148	US	LittleBigPlanet™ Gloria Sackgirl Avatar	http://zeus.dl.playstation.net/cdn/UP9000/BCUS98148_00/StWqwSPGWPJYbAToHh0NOKHAJ6tRfDhafC7paOu3l7arS6gYqaCF8AICFKdY4RngI3UBALGEN5OTAhXlsFJ5qM0lqGD1X8uyk8XKL.pkg	1396aa7d49ef34729531f6fb0cf2b0ec	UP9000-BCUS98148_00-AVAL06LBPGLORIA1			102400	
BCUS98148	US	LittleBigPlanet™ Frost-E Avatar	http://zeus.dl.playstation.net/cdn/UP9000/BCUS98148_00/beoQYmGtEavPubdaAjxOjqvR7E33P3hTVSqLQ3AJ0i8XctaP4huyEqlTeYqsD1WggmW7OVkmh5mPR7gNnG8OLVtgwGHkhiuG8S6G0.pkg	58cd6cf3e8fb156f2b47110e41640632	UP9000-BCUS98148_00-AVAL17LBPFROSTE1			102400	
BCUS98148	US	LittleBigPlanet™ Lily Pad Avatar	http://zeus.dl.playstation.net/cdn/UP9000/BCUS98148_00/Nujc7iKVG28FxJasJSxvhDbpNvc2YARDbEr98sScr68DNbg8q7yPSbw9NtMcHUaFOpqo8tjPSJ7Wjt0SGsoQpcL8WGoiHokHUepEm.pkg	957864d2fa278b3bf616098b2166b6a0	UP9000-BCUS98148_00-AVAL19LBPLILYPAD			102400	
BCUS98148	US	LittleBigPlanet™ Characters 1 Avatar Bundle	MISSING	MISSING	UP9000-BCUS98148_00-PS3ST_AVCHARA1BU			0	
BCUS98148	US	LittleBigPlanet™ Festive Avatar Bundle	MISSING	MISSING	UP9000-BCUS98148_00-PS3ST_AVFESTIVBU			0	
BCUS98148	US	LittleBigPlanet™ Planets Avatar Bundle	MISSING	MISSING	UP9000-BCUS98148_00-PS3ST_AVPLANETBU			0	
BCUS98245	US	LittleBigPlanet™ 2 Sackboy Nigeria Fan Avatar	MISSING	MISSING	UP9000-BCUS98245_00-UALITTLEBI000072			0	
BCUS98245	US	LittleBigPlanet™ 2 Algeria Fan Avatar	MISSING	MISSING	UP9000-BCUS98245_00-UALITTLEBI000047			0	
BCUS98245	US	LittleBigPlanet™ 2 Iran Fan Avatar	MISSING	MISSING	UP9000-BCUS98245_00-UALITTLEBI000067			0	
BCUS98245	US	LittleBigPlanet™ 2 Japan Fan Avatar	MISSING	MISSING	UP9000-BCUS98245_00-UALITTLEBI000070			0	
BCUS98245	US	LittleBigPlanet™ 2 South Korean Fan Avatar	MISSING	MISSING	UP9000-BCUS98245_00-UALITTLEBI000076			0	
BCUS98245	US	LittleBigPlanet™ 2 Sackboy Argentina Fan Avatar	MISSING	MISSING	UP9000-BCUS98245_00-UALITTLEBI000048			0	
BCUS98245	US	LittleBigPlanet™ 2 Sackboy England Fan Avatar	MISSING	MISSING	UP9000-BCUS98245_00-UALITTLEBI000060			0	
BCUS98245	US	LittleBigPlanet™ 2 Sackboy Colombia Fan Avatar	MISSING	MISSING	UP9000-BCUS98245_00-UALITTLEBI000056			0	
BCUS98245	US	LittleBigPlanet™ 2 Sackboy France Fan Avatar	MISSING	MISSING	UP9000-BCUS98245_00-UALITTLEBI000061			0	
BCUS98245	US	LittleBigPlanet™ 2 Sackboy Greece Fan Avatar	MISSING	MISSING	UP9000-BCUS98245_00-UALITTLEBI000064			0	
BCUS98245	US	LittleBigPlanet™ 2 Sackboy Uruguay Fan Avatar	MISSING	MISSING	UP9000-BCUS98245_00-UALITTLEBI000079			0	
BCUS98245	US	LittleBigPlanet™ 2 Sackboy World Fan Avatar	MISSING	MISSING	UP9000-BCUS98245_00-UALITTLEBI000081			0	
ULES01505	EU	Gabranth	http://zeus.dl.playstation.net/cdn/EP0082/ULES01505_00/GbnOPixqAFjRdrTPfMZFUFsyupgDohTezIcuqZUoBkpAxjpaairiPebwjSSTmkUt.pkg	768d171850236c38bc73cacca4aea165	EP0082-ULES01505_00-AVDISSIDIA000033			141232	
PCSE00399	US	Danganronpa 2: Goodbye Despair - Nagito Komaeda Avatar	http://zeus.dl.playstation.net/cdn/UP1063/PCSE00399_00/LPUClrYpjBrLUDZZnrPABrwmStmzdhrbELucJgrrwPJuGDaFzYJYFoOkznTMLMyo.pkg	MISSING	UP1063-PCSE00399_00-UADANGANRO000011			122752	
BLUS30585	US	Red Faction: Armageddon Berserker Avatar	http://zeus.dl.playstation.net/cdn/UP1005/BLUS30585_00/OSRJZIUljKJDOUsaTvRMfRxbQWjrsdgtXhvlvUsLFulknWzlliFIxvUyWsCqKWsogrgdPpvnjZqDheTfDzPpRxOoEAHKLwKNpxvbw.pkg	81627a1b8df69fed38ea48e160044d52	UP1005-BLUS30585_00-AVARFARMBERSERKR			116000	
BLUS30585	US	Red Faction: Armageddon Volition Logo Avatar	http://zeus.dl.playstation.net/cdn/UP1005/BLUS30585_00/iSnlXMTVVWbRLbYJSxePBEAkjQviQTLqfdJhztHSyMvaJrjKwnQICyptHZkwrSFouvaLoCEoFXudQxMtPbXeSphgjOcLRemXSWPNW.pkg	915d6d6f03a77464e539227f53015250	UP1005-BLUS30585_00-AVARFARMVOLITION			114576	
BLUS30585	US	Red Faction: Armageddon Darius Profile Avatar	http://zeus.dl.playstation.net/cdn/UP1005/BLUS30585_00/twEYSxcvNLNzMUcXNvPoioqBVtguRlDCBLMLMcdUUPPVtWkUYRLmyxtmqDmOTEnfDLIFOBEfrHEqFVjLwjMxyIBrYlxnjJQwPJIIo.pkg	edcb8319577483a8192d4794173db89d	UP1005-BLUS30585_00-AVARFARMDARPROFL			105712	
BLUS30585	US	Red Faction: Armageddon Kara Avatar	http://zeus.dl.playstation.net/cdn/UP1005/BLUS30585_00/qdMIYddGOuVuqtupeRfNFcTqGDhoFWbRPCpWyLExBzBtgaXuhdtXAFUqbRAvgqgvBVrKBjLZtRmlwIZYuxXbGGTGsqAxfSCvsGXxJ.pkg	a3a8329653f5e66bccb714a9d64bf7f8	UP1005-BLUS30585_00-AVARFARMKARA0000			103040	
BLUS30585	US	Red Faction: Armageddon Darius Nano Forge Avatar	http://zeus.dl.playstation.net/cdn/UP1005/BLUS30585_00/pUlPVXlLZNzBhNwnyjPwWbkIuszqmSPEYFrMjnMivOgGXHarSKkuSYebOgRrqdgipaSMNDQILMBdQdmvEqlFJaVGDVMzZVaBfznDK.pkg	85585f4c03f8fc6cdbc5588b4dd83e1d	UP1005-BLUS30585_00-AVARFARMDNANOFOR			102400	
BLUS30585	US	Red Faction: Armageddon Ravager Avatar	http://zeus.dl.playstation.net/cdn/UP1005/BLUS30585_00/KhNhqppRpfJGTLzecPLNXncZrEohuQuXVTDtiXAPeyzDxwSkXvHYyJCpevVgVCritJmoWbOJvHrNoXaeAaTsOdzuJqEQZkJmsFVQE.pkg	42d52446e10c86ba9157ee1b4f480358	UP1005-BLUS30585_00-AVARFARMRAVAGER0			113568	
BLUS30585	US	Red Faction: Armageddon Rings Avatar	http://zeus.dl.playstation.net/cdn/UP1005/BLUS30585_00/GWcbXCkkEpjbbjGdbKiOoywDuXFVyelhfFCpPQevEUJVFAAPCZKfgdlVGahIjQtCCDYgUpsgeGBYKbFqMUdstiazijDXwmFMxSswM.pkg	4de16347c57178f8add408d7cc19fc7f	UP1005-BLUS30585_00-AVARFARMRINGS000			102400	
BLUS30585	US	Red Faction: Armageddon Rings Branded Avatar	http://zeus.dl.playstation.net/cdn/UP1005/BLUS30585_00/MhAbGLawBJOcVkwSmaVUWdblkHtcIKTwAnGFIYghgnpcpLEMthxdtvSeOhybVDgJfbIDLuGjptoMBvaaNojqUuOVETNLXHDCuYzsO.pkg	f49da71a092f596ed09332b364fb5fba	UP1005-BLUS30585_00-AVARFARMRINGSBRA			102544	
BLUS30585	US	Red Faction: Armageddon Darius Cover Avatar	http://zeus.dl.playstation.net/cdn/UP1005/BLUS30585_00/UmbHrKSYmNUOfadRYwPoJdNcTDkgwXbszEZriRfHohDnFRrataofGlkqFkcAbkiJwvQFtDYtdLQwlTcSTfqYRDNcDxiXdxsGlthQs.pkg	52ae83fcf96750a622fdd90c20625abb	UP1005-BLUS30585_00-AVARFARMDARCOVER			107312	
BLUS30585	US	Red Faction: Armageddon Darius Hammer Drop Avatar	http://zeus.dl.playstation.net/cdn/UP1005/BLUS30585_00/XAZIHVdNURqqfYpPBzljMWbViHQVZryLleKBxJYZdxiCgfqITmktdBUzgESeWkiGkqgTeIoYVXAYutsdZRItmrcCDecfSeBNVrsTP.pkg	d986c8544282cf8420c25967033deefa	UP1005-BLUS30585_00-AVARFARMDAHAMMER			102400	
BLES00680	EU	Colonel Allende Cards	http://zeus.dl.playstation.net/cdn/EP1004/BLES00680_00/FTgJDEzTImAuwyObrLtzOOYhQnSlzpcybFZPHOxEIIXNMqeODdcHoVShZByeGOTO.pkg	158506a3ee8332565c1d1af727a42814	EP1004-BLES00680_00-AVREDDEADR000013			102400	
BLES00680	EU	John Marston #3	http://zeus.dl.playstation.net/cdn/EP1004/BLES00680_00/FTifilpAutHnHYTyBtYIaNQILvnWHJFoNxevWgcMCCdPhwyMRSjbsExlUVGbKjki.pkg	77d95be5fe15c0fec84f812362858492	EP1004-BLES00680_00-AVREDDEADR000014			114304	
BLES00680	EU	John Marston #4	http://zeus.dl.playstation.net/cdn/EP1004/BLES00680_00/DyhTQJTkYSioeMNfZfhusBiFOvnjrtRAqBTJhJSFHVzmOufZydvogvSgmfUUDNhE.pkg	c504b81d00bd954d037556359c1dc2bd	EP1004-BLES00680_00-AVREDDEADR000015			102400	
BLES00680	EU	Walton Lowe	http://zeus.dl.playstation.net/cdn/EP1004/BLES00680_00/YMCEEOCVUXBzzsQrXBDtkfcFMBsUlHKGSuoENyUTLNURIDKuxTeBctUPYwEmAhOE.pkg	6a77a0cdbba77c0a7ff86b5c275b46d8	EP1004-BLES00680_00-AVREDDEADR000012			106336	
BLES00680	EU	Shadow Wolf	http://zeus.dl.playstation.net/cdn/EP1004/BLES00680_00/yNGIyBHrZubmMmdNEYhUxluoDtsYAqbsQmXGskHQCdxTOjtoNptjVVcfFrBVPXLM.pkg	e1ba3d2756e3de322e644cc870805636	EP1004-BLES00680_00-AVREDDEADR000009			110560	
BLES00680	EU	John Marston Avatar	http://zeus.dl.playstation.net/cdn/EP1004/BLES00680_00/XwQzUWYKQUjqxysgjvdjpaXORihxwOmbsZeQFEjykiSOvSqJLnuSlnQTDjWLKhMt.pkg	59337db2e0bbe7763ae1ec30469d00a9	EP1004-BLES00680_00-AVREDDEADR000001			117184	
BLES00680	EU	Bill Willamson Avatar	http://zeus.dl.playstation.net/cdn/EP1004/BLES00680_00/AQrZXBufYLmvHbHoRAFVIjOdUvPZMCjPQxveIcSJRTdzlrqDVNkwitEqRfZLnGuP.pkg	61815159f4e4c26d2fce63ea002e4ee6	EP1004-BLES00680_00-AVREDDEADR000002			108672	
BLES00680	EU	Bonnie MacFarlane Avatar	http://zeus.dl.playstation.net/cdn/EP1004/BLES00680_00/ShxbFrZvstsITYCCDwEzQMskyhiGQtGGXRNFIgsGiFJpVXYGheYPTeMQZKcobmHS.pkg	a696a112198ebed47a663ac738830c1e	EP1004-BLES00680_00-AVREDDEADR000003			102400	
BLES00680	EU	Colonel Allende Avatar	http://zeus.dl.playstation.net/cdn/EP1004/BLES00680_00/UPXRJjpBDVrafboYJBOemcGocQLKqWOMWzjHJmpLYFjIamazUeAUTPYZpFZjdmvF.pkg	9d1c2f7c593321436163aa3adb64174b	EP1004-BLES00680_00-AVREDDEADR000004			102400	
BLES00680	EU	Luisa Fortuna Avatar	http://zeus.dl.playstation.net/cdn/EP1004/BLES00680_00/ecpvOfTPqnioUgOYtuykfLegIsbWYFUMLEApqERvEchGiqYtXGesByaTySLgWnDW.pkg	f603d0148a843ca2deee6f956edc1047	EP1004-BLES00680_00-AVREDDEADR000005			102864	
BLES00680	EU	Edgar Ross	http://zeus.dl.playstation.net/cdn/EP1004/BLES00680_00/wmzxxWRaAaogoHwjbZvguDvInRCWoEIAVLZUDdADcAKiQskPKNcfCPkYzKqYyPAm.pkg	b312c59776a777a1aa743f15cc71960d	EP1004-BLES00680_00-AVREDDEADR000007			102400	
BLES00680	EU	Colonel Allende Cigar	http://zeus.dl.playstation.net/cdn/EP1004/BLES00680_00/SEeAtrArXwklwQvCdsqmGqLXTkudCgmzIfeVtSeKNTbftcQjURtOVxRxhkLbEGPv.pkg	4fbfe5c9c9903ffe3e2880ac37355473	EP1004-BLES00680_00-AVREDDEADR000008			102400	
BLES00680	EU	Stronghold	http://zeus.dl.playstation.net/cdn/EP1004/BLES00680_00/XxLDfKFNqJckyMzjVgVYTtaQXStJwNwtluDiMycNWgBIseGkzWMJoumYizTOzvUj.pkg	063c168203efece8f98f87bec7956f27	EP1004-BLES00680_00-AVREDDEADR000010			135584	
BLES00680	EU	Pig Josh	http://zeus.dl.playstation.net/cdn/EP1004/BLES00680_00/InzYGveThbYICGhaAxkayiBxdfVmoScSgTFnAGGUgLzVMApCwIrhhZHbYdTHfhUG.pkg	15e49cc27d489435e85871df9678c9be	EP1004-BLES00680_00-AVREDDEADR000011			135280	
ULES01505	EU	Bartz Klauser	http://zeus.dl.playstation.net/cdn/EP0082/ULES01505_00/rScIyAywkuuyVnGAkatRmnAYwtngxxVIUlfXjiMpogKwuctGaqUKmhRasFmNtptJ.pkg	4be4c7075e7b016ade865c536d0c784f	EP0082-ULES01505_00-AVDISSIDIA000018			111744	
ULES01505	EU	Cecil Dark Knight	http://zeus.dl.playstation.net/cdn/EP0082/ULES01505_00/HKbZQdvZYsCpYDLzUIDNteLBjAQxmXVPWNaVCTtMgyPKFCTpMUwvQwcHQQhcrLCN.pkg	684aa1b38ef0cfed13b5686911903227	EP0082-ULES01505_00-AVDISSIDIA000017			106912	
ULES01505	EU	Chaos	http://zeus.dl.playstation.net/cdn/EP0082/ULES01505_00/onFgEjmzwboViyivPZEuFmgnGKjjzKmaalDMNPKoqTwEejeGjmxANjvthNQUhElx.pkg	d8b4f4bf80ee6037f966688fc7e27d9d	EP0082-ULES01505_00-AVDISSIDIA000034			115824	
ULES01505	EU	Cosmos	http://zeus.dl.playstation.net/cdn/EP0082/ULES01505_00/dQcXgfeNYtrTzHiMFTSkGDBhdHSxpUmQLrBgwlTLVcgJXPhkTmSeLDHCRVCIPzoJ.pkg	f1a7fd5bd78cf910ecf9dd38f749e96c	EP0082-ULES01505_00-AVDISSIDIA000030			139152	
ULES01505	EU	Cecil Paladin	http://zeus.dl.playstation.net/cdn/EP0082/ULES01505_00/UYtROxtEZPTMiYFgOmGzYXOCcdlRlIKhrykVeNnDlLDWtnPObLNXnQPHOBOikRDO.pkg	6f1f0546374ea384bf7ab43514ff7d90	EP0082-ULES01505_00-AVDISSIDIA000016			147024	
ULES01505	EU	Garland	http://zeus.dl.playstation.net/cdn/EP0082/ULES01505_00/uQAeHEVxNzPpZMWTXTuhCOmjUzQtZYhzkkmgKydVadCuvvHGdckPrwDMNMsOsIst.pkg	4398b7a7856c39bfc68f29e0f271f015	EP0082-ULES01505_00-AVDISSIDIA000003			134352	
ULES01505	EU	Firion	http://zeus.dl.playstation.net/cdn/EP0082/ULES01505_00/SwJfUHuzGsOnGkfGexkyZFjgmDZgoNFDkuJQAMKyituRGoSJDzJZndtuoXBJBwWt.pkg	8f5f32c0cdcba3570afd92347702bb2d	EP0082-ULES01505_00-AVDISSIDIA000014			133488	
ULES01505	EU	Cloud of Darkness	http://zeus.dl.playstation.net/cdn/EP0082/ULES01505_00/GvWeEmaeNQXWplatSgeyNxgrbyedmKeRGTggeJkDjgninkONsAGonrRMNmFZmsjQ.pkg	8aa7bbb5280e728984c21a318da1899a	EP0082-ULES01505_00-AVDISSIDIA000005			145536	
ULES01505	EU	Golbez	http://zeus.dl.playstation.net/cdn/EP0082/ULES01505_00/wqLMfuctanXmRgyxiZeDIdDavyWchtnBJejRcNldIkNLqJNpYCwMEfwIcvGLpLpe.pkg	2b55a46d36a5c679b5cc0cd8eab38188	EP0082-ULES01505_00-AVDISSIDIA000021			128064	
ULES01505	EU	Gilgamesh	http://zeus.dl.playstation.net/cdn/EP0082/ULES01505_00/tddcYCWDFvwySzrDKmmhLmhubaUilsUgojdubHKrbTAOPfWGBviRrXiuuAvXnqHV.pkg	5b183c08f19461c8b42e3810483c8f86	EP0082-ULES01505_00-AVDISSIDIA000001			137872	
ULES01505	EU	Exdeath	http://zeus.dl.playstation.net/cdn/EP0082/ULES01505_00/FlefgQeHsKIZjECrOywCDWxblIHhPUbFLTtwFGiOUsLOdFDOxWEpPTpQwaWUBTiR.pkg	71010e6e91c608efe23d43805af0ab8f	EP0082-ULES01505_00-AVDISSIDIA000022			133408	
ULES01505	EU	Laguna Loire	http://zeus.dl.playstation.net/cdn/EP0082/ULES01505_00/hjhngxuPzTemhhkFdddRsFFkpRXfIIhivdwYejVZLSYjGHeotiRfVqBJZzgixKEC.pkg	fdbb1769261f16d3d0b605b9213cef5a	EP0082-ULES01505_00-AVDISSIDIA000009			135520	
ULES01505	EU	Jecht	http://zeus.dl.playstation.net/cdn/EP0082/ULES01505_00/jLbnskpKAejUMXGfpPgXqNoieFuyPkuLYrtLYCcLIBtDqIjmJSjnAtPHOJohDQrW.pkg	e7468b3782eb41c87256f9ea1ef65811	EP0082-ULES01505_00-AVDISSIDIA000032			126688	
ULES01505	EU	Kuja	http://zeus.dl.playstation.net/cdn/EP0082/ULES01505_00/tXhbqMnQbpbzdTpShJZFCmSUetizHpPZmAsmldVBFcoAVaqUDvVdxDTsWiDoEnDo.pkg	d76cf533be6201cd8506511388c46095	EP0082-ULES01505_00-AVDISSIDIA000031			133216	
ULES01505	EU	Onion Knight	http://zeus.dl.playstation.net/cdn/EP0082/ULES01505_00/LGyQUVQaGgyUELndiwZikMJCqGmflzEAfZqXFGTzckwQcCVHmHVJeKqCsKVuSyeF.pkg	85ca3265fd64f41c34d3fdc7fc4e8295	EP0082-ULES01505_00-AVDISSIDIA000015			143248	
ULES01505	EU	Shantotto	http://zeus.dl.playstation.net/cdn/EP0082/ULES01505_00/HcFDFrleBKEVPdQVOdYUUgKlmDHLVJXsfwWOAXRRPkyIzsWzstxVlCWfPxwPQSWE.pkg	5745f1b0f30136c3fa7d2e42fab82fec	EP0082-ULES01505_00-AVDISSIDIA000029			102400	
ULES01505	EU	Prishe	http://zeus.dl.playstation.net/cdn/EP0082/ULES01505_00/lKfLNrrmefEbJfvTGaFWbDJxdYgrfWjmkonFaYDGzCpdDpUYQGcwfKCXCrsrtToI.pkg	3add9d607820e2b1d501a073388917d6	EP0082-ULES01505_00-AVDISSIDIA000012			102400	
ULES01505	EU	Kefka Palazzo	http://zeus.dl.playstation.net/cdn/EP0082/ULES01505_00/EeCDOywWlTdxOkKDuujsqHnqtStpFBdrWrTubbWTVwhzKJkeVJlpFvnZgcxLLCyp.pkg	234821ecba2e4ec2cfa2f803a33aba17	EP0082-ULES01505_00-AVDISSIDIA000023			137200	
ULES01505	EU	Tifa Lockhart	http://zeus.dl.playstation.net/cdn/EP0082/ULES01505_00/ARShrGGRNwOuNiiLopqsSVBdUWrnBZkuFlXThZjcrTtvWlccFdLzyYpXqBbCPXXO.pkg	7d156ecbacf5d688fbb9789b964f9ead	EP0082-ULES01505_00-AVDISSIDIA000008			107632	
ULES01505	EU	Yuna	http://zeus.dl.playstation.net/cdn/EP0082/ULES01505_00/nnxBiRspUUmdwxIMpaEVwSDabHNZHQGSkMGvuKZkFRHrdYFllGADQIKpatULJdZi.pkg	681e601927c17220aa953547089d0ead	EP0082-ULES01505_00-AVDISSIDIA000011			112112	
ULES01505	EU	Terra Branford	http://zeus.dl.playstation.net/cdn/EP0082/ULES01505_00/tnOhchlVkuLxgkOjnQUdYfgCqgTyZgWPFvbtkwwOZLfWwSLKXmVXooTbVdTeNlAh.pkg	d1734e51264fc64b3f94b04d18d35534	EP0082-ULES01505_00-AVDISSIDIA000019			135328	
ULES01505	EU	Zidane Tribal	http://zeus.dl.playstation.net/cdn/EP0082/ULES01505_00/zzoipjujxeQKiDSNTCpFKaMMbNGUaKbNRfoczixalreRfzhHxpRnOOzAkHvKeKrV.pkg	b50b4c205d2bf4479ed5203b3a26344d	EP0082-ULES01505_00-AVDISSIDIA000027			108112	
ULES01505	EU	Warrior of Light	http://zeus.dl.playstation.net/cdn/EP0082/ULES01505_00/QAalMnrGVliYWGBpRHzrFwZhzkcHicBxNEdqWBtrivRwtpwvcpVGIAawthdqIwTX.pkg	927a066eee28c2ddc90aebb25dbb5a6f	EP0082-ULES01505_00-AVDISSIDIA000013			132224	
ULES01505	EU	The Emperor	http://zeus.dl.playstation.net/cdn/EP0082/ULES01505_00/FkdtpigiltjOUtbXKdwjHsMWpKDnWZcyfQRzToTLuppDKiTpZiQhoQcrPCcBLHRu.pkg	5dc7a6e6a8694b346c66214ab5a5bc62	EP0082-ULES01505_00-AVDISSIDIA000004			153424	
ULES01505	EU	Tidus	http://zeus.dl.playstation.net/cdn/EP0082/ULES01505_00/AjIRtQzNzTSkzbZfnyrqKTjhpypQMkSSpbaHIjcPXZguTammerWOveXGWAdyDtUA.pkg	6f697e9040aa0259c0834f605fd33d2b	EP0082-ULES01505_00-AVDISSIDIA000028			116880	
ULES01505	EU	Ultimecia	http://zeus.dl.playstation.net/cdn/EP0082/ULES01505_00/RmQDOQDywjUNfkchSYWwnAPJXpePqwYhzlhTraCucATtLdOLrtlIBeLevRMRYYlO.pkg	6294c681c07ce753c149733d9c46cbd6	EP0082-ULES01505_00-AVDISSIDIA000025			142576	
NPHP00143	ASIA	Katamari Damacy The Prince (Original) XMB™ Premium Avatar	http://zeus.dl.playstation.net/cdn/HP0700/NPHP00143_00/NGoDpwOFXTMNAOnIfNiXjecjzVQWxqSifObMPaRuGMPiPWlHrPChYcnJezoFhZGjXzyxmiQhqrVRyMMXGFOzCaRCdhlkZBSltUlzI.pkg	7e1f651590e95735b43fc74929b52535	HP0700-NPHP00143_00-AVATAR1201K00000			102400	
NPHP00143	ASIA	Katamari Damacy The Prince (Felt-Tip Marker) XMB™ Premium Avatar	http://zeus.dl.playstation.net/cdn/HP0700/NPHP00143_00/nUaSwPFZiogCmxnSvdIeeMjtiiJJuIVVTtXlDOqpHqVFLVLkgnsdKFdnKotcxtvZjuLCuxTKjcSFNzCRSuuesRKUidFXUsdNPedVA.pkg	0b15299b1845e9f03172c8e1b7afeb3d	HP0700-NPHP00143_00-AVATAR1201K00001			102400	
NPHP00143	ASIA	Katamari Damacy The Prince (Color Pencil) XMB™ Premium Avatar	http://zeus.dl.playstation.net/cdn/HP0700/NPHP00143_00/ckxfyIFgpwIAkDzlHtQcvqglSHYsmNZSaZDiCuLIishMdmTsZSuOKLpjCAImUGYEVLlnwkszhmnOolAilDtXvGwOSzoAbeYJCuzdf.pkg	0287919af3cdd172e52f4129fb9eb20d	HP0700-NPHP00143_00-AVATAR1201K00004			117328	
NPHP00143	ASIA	Katamari Damacy The Prince (Semi-Real) XMB™ Premium Avatar	http://zeus.dl.playstation.net/cdn/HP0700/NPHP00143_00/XJBdRLLbyASEAZPrwJeTdedJWWTjFLtUhtkEDIwOaqpMwFoZPPPhMAvfKSbjgjgKzVjfPYaPoXUYBOJAzPDiTYXZiurnnvKMAxrhp.pkg	332458d00da87c52aa35f65ed1eb8a62	HP0700-NPHP00143_00-AVATAR1201K00002			102400	
NPHP00143	ASIA	Katamari Damacy The Prince (Felt Material) XMB™ Premium Avatar	http://zeus.dl.playstation.net/cdn/HP0700/NPHP00143_00/hyiphdTAyylYNNCYlXSJTYcPBwEakVDIourlRtPgsKmzceuyaexRZHJnKaxFDPmyEkbryfvOXFUKpcTxkxXvwKwKiOcWrvWRMPkZd.pkg	be5c78763871bd1464fa5b00832d8be5	HP0700-NPHP00143_00-AVATAR1201K00003			112096	
BLES01807	EU	Beach Weather Avatar	http://zeus.dl.playstation.net/cdn/EP1004/BLES01807_00/fhgVdQZxbfWnrDoJfLOPsxYBQxHXmrcuKtSlkYqTJhKXoIeIczgEQUZbZMnHyRbc.pkg	54bb05b03d24363e4c77695bd06f0485	EP1004-BLES01807_00-AVGRANDTHE000001			123232	
NPEB00130	EU	Anne Stokes: Protector 2015 Avatar	http://zeus.dl.playstation.net/cdn/ET0001/NPEB00130_00/ET0001-NPEB00130_00-AVDISRUPTI001367_bg_1_9bf8c6db5dcf00edcb6429acbb37f91253cb8a6d.pkg	48003530860712ad99f86e18e75b1045	ET0001-NPEB00130_00-AVDISRUPTI001367			128800	
BCUS98177	US	Sports Champions™ Kenji Avatar	MISSING	MISSING	UP9000-BCUS98177_00-AVASPCHAMPIKENJI			0	
BCUS98177	US	Sports Champions™ Rin Avatar	MISSING	MISSING	UP9000-BCUS98177_00-AVASPCHAMPIONRIN			0	
BCUS98234	US	Killzone®3 Avatar Bundle 1	MISSING	MISSING	UP9000-BCUS98234_00-AVAKZONE3BUNDLE1			0	
BCUS98234	US	Killzone®3 Avatar Bundle 2	MISSING	MISSING	UP9000-BCUS98234_00-AVAKZONE3BUNDLE2			0	
BCUS98234	US	Killzone®3 Avatar Bundle 3	MISSING	MISSING	UP9000-BCUS98234_00-AVAKZONE3BUNDLE3			0	
BCES01007	EU	Stahl Avatar	http://zeus.dl.playstation.net/cdn/EP9000/BCES01007_00/ZgXFFUkunOGPyrJVGlUQxanylRMwQNSEwfWHnRfcJESauQfMfaMDVpdwdOJvpfOc.pkg	MISSING	EP9000-BCES01007_00-AVAKZ3STAHLXXXXX			102400	
BLES00933	EU	Cole Phelps	http://zeus.dl.playstation.net/cdn/EP1004/BLES00933_00/LelumGOxpVviLzxlyRZODUveeVFNnKDyLwFMkJGTwefVhIGLcEFQdtDUrCAnumYv.pkg	MISSING	EP1004-BLES00933_00-AVLANOIREX000014			108400	
BCUS98177	US	Sports Champions Giselle Avatar	MISSING	00de0f00	UP9000-BCUS98177_00-AVASPCHAMPGISELL			0	
BCUS98242	US	MOTORSTORM® APOCALYPSE (TM): Ms. Austin Avatar	MISSING	MISSING	UP9000-BCUS98242_00-AVAMOTOAPMSAUSTN			0	
BLUS30521	US	Tom Clancy's Ghost Recon: Future SoldierΓäó Ghost 11 Avatar	http://zeus.dl.playstation.net/cdn/UP0001/BLUS30521_00/dXNdNPqbvBTIbiPndiWMqtPCXYroHkDyaKlZNqOSDBKBBcyyynHAzoCeBPlRMeFjGRZgqfDGpmsiFEiFPdIMXmusrrsKKdJpygUoL.pkg	MISSING	UP0001-BLUS30521_00-AVAGTFSGHOST0011			121008	
NPEB01320	EU	AVATAR LIFE HAS NO CTRL ALT DEL - BLACK	http://zeus.dl.playstation.net/cdn/EP4067/NPEB01320_00/EP4067-NPEB01320_00-AVPOPULUSM004126_bg_1_dc0dd26b41e77becee5abd1973f4886cad9070a7.pkg	59ae2d55e83f3d484bb29511839f549b	EP4067-NPEB01320_00-AVPOPULUSM004126			102400	
BCUS98177	US	Sports Champions Beach Volleyball Avatar	MISSING	MISSING	UP9000-BCUS98177_00-AVASPCHAMPBEACH2			0	
BCUS98177	US	Sports Champions Kat Avatar	MISSING	MISSING	UP9000-BCUS98177_00-AVASPCHAMPIONKAT			0	
NPUB30096	US	UNKNOWN TITLE	http://zeus.dl.playstation.net/cdn/UP0101/NPUB30096_00/QqVnQtWWvFBBSxMWgVBPwnqAhJfdFwVkGVYpyfDNLrdfGYdzyZqUzwMkzoIzBaALlkzDLskvRZfULERZZWthqQTnbFhFCwvYzQEem.pkg	MISSING	UP0101-NPUB30096_00-AVAHCUSAYURI0000			102400	
BLUS30735	US	UNKNOWN TITLE	http://zeus.dl.playstation.net/cdn/UP1063/BLUS30735_00/KyrNZtEwyTJpVQITkLjMcsEvhMFbhBIxNpupOVmbotcMAuagUVSEBqtYUclPYHzJfUUQVJZuiCDffNSvUPmAXmUdWFvwHkrTbxNha.pkg	MISSING	UP1063-BLUS30735_00-AVAATELSTERK0000			102400	
BLES01701	EU	Remember Me Memorize Avatar 2	http://zeus.dl.playstation.net/cdn/EP0102/BLES01701_00/NylIjxccxXPvZQFfFbgJWRamvHaLUvNPGVXRkjXCqJeagpakcpsFcbccXTpKzstB.pkg	f2a54ddcb2bac160566a152c3365d5e0	EP0102-BLES01701_00-AVREMEMBER000008			102400	
BLES01701	EU	Remember Me Memorize Avatar 3	http://zeus.dl.playstation.net/cdn/EP0102/BLES01701_00/eVpwtWQARtSBxvkqClZkThAsneljkzhJFzQnLEyUrtDpHqBIAycOxznPWBtJiexM.pkg	f3e8386e1184ee9b288b24cc2ad3ecfc	EP0102-BLES01701_00-AVREMEMBER000009			103328	
BLES01701	EU	Remember Me Nilin Avatar 1	http://zeus.dl.playstation.net/cdn/EP0102/BLES01701_00/iZUWSJwvCyWxXapxbKDpYeSHjTJHLzFnKNFUOoRfdwOEHAeeeNZifRFNwfpiFUux.pkg	3e6739f5b50758994610ee87d0a01c64	EP0102-BLES01701_00-AVREMEMBER000001			102400	
BLES01701	EU	Remember Me Nilin Avatar 3	http://zeus.dl.playstation.net/cdn/EP0102/BLES01701_00/znkbYNNnoWjwcgMlVcYlYCjqGzXgZagwzZOyZUYjEjqUdcFuWywDLpzJdqslKtyn.pkg	0b6dfd9fc9b44b4996e91665a2a3f4ba	EP0102-BLES01701_00-AVREMEMBER000003			102400	
BLES01701	EU	Remember Me Neo-Paris Avatar 3	http://zeus.dl.playstation.net/cdn/EP0102/BLES01701_00/xRKSlUFIVcILhHZiFbOUGiiRjynsEiYXaoysZLebrDULwUzyNKEkvmAGeiJXYceX.pkg	0d1a72c4245e59871171a29e0d3850d9	EP0102-BLES01701_00-AVREMEMBER000006			104880	
BLES01701	EU	Remember Me Memorize Avatar 1	http://zeus.dl.playstation.net/cdn/EP0102/BLES01701_00/wZdIXnqtwFTvbhWEQMcExqyzhyyTogLDsFiMpaZVsAgseSAHtvwVkziVGuXwsSdV.pkg	b21beb558bdda6dfb0063fc697d4d043	EP0102-BLES01701_00-AVREMEMBER000007			102400	
BLES01701	EU	Remember Me Neo-Paris Avatar 1	http://zeus.dl.playstation.net/cdn/EP0102/BLES01701_00/mzmznOaJLwNaZrHLmIYMxrFyKrUdEacjdTnBqUbPALFXQWRqYHVfjnpvzZmjtnBQ.pkg	e21ee233ae7f88bc01a544b2d8bc9f13	EP0102-BLES01701_00-AVREMEMBER000004			102400	
BLES01701	EU	Remember Me Neo-Paris Avatar 2	http://zeus.dl.playstation.net/cdn/EP0102/BLES01701_00/hpCoIlpJEIYzWJtKxbYLtIHHmPnMCAnEiQmWPMNSkUrbawtwEPWMwBkxHWfxPTWQ.pkg	a6d792a14330b3068af400edc280af05	EP0102-BLES01701_00-AVREMEMBER000005			102400	
NPEB01066	EU	Grave 1 Avatar	http://zeus.dl.playstation.net/cdn/EP4037/NPEB01066_00/gxkIjAJLMacKVJZvRmfXvzZtchKPZVbtLAoaTdAzSgjKwPboORYELPSUFlkgeGBZ.pkg	2395f5530a58e5799b7604de0d29eead	EP4037-NPEB01066_00-AVGUNGRAVE000001			102400	
BLES01807	EU	Grand Theft Auto V Logo 2 Avatar	http://zeus.dl.playstation.net/cdn/EP1004/BLES01807_00/NomQlWjLwLVltIXpLrmBTNVxjlGxUtuvAZWdCAvSzFBzzYwjVBNZwfWIMjhQVKBa.pkg	833b1721e6465aaba9055af8ef696003	EP1004-BLES01807_00-AVGRANDTHE000006			102400	
NPUB30152	US	SPELUNKER HD AVATAR - BAT	http://zeus.dl.playstation.net/cdn/UP2038/NPUB30152_00/NuEJssbBkKwYKZbLFoVcdNrIrHToCiUMWrmizzjeWDwtHxqphSWGreUnOFHqEQBO.pkg	67f0aeb9da60946d9170ef06c0e178ee	UP2038-NPUB30152_00-UASPELUNKE000006			102400	
NPUB30152	US	SPELUNKER HD AVATAR - STATUE	http://zeus.dl.playstation.net/cdn/UP2038/NPUB30152_00/NEDPjBXLMXDyXzvDdJpygYykGURVxqnGgdfcbTrAoPrbpjOOytDkAwRlBtrDYLGe.pkg	f0b5cfe293af1ec799059ba2dd95f79b	UP2038-NPUB30152_00-UASPELUNKE000007			102400	
NPUB30152	US	SPELUNKER HD AVATAR - SPELUNKER HEAD	http://zeus.dl.playstation.net/cdn/UP2038/NPUB30152_00/eCTyRtZflvaSubFrsVQiaLnxoEiPLPlVTmVWoxDIrQyWedXLctHhrmkmtVuhhkeu.pkg	7830c5bf0232f47a9d907b5d26e0c022	UP2038-NPUB30152_00-UASPELUNKE000004			102400	
NPUB30152	US	SPELUNKER HD AVATAR - GHOST	http://zeus.dl.playstation.net/cdn/UP2038/NPUB30152_00/HgbErKdbIFlnHnBkbyVNustNtOlsNqrCZCFvrUEAiRBudGHpDCHYbYcxYOrXDWOx.pkg	468bc26c21422c9383bf61138e28e112	UP2038-NPUB30152_00-UASPELUNKE000005			102400	
NPUB30152	US	SPELUNKER HD AVATAR - ENERGY	http://zeus.dl.playstation.net/cdn/UP2038/NPUB30152_00/aNFZjYzCRZKZfFAKyxsUOLfBvSdPpLWJdsSpoBTZbFnZZAQSbNjYSWJtDvimUCFM.pkg	bd270ebbc311a2f44b86e46026df1669	UP2038-NPUB30152_00-UASPELUNKE000008			102400	
NPUB30152	US	SPELUNKER HD AVATAR - FLARE	http://zeus.dl.playstation.net/cdn/UP2038/NPUB30152_00/hLKHTjqXNSoRFSmIIMNNqKZkXHABCtanJzRQSakuVhrwHIYEeGHESSGOqemVNwaB.pkg	06124a44fb9fa4a62539dd46e267c374	UP2038-NPUB30152_00-UASPELUNKE000009			102400	
NPUB30152	US	SPELUNKER HD AVATAR - BOMB	http://zeus.dl.playstation.net/cdn/UP2038/NPUB30152_00/BryDtIyPeCalBIJtrpOTqbTznKOjycrpxsWlIZrECWSURvybvWQooCijFYGOskQI.pkg	b22cc96f323bf17a12a87a0c0883296f	UP2038-NPUB30152_00-UASPELUNKE000010			102400	
NPUB30152	US	SPELUNKER HD AVATAR - SPELUNKER WALKING	http://zeus.dl.playstation.net/cdn/UP2038/NPUB30152_00/htiVeUObilScVFarwcBcVJHsFlJvUvlMqBgcMvBZznuwRSzLOZfLPCCiMRfKwIbe.pkg	4cd3dd93cfe44b6c1c01811b90321dbf	UP2038-NPUB30152_00-UASPELUNKE000002			102400	
NPUB30152	US	SPELUNKER HD AVATAR - SPELUNKER SHOOTING	http://zeus.dl.playstation.net/cdn/UP2038/NPUB30152_00/HRTAYroYCJWchrzeHzOuNMQOLVRXcwcaEfgSYLaqbsJWCeMlCHGoVETMgXvqAflW.pkg	a3cc9a39b209a41b128d622b08f5118c	UP2038-NPUB30152_00-UASPELUNKE000003			102400	
NPUB30152	US	SPELUNKER HD AVATAR - POWERUP	http://zeus.dl.playstation.net/cdn/UP2038/NPUB30152_00/dRmUxfExRXeKLowQQMIssCVQEAjfKGFSeAHkjalEpvBfShGNpescpNHUGGlPlPjy.pkg	64ff7857043d2f944b1de27db9c398b9	UP2038-NPUB30152_00-UASPELUNKE000011			102400	
NPUB30152	US	SPELUNKER HD AVATAR - SPELUNKER	http://zeus.dl.playstation.net/cdn/UP2038/NPUB30152_00/oMekHNYUSlKkKyutnGcCKuKyDfOhvjucXryHOrUSoQPikxtMecVqYRHGbHFOUNVt.pkg	8b2d6fe5278c5749618242a10723e49e	UP2038-NPUB30152_00-UASPELUNKE000001			102400	
NPUB30152	US	SPELUNKER HD AVATAR - TITLE LOGO	http://zeus.dl.playstation.net/cdn/UP2038/NPUB30152_00/lMZDAymhbNFJHHyitIDLmnicyUMwsOJlcYAANZJiwCHVOcuWXmveDrAXeAZNEVGN.pkg	a9514cc881443528ee54b17a21baed46	UP2038-NPUB30152_00-UASPELUNKE000012			102400	
BLES01342	EU	Professor Genki Avatar	http://zeus.dl.playstation.net/cdn/EP1005/BLES01342_00/NORgmRanbMcAIfcieDKIOvjCQIvSdtBIzTIYhckMOSubzcsegaMbWqOQWQbLlwhP.pkg	88562c4a516a242ee6d89cb6ee3564c9	EP1005-BLES01342_00-AVSAINTSRO000002			102400	
NPEB01320	EU	AVATAR I LOVE ZOMBIES - BLACK	http://zeus.dl.playstation.net/cdn/EP4067/NPEB01320_00/QhyViqYskMXnxAwngLgznLskamarhVUktIKLTBCXhZrjgDTSIRWbYBsJmNFTIMkd.pkg	15589b9890dcd10d996da6e83bf2a8c2	EP4067-NPEB01320_00-AVPOPULUSM001041			102400	
NPEA00107	EU	Gangsta Rapper Avatar	http://zeus.dl.playstation.net/cdn/EP9000/NPEA00107_00/yjJwCaMHXtMHrXyKkM9JuXFqYXiuD4CqW4T1WLr3OH3tblvA6yr8CnHD1a98C9FB.pkg	169ae9707a23419eace6374cd349395b	EP9000-NPEA00107_00-AVACRASHCOMGANGS			102400	
NPJB00289	JP	「オリジナル版」プレイヤー	http://zeus.dl.playstation.net/cdn/JP0045/NPJB00289_00/CrGZRVoesiUOAcSVycupgAkwcLsPJVkNcwQXTHxeoniIzXHiFZzpxNarGInByJoi.pkg	4ce6e5a560e1c0d7625fd4323a2d6936	JP0045-NPJB00289_00-AVATAR1303000001			102400	
NPJB00289	JP	「オリジナル版」トロッコ	http://zeus.dl.playstation.net/cdn/JP0045/NPJB00289_00/nRhoGLTjCQRNahvmfgsSBdPystlgGZPDronCpDhNaYwJONzcRFxlOuZIBtUcKrXg.pkg	b2d7e9b155151f716284612707b380d6	JP0045-NPJB00289_00-AVATAR1303000002			102400	
NPJB00289	JP	「オリジナル版」ゆうれい	http://zeus.dl.playstation.net/cdn/JP0045/NPJB00289_00/QSBUYCncAIJIWwWhMVBuDcqzQkMOsWzzqCwrWhfQcPVbNkZcNQpodwZBmXtfREFB.pkg	dfcc88c9cb88577fc13d5ca993ead901	JP0045-NPJB00289_00-AVATAR1303000003			102400	
NPJB00289	JP	「コンソール版」プレイヤー（倒れる）	http://zeus.dl.playstation.net/cdn/JP0045/NPJB00289_00/vtbFeIfaIQocOXimUAUwCvaOgxASaJTPqcEEAvuioWIURiALBEMbhaWDrYjIkpUl.pkg	881f760a9ed55f934ef35f47ee7f2be6	JP0045-NPJB00289_00-AVATAR1303000005			102400	
NPJB00289	JP	「コンソール版」プレイヤー（バンザイ）	http://zeus.dl.playstation.net/cdn/JP0045/NPJB00289_00/bWtWHGsEtwQFxTbeoLLvqySPyEjlFyQwlmRZehTQbGNpQdKZAyuBlNFDDrLWqZgA.pkg	0571e29fc03dca8dbfd77d3d5ed570de	JP0045-NPJB00289_00-AVATAR1303000004			102400	
NPJB00289	JP	「コンソール版」トロッコ	http://zeus.dl.playstation.net/cdn/JP0045/NPJB00289_00/HgpqqgkkedDLtvZFWOOSVhpBxsPkbRcxuZMcbEoxaluemwHfsSBFUUkHUMEbnLXN.pkg	2ef06ddb4a25dbf2b594d6daa22d9c41	JP0045-NPJB00289_00-AVATAR1303000006			102400	
NPJB00289	JP	「アーケード版1」プレイヤー	http://zeus.dl.playstation.net/cdn/JP0045/NPJB00289_00/AnGzUftnMAAgDZKYGjALbabNrhRgNjDwEOOYrAsFGEABDFkKMrVZPfSnGXywZuKh.pkg	366b48f1b1d40e536af93cba43b61aa4	JP0045-NPJB00289_00-AVATAR1303000007			102400	
NPJB00289	JP	「アーケード版1」プレイヤー（落ちる）	http://zeus.dl.playstation.net/cdn/JP0045/NPJB00289_00/XHOZtUGPIzikFPhsWAKFwcZkedjnZkkvOMCbvVXVMPWEiXIgJhtnFMZAtvjwvrCm.pkg	d3402c0be068a05ed65ca7936754ae82	JP0045-NPJB00289_00-AVATAR1303000008			102400	
NPJB00289	JP	「アーケード版1」ゆうれい	http://zeus.dl.playstation.net/cdn/JP0045/NPJB00289_00/RJwVkKhJYkpKFjtqiVGUKmcnSSSoOoiSmbLqqjgtcpCMsnNYJsGzZKgoKZCKsPPi.pkg	e15d4a98268c100b0b671a9f74f24a0f	JP0045-NPJB00289_00-AVATAR1303000009			102400	
NPJB00289	JP	「アーケード版2」プレイヤー（スケボー）	http://zeus.dl.playstation.net/cdn/JP0045/NPJB00289_00/GMQxRqSaonEvelzIjbqNojYfGyBVNZPDVdmJQXIKbAHrNKSIwUjDgRxssmzPMXvv.pkg	7ba98e8079aa9805cef78a62a0967f1b	JP0045-NPJB00289_00-AVATAR1303000010			102400	
NPJB00289	JP	「アーケード版2」プレイヤー（スキューバ）	http://zeus.dl.playstation.net/cdn/JP0045/NPJB00289_00/mAwnPPGCCzVoIjfHAaMsPiPRdwZxBnMMfyhVkYqLMUoeENfcGOPXGSJKWDtDSnZg.pkg	76817cd0a813d0c2230c457775398975	JP0045-NPJB00289_00-AVATAR1303000011			102400	
NPJB00289	JP	「アーケード版2」ゆうれい	http://zeus.dl.playstation.net/cdn/JP0045/NPJB00289_00/EscnGLbEOqVbvBHtwwpLQqfNiKDsUyHYnRBqCFgLEOrSJcJuXBdPFkRcdiXjsNMF.pkg	bda343e9694403436e5ad96dcf59eab2	JP0045-NPJB00289_00-AVATAR1303000012			102400	
NPJA00113	JP	UNKNOWN TITLE	http://zeus.dl.playstation.net/cdn/JP9001/NPJA00113_00/YVKHiDJVjSfPohqzWfCWLeKdoPkOOvEaJALRtYeZgFXlpCGujquhdkSqHwOboAjs.pkg	MISSING	JP9001-NPJA00113_00-AVATAR1310000001			102400	
NPJA00113	JP	UNKNOWN TITLE	http://zeus.dl.playstation.net/cdn/JP9001/NPJA00113_00/yzYMwbYrrLoscEIVzaShwIWuBZAsZEtqfUoVTfZVHQBnyebPbgrXJSyTwHquQEiV.pkg	MISSING	JP9001-NPJA00113_00-AVATAR1310000002			102400	
NPJA00113	JP	UNKNOWN TITLE	http://zeus.dl.playstation.net/cdn/JP9001/NPJA00113_00/yPPuTuAotklFjfXSFbrUIXmeTWuZBQHAdIrpKkMPXaMrZFlWccMbJYthKmEmhOyK.pkg	MISSING	JP9001-NPJA00113_00-AVATAR1310000003			102400	
NPJA00113	JP	UNKNOWN TITLE	http://zeus.dl.playstation.net/cdn/JP9001/NPJA00113_00/DtCJIJALLQNHHJVDsmMtzaATStzlqUFVSVhSKdCfrabTvmyQqfFMebJCAaLSNprF.pkg	MISSING	JP9001-NPJA00113_00-AVATAR1310000004			102400	
NPUO00020	US	PlayStation®Plus Green Hat Penguin Avatar	http://zeus.dl.playstation.net/cdn/UT0016/NPUO00020_00/tAIBUtnPXMlkusIkZSHrYUBTnxgLBPPxQhGgoCiuipzyFaaEhFUtuyXnzowxMpkHtBtjJXhSiTOGEuYQBCVmEJHTZRIIKCgKvhwKc.pkg	90c267eb00368487f7493824757c4d4b	UT0016-NPUO00020_00-AVAPLUSGREENHATP			102400	
NPUO00020	US	PlayStation®Plus Red Ornament Avatar	http://zeus.dl.playstation.net/cdn/UT0016/NPUO00020_00/OwPfiTSwMmRwXttLczetUkNIzPoRvjpxIZZIDZvhlkkSdpMaJyHMfZreJmvoZXcQiVQABGjclAXWlCkcIrtQcNKDFljUkYoQdSCBl.pkg	a83d2dabde1e14ad64443e14ef061915	UT0016-NPUO00020_00-AVAPLUSREDORNAME			102400	
NPUO00020	US	PlayStation®Plus Reindeer Avatar	http://zeus.dl.playstation.net/cdn/UT0016/NPUO00020_00/PpVyphDfxUsmOFkycyCozNzIAZfeUtOBmfuUwhkGrhkYplOOuRmPrlsvVHJzGsyBKfGbOAujeRzWIUuuWjgESPkqMWfAbyPPPkDlZ.pkg	f4df560bc7ce915b01b2a17b6979f1f4	UT0016-NPUO00020_00-AVAPLUSREINDEER0			102400	
NPUO00020	US	PlayStation®Plus Ski Skull Avatar	http://zeus.dl.playstation.net/cdn/UT0016/NPUO00020_00/fNLnACaOUAxWFnypPXtCgvjNQxUfNzVcMDIotyUPrzExyNIpgquevgQomjyJwcKSsHaaSJUnlrETCsZgghaQatQnPRWRFQxcKFveJ.pkg	33bcc3c2a789390e7cfc533688fa2948	UT0016-NPUO00020_00-AVAPLUSSKISKULL0			102400	
NPUP10012	US	UNKNOWN TITLE	http://zeus.dl.playstation.net/cdn/UP0102/NPUP10012_00/HKONxoPUcltnGwQvBtAAjkHyLQPXTMBWhGhgGiGcbYlcJpUJKieKwyJRZdtRWVcOTbmhrebywkJSNTMylYOKjZoPHaanHrgDUWbQq.pkg	MISSING	UP0102-NPUP10012_00-AVARSAKIRA000000			102400	
NPUP10012	US	UNKNOWN TITLE	http://zeus.dl.playstation.net/cdn/UP0102/NPUP10012_00/EySTfdJdPoDzThCaoCHWJJBZSlFoSZJkWxkovrCNMEOkjcfwatotDgHxwWAnaNnvaBipTgOniCpFLzJryWyTKyYhVNrAseEIZGkQV.pkg	MISSING	UP0102-NPUP10012_00-AVARSAKIRAHELMET			102400	
NPUP10012	US	UNKNOWN TITLE	http://zeus.dl.playstation.net/cdn/UP0102/NPUP10012_00/oXnmeURWicuRXVleVmfdlrtoeXIeGABEdfNyqQlMRJgzOXmnFypzBNFuUltoLBwJotqZzkTFTrNQtUuIhsNlMCqeLxVCPqnJcKdNK.pkg	MISSING	UP0102-NPUP10012_00-AVARSDAIGO000000			102400	
NPUP10012	US	UNKNOWN TITLE	http://zeus.dl.playstation.net/cdn/UP0102/NPUP10012_00/PupuyTjBejqyDcpJMJmKOAHjBPIWGhQFoNefitIKpZPtQgYmTiKinYuvGLGYGOyBICOcVTlGBurZQaFEFMMZpPSMmVmHqOpgKoxUS.pkg	MISSING	UP0102-NPUP10012_00-AVARSBOMAN000000			102400	
NPUP10012	US	UNKNOWN TITLE	http://zeus.dl.playstation.net/cdn/UP0102/NPUP10012_00/UfAbQHoBHfhYFRxZPjKNderfeHtrAADLYLAgriXuGTmWhlNrONoBQZQVTshoDXjCflxDCoxnaNFOPSrpNqhYfbUUvNhSNvchpEVXo.pkg	MISSING	UP0102-NPUP10012_00-AVARSBATSU000000			102400	
NPUP10012	US	UNKNOWN TITLE	http://zeus.dl.playstation.net/cdn/UP0102/NPUP10012_00/ZfhlzfiTMfBAPjMpnMHYbIzuwYmfkskpjvlDJjsQfDpaQlkFnAkpMsPIYpBDQhkkfEqIVasSsAtAcTLVWpqlOxhtuHNDJneNfKgiU.pkg	MISSING	UP0102-NPUP10012_00-AVARSEDGE0000000			102400	
NPUP10012	US	UNKNOWN TITLE	http://zeus.dl.playstation.net/cdn/UP0102/NPUP10012_00/rDHwLhnZAYDiutjQdRgHZFVLNErBOiphaPSIlmMQEneFUiFStnFUgXsMBNigtsmodROKHHWUkDVJMpOHRcViMdCbHwHizxlKXqSmR.pkg	MISSING	UP0102-NPUP10012_00-AVARSGAN00000000			102400	
NPUP10012	US	UNKNOWN TITLE	http://zeus.dl.playstation.net/cdn/UP0102/NPUP10012_00/FfFbnnQDltkKxYdyszfoYtgalFPXJClaKkVtrrWWChDSaxLdHdjmwCXYMrpVsgagjzSOwZVvldnifiyZWFDgUftdXvutccpOzSmNv.pkg	MISSING	UP0102-NPUP10012_00-AVARSHIDEO000000			105232	
NPUP10012	US	UNKNOWN TITLE	http://zeus.dl.playstation.net/cdn/UP0102/NPUP10012_00/RcEiMAbMygcRdrCkMQDliYrMCmeqhfzjimcrCFhegxesHsuPmOGgPlQyHPbMCrROcXiojvkRogFZLnfAWVszaTAmvBWRBCPFMaulU.pkg	MISSING	UP0102-NPUP10012_00-AVARSHYO00000000			102400	
NPUP10012	US	UNKNOWN TITLE	http://zeus.dl.playstation.net/cdn/UP0102/NPUP10012_00/PICHpKGleLPgClqtXAmaPoaYyaEljURHNECKkWZNLfOyibHPhjQedyJOziiWTiAOmsZORpgJfATIOJeXqrgpfojakAJDOcjShaDbG.pkg	MISSING	UP0102-NPUP10012_00-AVARSHINATA00000			102400	
NPUP10012	US	UNKNOWN TITLE	http://zeus.dl.playstation.net/cdn/UP0102/NPUP10012_00/AGXQqWnEQgcWUqwMsweOfdXrFAWIscwIvdcwMpkVuaKMcXAxHsogyXRUhbtFUFaftOkUaHJZgxKiQJsDGecBgVUCVTcWIzmcvyNhT.pkg	MISSING	UP0102-NPUP10012_00-AVARSKYOKO000000			102400	
NPUP10012	US	UNKNOWN TITLE	http://zeus.dl.playstation.net/cdn/UP0102/NPUP10012_00/CjNhyqJZeppqMAKiGjVhpMbqPcNQnLnrognyqnYfBETNpqvsfxojhWKONSnKMgAOqgjekmusaVrjJkrHDYBSyXCsWHLSRWcvYCaTi.pkg	MISSING	UP0102-NPUP10012_00-AVARSNATSU000000			102400	
NPUP10012	US	UNKNOWN TITLE	http://zeus.dl.playstation.net/cdn/UP0102/NPUP10012_00/yBHclTdfFgKWXFsNAZGBEqltarhOIoGfwzCwkHdVgVKRcyrGpBmDYykrmKeZZuPRLkEenWVnNxDfKyMNcmujkbnEhnDqKcvaAnrFH.pkg	MISSING	UP0102-NPUP10012_00-AVARSKYOSUKE0000			102400	
NPUP10012	US	UNKNOWN TITLE	http://zeus.dl.playstation.net/cdn/UP0102/NPUP10012_00/uHYDgphMaVTNPerrIJMUIzVqsEZkQJrKhGkKWKxtXxPMQjsNObvrSJZWwvtJaPnwEIAByAtilpjvRtXJrGrvuRyatcWlHKSyhvfGw.pkg	MISSING	UP0102-NPUP10012_00-AVARSROBERTO0000			102400	
NPUP10012	US	UNKNOWN TITLE	http://zeus.dl.playstation.net/cdn/UP0102/NPUP10012_00/lyQFwUaXvHKUUgsTNIhkDjlzNTmnXmjSdUtDmhFjvRREhHPdNZmtGITXrZRvtTyXujjZAAWPEiVmqvmcVqQtmMHscRgJpDtwTvtXv.pkg	MISSING	UP0102-NPUP10012_00-AVARSRAIZO000000			102800	
NPUP10012	US	UNKNOWN TITLE	http://zeus.dl.playstation.net/cdn/UP0102/NPUP10012_00/YYyyTdvEfvSPpLNWXZOWrLcPLlrJKKtEgBDDsPMXUGKDgkqLtZlVkjLQKSYiKKPhEGBAoCzLTiDlWbfiPepDZZqoXKykLQIUBrtNm.pkg	MISSING	UP0102-NPUP10012_00-AVARSROY00000000			102400	
NPUP10012	US	UNKNOWN TITLE	http://zeus.dl.playstation.net/cdn/UP0102/NPUP10012_00/oXQtbDQCFdRcmIkgCvdZsIUDPkVdHuNKjyMxMlblrMkvmeGmiazYHegqQziqCMrrDKZTLOVNebXcOQsLqtglkkUzsUsaokKdGJqxD.pkg	MISSING	UP0102-NPUP10012_00-AVARSSAKURA00000			102400	
NPUP10012	US	UNKNOWN TITLE	http://zeus.dl.playstation.net/cdn/UP0102/NPUP10012_00/qmKeUvVILZbYSfMRWRPBhlIFCEyPhrRNPTgIxQFABSDbkAvhTYxgQbqtLzcqWSoaMjLeeaWJBcKyRlhLCflWESfeelWKhIkTmabxz.pkg	MISSING	UP0102-NPUP10012_00-AVARSSHOMA000000			102400	
NPUP10012	US	UNKNOWN TITLE	http://zeus.dl.playstation.net/cdn/UP0102/NPUP10012_00/eZtcNxuIjDBwHEYdoaewJRTBRlyeadZCRIsvlBJFuQzZgsqweWQmuuJiNlnAxehLRaTwpVsUXgdSNZEBClJzWSTjKBmbESotHSsJc.pkg	MISSING	UP0102-NPUP10012_00-AVARSTIFFANY0000			102400	
BLUS30410	US	UNKNOWN TITLE	http://zeus.dl.playstation.net/cdn/UP0102/BLUS30410_00/uQQvvvSYdlCohvVWGKOooDuNXoHSgkhzfTWmgDUIBnTlFonxdSyPaMNmbUICIoXBUXFAJZNyQwoPIkALduBayxAOQpXOaDOvCHcOG.pkg	MISSING	UP0102-BLUS30410_00-AVAMVC3AKUMA0000			102400	
BLUS30410	US	UNKNOWN TITLE	http://zeus.dl.playstation.net/cdn/UP0102/BLUS30410_00/tBFPWAMztdcecwZFzbaDuRlFnzBvhPnVdyRbmTcMpkojIxUAxeFtDQWmMXnEdRhPDrKBkljQCovzLGmxhYNKLmIlFQrQYnSIZtoUY.pkg	MISSING	UP0102-BLUS30410_00-AVAMVC3AMATERASU			102400	
BLUS30410	US	UNKNOWN TITLE	http://zeus.dl.playstation.net/cdn/UP0102/BLUS30410_00/VwAfefntPcdmwevqIoPflFUNUiKiEXLgWIuelgOnKdIFGlOBVDJQgGRTVVAnFAxROTTBMYqhDnQDGZesKWBGWjucQnwNFjkjKowKi.pkg	MISSING	UP0102-BLUS30410_00-AVAMVC3ARTHUR000			102400	
BLUS30410	US	UNKNOWN TITLE	http://zeus.dl.playstation.net/cdn/UP0102/BLUS30410_00/bcolenbfEVfAREASftiIvEHZJWTmYqByRBIxDUBblAiGWCfTXUIHeginwoPgoNqLDzqecPxpdCltigNVZitlzKjWrWtNrJgxWLnjH.pkg	MISSING	UP0102-BLUS30410_00-AVAMVC3CAPAMERIC			102400	
BLUS30410	US	UNKNOWN TITLE	http://zeus.dl.playstation.net/cdn/UP0102/BLUS30410_00/fByIMyyLGajAYfVdGUqCwZgWyXyxThUVmFKKVnHXSKZqDcHUdKeawIPckMKxoaUMICukFdzBbrTwxXmrkqAieGcfeXKdmuVPplouv.pkg	MISSING	UP0102-BLUS30410_00-AVAMVC3CHUNLI000			102400	
BLUS30410	US	UNKNOWN TITLE	http://zeus.dl.playstation.net/cdn/UP0102/BLUS30410_00/yBRyrzaIQeQlrGAbekxdIjKuKvKlMDySnRpFJASZwcvvysgKQlZqbnUQDFZrnbuzDyMIhdgXXQsFLeLJTodIoLSyxKLNKldBrmbCs.pkg	MISSING	UP0102-BLUS30410_00-AVAMVC3CHRISREDF			102400	
BLUS30410	US	UNKNOWN TITLE	http://zeus.dl.playstation.net/cdn/UP0102/BLUS30410_00/FllrJiEFgJgNypzkuOXFelDyvCVCIkZuwSycbRxzdSVONmLCYBJBunOpdwmCIktlCGovhzSxGConQuaMIBQeyfrFssyjyCvhdjLBm.pkg	MISSING	UP0102-BLUS30410_00-AVAMVC3CRIMSONVP			102400	
BLUS30410	US	UNKNOWN TITLE	http://zeus.dl.playstation.net/cdn/UP0102/BLUS30410_00/UVLGaISBHfQVvzLYuXfZIZWuLksuAgCSwyYSlfTWrGSIgAAzxzElRMnWQalcPVSXPedDMPIBdFWrvGmaxyDCWwyuACjJYSayLFbxd.pkg	MISSING	UP0102-BLUS30410_00-AVAMVC3DANTE0000			102400	
BLUS30410	US	UNKNOWN TITLE	http://zeus.dl.playstation.net/cdn/UP0102/BLUS30410_00/uphRzpQEdQcfSfyNrDgeUDAfWVHKHbiRrtKLYLFknyFtnSTsYiPLQkXQCtsphuOLZiHUpUXCYBjmxBBuurcRXqfPhSqbTKCQhBoHN.pkg	MISSING	UP0102-BLUS30410_00-AVAMVC3DEADPOOL0			102400	
BLUS30410	US	UNKNOWN TITLE	http://zeus.dl.playstation.net/cdn/UP0102/BLUS30410_00/HuUsCKpQenaViwiLsrqpKwFQfrbyFBrbXLRZZdTXEChNDCRFHAdmnQyNDEoLhbJJHvikekrOEYWmnwaolJyGZaUwUzGcmndxvIDQt.pkg	MISSING	UP0102-BLUS30410_00-AVAMVC3DOCTRDOOM			102400	
BLUS30410	US	UNKNOWN TITLE	http://zeus.dl.playstation.net/cdn/UP0102/BLUS30410_00/ptVHSrXhGjqVMJoNXqDHQihMqVqXfLHcaMelQnJZOPuFekhCdeanDRParDBzPPlqPEbxMWPmMxnxMyGVWtYEVNsLegAVldslMDXRf.pkg	MISSING	UP0102-BLUS30410_00-AVAMVC3DORMAMMU0			133024	
BLUS30410	US	UNKNOWN TITLE	http://zeus.dl.playstation.net/cdn/UP0102/BLUS30410_00/bpiohOjLwqvxUaJhUWMGaFCCnQUKsFeyCcZPRAcvYvVYkBDnGSjeKPVZwThrZCGexreSoLZkHgeJCTjqmZpptRYmzoTlhisnvazZn.pkg	MISSING	UP0102-BLUS30410_00-AVAMVC3FELICIA00			102400	
BLUS30410	US	UNKNOWN TITLE	http://zeus.dl.playstation.net/cdn/UP0102/BLUS30410_00/aiTSBbvRQrAREQZWfDCRxVbyQOqoIpORJSsJysbOScWOdXQJDzxoKONRFySHHgYjGQWaJIjxmckPjFSAdgPrPuyVyNeRvwsmNLkSE.pkg	MISSING	UP0102-BLUS30410_00-AVAMVC3HAGGAR000			102400	
BLUS30410	US	UNKNOWN TITLE	http://zeus.dl.playstation.net/cdn/UP0102/BLUS30410_00/LkZnlYzNEletRZblboEGFajqFikSJCeaVhRccUXeCybJPHuIzYOyaZOTxEdhKUyAUeDnIEqtdyVyNHtkolvpBWbOsiNuRNNNXAEJw.pkg	MISSING	UP0102-BLUS30410_00-AVAMVC3HSIENKO00			102400	
BLUS30410	US	UNKNOWN TITLE	http://zeus.dl.playstation.net/cdn/UP0102/BLUS30410_00/mQHcaPySYPXVQKVLhNsldrtklTTRmpHZAwFXsgvOyzUXLhgDjwspkPSKYwdvCjGqOcoXAsYsrzOPrgZwszhtqqhGVkpHfpqiSWTVy.pkg	MISSING	UP0102-BLUS30410_00-AVAMVC3HULK00000			102400	
BLUS30410	US	UNKNOWN TITLE	http://zeus.dl.playstation.net/cdn/UP0102/BLUS30410_00/VVtZvnAdxgfyzJZZphjbdNGwlGMcHZyRzBBoTxfujJgmfReHTwJmnZfGijlRqwaExrsTErinKWxPDtZgKYKvqyPxKqlEuvurwdPcL.pkg	MISSING	UP0102-BLUS30410_00-AVAMVC3IRONMAN00			102400	
BLUS30410	US	UNKNOWN TITLE	http://zeus.dl.playstation.net/cdn/UP0102/BLUS30410_00/PhLQLNdrqRqzuFJChWrwggDPDFtyuqLGmHKrLxzCgEPLiyuNJtmLvxlULiPSLwnrvAQJbEGAoCDdQFgPYnXWJkZrqYDzDqMIJatUM.pkg	MISSING	UP0102-BLUS30410_00-AVAMVC3JILL00000			105568	
BLUS30410	US	UNKNOWN TITLE	http://zeus.dl.playstation.net/cdn/UP0102/BLUS30410_00/iEaTocRIqRQhkBUhTFChLXlIEzTNAZKqnyvxNEcXHoqrkPizugemRZxSefFTMoacTAvWIlrIspNnIpTDkEZoVZuhIaAoveywDhYGz.pkg	MISSING	UP0102-BLUS30410_00-AVAMVC3MAGNETO00			102400	
BLUS30410	US	UNKNOWN TITLE	http://zeus.dl.playstation.net/cdn/UP0102/BLUS30410_00/AnOQYdAjBfQqXONMJKEmtwPoQRHwEpGmHIvXLChvmgCpigmbCIpXXTfVdsowwzTSSILfNsfpfdWfqTelOLJnSDZseEbAqcKbjctnC.pkg	MISSING	UP0102-BLUS30410_00-AVAMVC3MODOK0000			109936	
BLUS30410	US	UNKNOWN TITLE	http://zeus.dl.playstation.net/cdn/UP0102/BLUS30410_00/MtRlqvqIpZpHUGUEimrOXGfVdRkciVygzBRWYyBvpOmyyaxAnfqwMfSccoFLAiMjmUaWwHQFlixtYoZOtDODlchOKbgQfhRxJqBGx.pkg	MISSING	UP0102-BLUS30410_00-AVAMVC3MORRIGAN0			112368	
BLUS30410	US	UNKNOWN TITLE	http://zeus.dl.playstation.net/cdn/UP0102/BLUS30410_00/iTiKcPVxdrvVFhuKFUlxarXqGSolYqfGLkbSIYxdjusjKAFgxKVSDapFInqgaHMoKVNVcRZFgMxSLEFduWFryrhGPMwhokwLAxFBx.pkg	MISSING	UP0102-BLUS30410_00-AVAMVC3PHOENIX00			119504	
BLUS30410	US	UNKNOWN TITLE	http://zeus.dl.playstation.net/cdn/UP0102/BLUS30410_00/TyCWsRcHKvjuioiEdOyEnWqjNAQWgYbfghACoKWSLyxVPcAMfIKadlTpnDPNexMvqUOQABnrZLdhDRfpQpLMQHNZVIbeLqFHQYiqu.pkg	MISSING	UP0102-BLUS30410_00-AVAMVC3SHEHULK00			107552	
BLUS30410	US	UNKNOWN TITLE	http://zeus.dl.playstation.net/cdn/UP0102/BLUS30410_00/NpesaQjcpqIUyJPgMZdxWoHFUqYggqgaGgsgBCcNCeUIjpHATBrtVDhauUSRYNruRwOSDhidAPkmxepLRXsLEgJXyWLlDWLQibsGR.pkg	MISSING	UP0102-BLUS30410_00-AVAMVC3RYU000000			102400	
BLUS30410	US	UNKNOWN TITLE	http://zeus.dl.playstation.net/cdn/UP0102/BLUS30410_00/IdHoFWcORgkMfVYKQDsUQEJyPqJcTJOPaXCzGvYtcfRfkqabXygimYfKokGBinKofMexBXjgiRSGENVHUtacIRRySKCJTcKexiiFF.pkg	MISSING	UP0102-BLUS30410_00-AVAMVC3SHUMAGORA			116624	
BLUS30410	US	UNKNOWN TITLE	http://zeus.dl.playstation.net/cdn/UP0102/BLUS30410_00/tjqsMDiyRzJkCixsGDzqCrSTyZidhZgyMFRrFvXBfyeyZzrFdRwsGNKHNCfNKrGtMoLHPCgyydtOhWQeZpstzQwOMFgQXBJmQLdnm.pkg	MISSING	UP0102-BLUS30410_00-AVAMVC3SPENCER00			102400	
BLUS30410	US	UNKNOWN TITLE	http://zeus.dl.playstation.net/cdn/UP0102/BLUS30410_00/ssfGEITZRjUQSVuUhbIhQJMMstVtzKVBPrWworbslhDKJBviUpUQsnhRWuPCajvfakAmbllsGZVWMRyawcFBLxthmYqljMsRFOsad.pkg	MISSING	UP0102-BLUS30410_00-AVAMVC3SPIDERMAN			102400	
BLUS30410	US	UNKNOWN TITLE	http://zeus.dl.playstation.net/cdn/UP0102/BLUS30410_00/MUZJKJdNGzMpfEyhIlsypsslYBavrzizFKprrKJjbjeAQDByQotkQrIYphkIrmDwNKRbfcOGGqNfevqhCyOLVvYXpxmRZHNATEOGe.pkg	MISSING	UP0102-BLUS30410_00-AVAMVC3STORM0000			102400	
BLUS30410	US	UNKNOWN TITLE	http://zeus.dl.playstation.net/cdn/UP0102/BLUS30410_00/teiEdJgBWhPZWKOvkbeJtIpTsCCQwFXelWuuPGSnHRkpqVLJYGZGiJxZpayoYGluFHvVAZRYxxsCrCkjQZrzebhZoYrcDORStOMUD.pkg	MISSING	UP0102-BLUS30410_00-AVAMVC3SENTINEL0			102400	
BLUS30410	US	UNKNOWN TITLE	http://zeus.dl.playstation.net/cdn/UP0102/BLUS30410_00/GcmzuwywQTBRhoPCJJTLmSnbhOiIXkWxrjMDDznGFsUyYzatPgyJLSeceLzrnKOVSfzaebztvQkiVEMPljGBrCFDoDEwRtuPHcaru.pkg	MISSING	UP0102-BLUS30410_00-AVAMVC3SUPERSKRU			102400	
BLUS30410	US	UNKNOWN TITLE	http://zeus.dl.playstation.net/cdn/UP0102/BLUS30410_00/NYkudXzMIdkhTWBcPayAdViOdrlJvmCghdgbqdakYxcnMxgJXUGZyFxTYDqhwMEbXaqLVvIQcZDfJJQZEuIWJhaOfdWwyuvhRXGeH.pkg	MISSING	UP0102-BLUS30410_00-AVAMVC3THOR00000			105520	
BLUS30410	US	UNKNOWN TITLE	http://zeus.dl.playstation.net/cdn/UP0102/BLUS30410_00/JRLZjEKAfjmoZRysqpEFTgCsCwEhFPuMgFEBQgNTrmlhgRdzXzasXIRnOnOZeOwxhUgEgmedSTxIYNIcXZCSmaauLkBEkdsNarmcX.pkg	MISSING	UP0102-BLUS30410_00-AVAMVC3TRISH0000			107840	
BLUS30410	US	UNKNOWN TITLE	http://zeus.dl.playstation.net/cdn/UP0102/BLUS30410_00/UoDFpfbtqTqdrKZizRfuWGvnpKqdPlkjbyQxpTmrVxVFCNMCwPNydZtaHsrzsDCTZFrlRNtFmSVafqcoKyDYgryTCfjhCvhTQopxh.pkg	MISSING	UP0102-BLUS30410_00-AVAMVC3TASKMASTR			102400	
BLUS30410	US	UNKNOWN TITLE	http://zeus.dl.playstation.net/cdn/UP0102/BLUS30410_00/ItScysqneijTTgknDwnOoEgooxEPqTLUOKHAGyfsCxUHiIHFaDGmGCCsERFCakRympjRGEXAQPRhuCQCYZVgCQkRcxqDWLGiayjwg.pkg	MISSING	UP0102-BLUS30410_00-AVAMVC3WESKER000			102400	
BLUS30410	US	UNKNOWN TITLE	http://zeus.dl.playstation.net/cdn/UP0102/BLUS30410_00/hgIcYUGrWPGJimGPxLnFkAzKyMcbxdNpDPtjGJQvCoXUMBEdhJwRzXLGDifjHUHQpfjbcolCzXBJTMIiRcjeQrGiyzuVRXMwdniCW.pkg	MISSING	UP0102-BLUS30410_00-AVAMVC3VIEWTIJOE			106208	
BLUS30410	US	UNKNOWN TITLE	http://zeus.dl.playstation.net/cdn/UP0102/BLUS30410_00/YIwYBIGYedXZLcMvfrDjGvUEpCrGdnWdasZRayOCsackEjHryRXbAirHTYUlpphVjxHqHTWsubJVNkMkFrTHCCeUgmIEJXuqHEaqK.pkg	MISSING	UP0102-BLUS30410_00-AVAMVC3TRON00000			102400	
BLUS30410	US	UNKNOWN TITLE	http://zeus.dl.playstation.net/cdn/UP0102/BLUS30410_00/yJhyJAFlseULjqvOgBpNmMCyaGAMvngRVDEoEWAKfUrpyLCjkWNMNvQYEKnaeznoRgcTGobdfvWlXwDSbneNHelOkzPEKpkxJmvzW.pkg	MISSING	UP0102-BLUS30410_00-AVAMVC3ZERO00000			102400	
BLUS30410	US	UNKNOWN TITLE	http://zeus.dl.playstation.net/cdn/UP0102/BLUS30410_00/MBtwNSKXAgeEaLczTtEnMKyKXfBUjTutkHXRRFQNZlwbBWEreTkXjAByFbOkciZGwjVBtMrkiklPCoFqnWgZzrOGtirCKknpSOrNb.pkg	MISSING	UP0102-BLUS30410_00-AVAMVC3WOLVERINE			102400	
BLUS30410	US	UNKNOWN TITLE	http://zeus.dl.playstation.net/cdn/UP0102/BLUS30410_00/FSFbllDQjjTiNgQSXACJOmVxkjRIjnDBTXDQDQXJsmGtFlvKwSGLUDvIhQnjXEPxQckdKPHdIWafUNOKSEeHZfziOefbQJNvftZTc.pkg	MISSING	UP0102-BLUS30410_00-AVAMVC3X23000000			102400	
NPUA80396	US	UNKNOWN TITLE	http://zeus.dl.playstation.net/cdn/UP9000/NPUA80396_00/DOHwDxorSNxkLEmQrKkvVVVIamUzGMNygdpmGPIXIymfaDjzyjbUUItCyNYvrzPMjZKSEdInTOxLArSVhliNTIgkqKJzEPdUDJqYz.pkg	MISSING	UP9000-NPUA80396_00-AVAPJST2SHIP0000			102400	
NPUA80396	US	UNKNOWN TITLE	http://zeus.dl.playstation.net/cdn/UP9000/NPUA80396_00/uyjeAdroiJtSJvRXmcwoCPmWwFtXuxMdUhaDglrijfNSYQPQIrEJFIEILZdAQFpzMqzKfPOjXRQonYmVYmwaoJzCiRyXTCPgGqpJS.pkg	MISSING	UP9000-NPUA80396_00-AVAPJST2SURVIVOR			102400	
NPUA80396	US	UNKNOWN TITLE	http://zeus.dl.playstation.net/cdn/UP9000/NPUA80396_00/bOcvLcMlVXcXvHwMfxXGGxAOJKWHYrQgpHNKwYDgVbKlTRCZzpTSmZXbhYnhGAkPZRaEGlYklwzqvPISMzqYKrPjiWZrtsLDRoQER.pkg	MISSING	UP9000-NPUA80396_00-AVAPJST2TOWERENE			102400	
BLUS30901	US	UNKNOWN TITLE	http://zeus.dl.playstation.net/cdn/UP1063/BLUS30901_00/QKcFHbynJenxLnjdOHkHXsnjdfoTIZNRjOZgvkqeXSUFJiMgZJEEEToBnzefqlIL.pkg	MISSING	UP1063-BLUS30901_00-AVAHNMK25PB00000			102400	
BLUS31164	US	UNKNOWN TITLE	http://zeus.dl.playstation.net/cdn/UP0082/BLUS31164_00/yLNBMdfKxsVrbKdvXckFaGdmOdtSyuibYBoCsTFJtkRkrcyNwnJbXAaShjHoNPLB.pkg	MISSING	UP0082-BLUS31164_00-UALIGHTNIN000002			106528	
BLUS31164	US	UNKNOWN TITLE	http://zeus.dl.playstation.net/cdn/UP0082/BLUS31164_00/CfHWVkUaXCogqfIZoEJOJrsfGchNVQRHHmSWDSprpSypnPDUHprafJzlXHPHbNvd.pkg	MISSING	UP0082-BLUS31164_00-UALIGHTNIN000003			135072	
BLUS31164	US	UNKNOWN TITLE	http://zeus.dl.playstation.net/cdn/UP0082/BLUS31164_00/jOALePtanHArXqwzkDvTscsqRqTzUfUsoXLIOgeUdQZDPLteCNHRsBLKyaNdtURL.pkg	MISSING	UP0082-BLUS31164_00-UALIGHTNIN000004			102400	
BLUS31164	US	UNKNOWN TITLE	http://zeus.dl.playstation.net/cdn/UP0082/BLUS31164_00/NsvYTswsefVhnxeeXVuWmsTtAPwtbFiCYJCBAJRpWOXHGZZooevXduBbkcvLRMoF.pkg	MISSING	UP0082-BLUS31164_00-UALIGHTNIN000005			102400	
BLUS31164	US	UNKNOWN TITLE	http://zeus.dl.playstation.net/cdn/UP0082/BLUS31164_00/hchzttszrHqgyYcexHPrjofJrnGTFAagGaJeaybxUheWnDvSaYLexDMhDSoyetNQ.pkg	MISSING	UP0082-BLUS31164_00-UALIGHTNIN000006			114384	
NPUB30672	US	Guacamelee! Avatar - Juan 1	http://zeus.dl.playstation.net/cdn/UP2045/NPUB30672_00/PdaUmtTvJkzPNGOgRmoNcvJnpLQMGbAjuHWEkcUwFbHznsmMkoRKWxQeimVTcStt.pkg	c5257c06b4f4e4cf59a249f16ba846fb	UP2045-NPUB30672_00-UAGUACAMEL000001			102400	
NPUB30672	US	Guacamelee! Avatar - Juan 3	http://zeus.dl.playstation.net/cdn/UP2045/NPUB30672_00/kfzvElcwUgZlVRqwTTIpHSSDgqUmPDzrwiSFAwTdydzKOrJlwfgMZzFqZxWrRUJU.pkg	c01772771ccd6d2b3044fdf51067749e	UP2045-NPUB30672_00-UAGUACAMEL000003			102400	
BLUS30836	US	Rayman® Origins Globox Avatar	http://zeus.dl.playstation.net/cdn/UP0001/BLUS30836_00/SpHtKbrcvUavImnCdhssjueQPVngeUERXYUNFDdgRwKLIipmdCNTuQFxFQfKKiwOVlKOINgqggTNlufTMGOHdbWdoCmYPJzAjjekE.pkg	1204084c1007f40bfde76a7176a73228	UP0001-BLUS30836_00-AVARAYOGLOBOX000			102400	
BLUS31191	US	South Park: The Stick of Truth - Cartman Avatar	http://zeus.dl.playstation.net/cdn/UP0001/BLUS31191_00/KPuFdzKzgNGQKWUDWXPOvOhEPPOETlzuOfUCKzHdaIJtcNGTlikYDXwFSyjQvaEN.pkg	076abf33cd3178ba8494dec9951a7a57	UP0001-BLUS31191_00-UASOUTHPAR000003			109136	
NPEB01237	EU	The Adventurer Avatar	http://zeus.dl.playstation.net/cdn/EP0177/NPEB01237_00/jAupXjcoOPKYxzzRBYoZimyQwiyqlGbIQaiUbNxpCVpfdOBGNHBrjWycarcnHTjK.pkg	6426b47bb1ea9e423a79e3c55e4ec208	EP0177-NPEB01237_00-AVTHECAVET000001			102400	
NPEB01237	EU	The Monk Avatar	http://zeus.dl.playstation.net/cdn/EP0177/NPEB01237_00/LCMHtKvLsJVhjKkjYtBxFxDfjnvTCVHtFkUwHqwKyeKdpUTASPSfyFYmxuoNkFGP.pkg	b38e2b3ba43b8386e6a27cd9e7046745	EP0177-NPEB01237_00-AVTHECAVET000002			102400	
NPEB01237	EU	The Scientist Avatar	http://zeus.dl.playstation.net/cdn/EP0177/NPEB01237_00/mzqTiKuQDFLyjkweVjSKgglvEYulOviVXUgvrPkHWxIYCnvknvWSoGEhvwCIOoAv.pkg	29288f95fdad7429cdda7c1ceb069d63	EP0177-NPEB01237_00-AVTHECAVET000003			102400	
NPEB01237	EU	The Hillbilly Avatar	http://zeus.dl.playstation.net/cdn/EP0177/NPEB01237_00/vQjHyFiurqHxJGPfbNJlYdjnpfyjgHHuegOmxVgOHtsObTabmaMnIvTmkxbciWPi.pkg	MISSING	EP0177-NPEB01237_00-AVTHECAVET000004			102400	
NPEB01237	EU	The Twins Avatar	http://zeus.dl.playstation.net/cdn/EP0177/NPEB01237_00/sEITLtjTpWXSlnopqfVYcRTGmqPblIOrmLNZMslSCVVwadNmGpUTvCkJnWsKPDeu.pkg	MISSING	EP0177-NPEB01237_00-AVTHECAVET000005			102400	
NPEB01237	EU	The Time Traveler Avatar	http://zeus.dl.playstation.net/cdn/EP0177/NPEB01237_00/moFjCCytpvGAOkTuNWFUzDjEHaGhZOHrxkaqvTIbFvTERsEpWjhfydJmnJWmvFQK.pkg	MISSING	EP0177-NPEB01237_00-AVTHECAVET000006			102400	
NPEB01237	EU	The Knight Avatar	http://zeus.dl.playstation.net/cdn/EP0177/NPEB01237_00/eyZWtRDCwdKJbYBMDepihwIqVMZZyCrdXjtPexDuWTiUJlYmLHNFhIZJadIPPNnM.pkg	MISSING	EP0177-NPEB01237_00-AVTHECAVET000007			102400	
NPEB01237	EU	The Cave Avatar	http://zeus.dl.playstation.net/cdn/EP0177/NPEB01237_00/IcMPVXgYqsUWjNtvGQLLXCBsuHDtObZJwMiEUDdsoyswLDVQbvGTQJxieIaYgPeu.pkg	MISSING	EP0177-NPEB01237_00-AVTHECAVET000008			102400	
NPEB01270	EU	Antilion Avatar	http://zeus.dl.playstation.net/cdn/EP4040/NPEB01270_00/RFemrnTGpERClJApWFwtfNNYqAukfsnXoNZKUVBFsWOcdOacvHnYhgiPQTGdSYlq.pkg	MISSING	EP4040-NPEB01270_00-AVTERRARIA000001			102400	
NPEB01270	EU	The Dryad Avatar	http://zeus.dl.playstation.net/cdn/EP4040/NPEB01270_00/CknkalHKBnbIbaGpugBEBoLCPTWitJwGNQYARsSqieJSrqQvLCuSdCxdHcwNibvW.pkg	MISSING	EP4040-NPEB01270_00-AVTERRARIA000002			102400	
NPEB01270	EU	The Merchant Avatar	http://zeus.dl.playstation.net/cdn/EP4040/NPEB01270_00/eZlujpRHHdrOUFgUtHEfCGhobGLXcQHudVsimusuNOfpCCEZexBIzRaioiiHGwKl.pkg	MISSING	EP4040-NPEB01270_00-AVTERRARIA000003			102400	
NPEB01270	EU	Bunny Avatar	http://zeus.dl.playstation.net/cdn/EP4040/NPEB01270_00/KaGIPruYVzzoyVSIqEgqSpfFPlwbwEvLnOFZcZDGiLFqHVSHyQNJJEPTJUMvSneE.pkg	MISSING	EP4040-NPEB01270_00-AVTERRARIA000005			102400	
NPEB01270	EU	The Nurse Avatar	http://zeus.dl.playstation.net/cdn/EP4040/NPEB01270_00/cbRpAEAbdJcVksEawFJGVDvovKIzhjFRWkdgGMQErJEJUgRGUVKNmqMpxJPaNPYg.pkg	MISSING	EP4040-NPEB01270_00-AVTERRARIA000004			102400	
NPEB01270	EU	Fire Imp Avatar	http://zeus.dl.playstation.net/cdn/EP4040/NPEB01270_00/tCOTccsWqyXPUqgxFYWJcChgrSetQfoiMJzBGrIJruHrGaCUeKPMTPabyeneJcSZ.pkg	MISSING	EP4040-NPEB01270_00-AVTERRARIA000006			102400	
NPEB01270	EU	Hornet Avatar	http://zeus.dl.playstation.net/cdn/EP4040/NPEB01270_00/BIrljiJWbInsawRUcSeRkXsfJStaGmjRpBfBkDkffuhVygcLWyzDfZxUIooKNnhv.pkg	MISSING	EP4040-NPEB01270_00-AVTERRARIA000007			102400	
NPEB01270	EU	Dark Mummy Avatar	http://zeus.dl.playstation.net/cdn/EP4040/NPEB01270_00/dTFsPrtftqvsTjQXcFvgIdYDJPqXUptdFtAAQnrWVjKJncfOdxqXdbIHgYahmQgi.pkg	MISSING	EP4040-NPEB01270_00-AVTERRARIA000009			102400	
NPEB01270	EU	Skeleton Archer Avatar	http://zeus.dl.playstation.net/cdn/EP4040/NPEB01270_00/CdusHRThKlTRZMIGdorTBIgvLmHQczaxbIvRcPfWkepMFuxZEUqubhazMimHXTkv.pkg	MISSING	EP4040-NPEB01270_00-AVTERRARIA000010			102400	
NPEB01270	EU	Goblin Scout Avatar	http://zeus.dl.playstation.net/cdn/EP4040/NPEB01270_00/jLnPIucFQpOGFeGJmEXulzPKnpWVFhwFMuHYFQckkODWGMokuLHAwHtvYgUMUIKB.pkg	MISSING	EP4040-NPEB01270_00-AVTERRARIA000011			102400	
NPEB01270	EU	Zombie Avatar	http://zeus.dl.playstation.net/cdn/EP4040/NPEB01270_00/RATbCuogtsXqmvnlGNpgBvIFbcFkqGbWnPznHQXIZqxSYooGOJGtHOCQGRLleTDU.pkg	MISSING	EP4040-NPEB01270_00-AVTERRARIA000012			102400	
BLES01507	EU	Hyperdimension Neptunia mk2: Cave Avatar	http://zeus.dl.playstation.net/cdn/EP1063/BLES01507_00/RqIGJKGyBWHfcDknHUGqjAZTSQaMqSjmdocDAvDNJdSWcKAFczJUZsxgvrEQbBmb.pkg	a672f4a6238656e7fb3bbbf5762bf4b3	EP1063-BLES01507_00-AVHYPERDIM000006			117296	
BLES01507	EU	Hyperdimension Neptunia mk2: Histoire Avatar	http://zeus.dl.playstation.net/cdn/EP1063/BLES01507_00/oBTVUTMMurNkaRkGEleGThhdEjojXwQijSYQwsoXDDoLDkcFXCGFdRAfPUbtNdsi.pkg	3c7937736fce777b868f91ad09a4f1d7	EP1063-BLES01507_00-AVHYPERDIM000010			112816	
BLES01507	EU	Hyperdimension Neptunia mk2: Mina Avatar	http://zeus.dl.playstation.net/cdn/EP1063/BLES01507_00/EiDrNecaiMhXxhpOerPbbZaBzDDGSlFFOKZveiAmlQQXlSvDEvCoWFxMJEsIPhVA.pkg	533d43238219a12da64f8e41a9d66405	EP1063-BLES01507_00-AVHYPERDIM000014			103296	
BLES01507	EU	Hyperdimension Neptunia mk2: CFW Magic Avatar	http://zeus.dl.playstation.net/cdn/EP1063/BLES01507_00/DZppPOapqtlVpUkffLvOuGjfrOJWlkQFwZdftfDLHyGfQaBwLvBPKGfcFRAafbJJ.pkg	7702a5f6b5828ce62ee4da45f192464d	EP1063-BLES01507_00-AVHYPERDIM000016			121296	
BLES01788	EU	Hyperdimension Neptunia Victory: Histoire Avatar	http://zeus.dl.playstation.net/cdn/EP1063/BLES01788_00/QhPaQEFKOpMwwKvfBUWgnCYjXLqJtwSYQuruklCdCWfPTdOyzVJuhvhqRdBUtlZW.pkg	d733afa8ec8cb38f86071319dcf0d700	EP1063-BLES01788_00-AVHYPERDIM000007			111248	
BLES01788	EU	Hyperdimension Neptunia Victory: Rei Ryghts Avatar	http://zeus.dl.playstation.net/cdn/EP1063/BLES01788_00/KhtCpITHlJXIqKCcRCJWhAgkSbgHkMbwPlYGnogTAjjTWeXdLBMTFJSDlwkEbRMx.pkg	8ad7c8acd3dcd831cee188657c534833	EP1063-BLES01788_00-AVHYPERDIM000014			102400	
NPEB00857	EU	UNKNOWN TITLE	http://zeus.dl.playstation.net/cdn/EP0177/NPEB00857_00/DciSBaDjPCyZmJFYmKTpjZRARxrcIrUDstiaKGtoCCDxrDxBJXXpzRGdEroqtUJX.pkg	MISSING	EP0177-NPEB00857_00-AVHOUSEOFT000001			102400	
NPEB00857	EU	UNKNOWN TITLE	http://zeus.dl.playstation.net/cdn/EP0177/NPEB00857_00/tjCyLQoToQibszGIaNGdEtqSMmJoKoIFjgmtrnWtrliZpwXsbBYTAqdxHyfRbnjl.pkg	MISSING	EP0177-NPEB00857_00-AVHOUSEOFT000002			102400	
NPEB00857	EU	UNKNOWN TITLE	http://zeus.dl.playstation.net/cdn/EP0177/NPEB00857_00/HBYRdrBCOlsLgWSTfSHWATgMmAlSiJfgVjfqEopvahNTMSHLIpkFSzRDKUaECmlG.pkg	MISSING	EP0177-NPEB00857_00-AVHOUSEOFT000003			119712	
BLES01940	EU	The Guided Fate Paradox - Renya Avatar	http://zeus.dl.playstation.net/cdn/EP1063/BLES01940_00/fvcTZGHHvfAfofGrXeYNFsHmxrOVlRwOAPCxyXQkpdwKGHSUDUKTvTXqYQUxNXMd.pkg	b5f8f8e620a511ca62c353a4f1cefd77	EP1063-BLES01940_00-AVTHEGUIDE000001			102400	
BLES01940	EU	The Guided Fate Paradox - Lilliel Avatar	http://zeus.dl.playstation.net/cdn/EP1063/BLES01940_00/GZRSIDfMRVRgwiSTqhUhuPqzXcUTNGlMxBHjVRwBBvJcmjeSbcBcZxABfRaOzjPf.pkg	6af92cc3d562cc13ff797a25fefd5d06	EP1063-BLES01940_00-AVTHEGUIDE000002			102400	
BLES01940	EU	The Guided Fate Paradox - Lanael Avatar	http://zeus.dl.playstation.net/cdn/EP1063/BLES01940_00/DNfCxYuYsvPXROsYLzizQmXZbhGCLjhYLiaVbUTbVEvUHQHwDpntttizQDtfRwqz.pkg	dd16e74528f8f549e641ff6986268437	EP1063-BLES01940_00-AVTHEGUIDE000003			102400	
BLES01940	EU	The Guided Fate Paradox - Kuroiel Avatar	http://zeus.dl.playstation.net/cdn/EP1063/BLES01940_00/MjZJMtKBHAlITRABbHaIBvmevfuAqarUvCKhKlphUHUVbbLBzoQslplSdNWJBGvJ.pkg	cd089203552322e5fe00e1b2f7b75c7c	EP1063-BLES01940_00-AVTHEGUIDE000004			102400	
BLES01940	EU	The Guided Fate Paradox - Cheriel Avatar	http://zeus.dl.playstation.net/cdn/EP1063/BLES01940_00/cSTDGoKmHVOvwoUkmnHdeNbHxhrPuUVYvcKBYGmJgZYGZRBYpDZbuYwkdecWxJEe.pkg	be4d8b038651e036ea326c49dedc1572	EP1063-BLES01940_00-AVTHEGUIDE000005			102400	
BLES01940	EU	The Guided Fate Paradox - Frunetti Avatar	http://zeus.dl.playstation.net/cdn/EP1063/BLES01940_00/QsbREtKQHeNXThBqfUBTbyfAIVwtNBmmLOGQfksZnIYGmBHNeVpPMqEAZSCXzVgn.pkg	1d1e9f5da4d14bd6bd2fe98634cf06f9	EP1063-BLES01940_00-AVTHEGUIDE000006			102400	
BLES01940	EU	The Guided Fate Paradox - Minamo Avatar	http://zeus.dl.playstation.net/cdn/EP1063/BLES01940_00/rvWStAWxtXvSryAJOyzJBEMjnVWViyvmPgMYAYLWysvLMFkhmKCNhcwLAhJYeTNI.pkg	4c37e5605841e829f1aa775ea39a2cd8	EP1063-BLES01940_00-AVTHEGUIDE000007			102400	
BLES01940	EU	The Guided Fate Paradox - Galtion Avatar	http://zeus.dl.playstation.net/cdn/EP1063/BLES01940_00/FIRDowsZDgYzsBsLnCLCMzmdhgkYyeFcFDazgxDKCagAeoexoQTtTrVPBaxAjYCi.pkg	a61cc139faa1998a19fea16aba821c23	EP1063-BLES01940_00-AVTHEGUIDE000008			102400	
BLES01940	EU	The Guided Fate Paradox - Mysiel Avatar	http://zeus.dl.playstation.net/cdn/EP1063/BLES01940_00/AGhbHIUkhgqKojRVdxIiSGVDbsoyhOPvcJDtbgnVIBbQxwdYrzGyBovhuzYXzEVg.pkg	52d90fa133b6e15120dd2445cbae65e9	EP1063-BLES01940_00-AVTHEGUIDE000009			102400	
BLES01940	EU	The Guided Fate Paradox - Neliel Avatar	http://zeus.dl.playstation.net/cdn/EP1063/BLES01940_00/ddZSITeneacmnWbSTNWrLgCIteRuScJarjZlhewmVNyPEaeqZCFrHpJnMhewkgLv.pkg	3a782d825ce28118f8143420d7e54ab6	EP1063-BLES01940_00-AVTHEGUIDE000010			102400	
BLES01940	EU	The Guided Fate Paradox - Rakiel Avatar	http://zeus.dl.playstation.net/cdn/EP1063/BLES01940_00/poOzQDKbjnZuwowOzKOASytaxgjMjWSVOXZXTDRKORiTckICxmVzbRMJGnXxxUMJ.pkg	165bd58414879788ac155c5179cc38d9	EP1063-BLES01940_00-AVTHEGUIDE000011			102400	
BLES01940	EU	The Guided Fate Paradox - Satanael Avatar	http://zeus.dl.playstation.net/cdn/EP1063/BLES01940_00/TswOLcgbmlYjOQADAgzfeImHqJIWeGPXcCPlecrTgWIwtzRErwzYmbVFJgmoBRWT.pkg	ffd1e1d519361fcdc0967e25a58f6725	EP1063-BLES01940_00-AVTHEGUIDE000012			102400	
BLES01940	EU	The Guided Fate Paradox - Varael Avatar	http://zeus.dl.playstation.net/cdn/EP1063/BLES01940_00/tccbzxVuZGyOoRJZbfQUdikBKIMsmqOrVCiUIWxNezUEzPJakBBSOlHUMwGzExJz.pkg	9b82013e42a943ce2bc78eea7f15a849	EP1063-BLES01940_00-AVTHEGUIDE000013			102400	
BLES01940	EU	The Guided Fate Paradox - Misery Avatar	http://zeus.dl.playstation.net/cdn/EP1063/BLES01940_00/xabcPiFsWNrRjvxRoCEIEZhOKPIuFICchjTEbuWXtNtjnazsXEikMZxvRFFEmvAl.pkg	4c098977ebaad87b9088ea41e56cb80c	EP1063-BLES01940_00-AVTHEGUIDE000014			102400	
NPJB00411	JP	Nyotengu Avatar 7	http://zeus.dl.playstation.net/cdn/JP0106/NPJB00411_00/KMNIYwddPhQXguJRUaYWvdkfaVRXaZgXetKTRYiLvxjszuPeiIiClFfRVXKgMztr.pkg	e7ef991e5c4470fe7f3230619c82d8da	JP0106-NPJB00411_00-AVATAR1407NYOTE7			102400	
BLES01150	EU	Adam Jensen - Triangular	http://zeus.dl.playstation.net/cdn/EP0082/BLES01150_00/TRYEPJLlaxMyHblepePDvyElYlpixkplmTPHffdGRflVjZxbXueHDEyBKIcgfmsr.pkg	MISSING	EP0082-BLES01150_00-AVDEUSEXHU000003			102400	
NPEB00684	EU	Metal Gear Solid 3 The Boss	http://zeus.dl.playstation.net/cdn/EP0101/NPEB00684_00/MWPeRuAaiYFxzWaaCPrdpWPywblyLAzbXqscrmkcnbejTrfXLVDErVMifggiaKAN.pkg	02ad706ae7cfb41e0cc5b93444c3c913	EP0101-NPEB00684_00-AVMETALGEA000004			113552	
NPEB00685	EU	Metal Gear Solid 2 Raiden	http://zeus.dl.playstation.net/cdn/EP0101/NPEB00685_00/TihxkiFJOUIvVzpTXYhRvNBZAAtclTRRPRKLOwJuAVCixKwhivuCrPiDjwanWnsE.pkg	4af1cd8500f083e14527b8c1ead6267d	EP0101-NPEB00685_00-AVMETALGEA000001			105920	
NPEB00685	EU	Metal Gear Solid 2 Solid Snake	http://zeus.dl.playstation.net/cdn/EP0101/NPEB00685_00/dCxPatXWAOSTjsbopXyvkNHXWykYZdfrVQoWCSwFgrqcTAGcVYepkPGOSdfpdoHS.pkg	MISSING	EP0101-NPEB00685_00-AVMETALGEA000002			110016	
NPEB00686	EU	Metal Gear Solid Peace Walker Snake	http://zeus.dl.playstation.net/cdn/EP0101/NPEB00686_00/ZcvpfrCNrTzIhFgbNWCdcPWUqsytjVmwDpeEOgNrIvBfCLbIYHVLXmMIIhuEuYmL.pkg	d58ac33edb662972f862ef8f8eff3d3d	EP0101-NPEB00686_00-AVMETALGEA000001			102400	
NPEB00686	EU	Metal Gear Solid Peace Walker Miller	http://zeus.dl.playstation.net/cdn/EP0101/NPEB00686_00/dNWFDGZyCAUpvlDaphGDFDwgYAIkgggZKaMbCtEnOStWCYHrsFDvJlZkyQjcnzfU.pkg	d971560eb49e72823bbe64d203280eca	EP0101-NPEB00686_00-AVMETALGEA000002			102400	
BLES00948	EU	Dead Rising 2 Chuck Avatar	http://zeus.dl.playstation.net/cdn/EP0102/BLES00948_00/YAKyVADGhlTlDNUUvUpSaFmunsLoViSAtNFKaPlAAgUjPqLFQSBYNNOqQQbGTFHV.pkg	3c39f91a8a34dced41f465fb721541d4	EP0102-BLES00948_00-AVDEADRISI000001			102400	
NPEB00342	EU	Resident Evil Ada Avatar	http://zeus.dl.playstation.net/cdn/EP0102/NPEB00342_00/rPoaPicixdaNzCrMzKqvWXLqwdyqwlOofBNhCreHDIZfjgopXELuuudPjxuntGmE.pkg	e331bdcc780da13a3e5eb33edaf82809	EP0102-NPEB00342_00-AVRESIDENT000001			102400	
BLES01081	EU	Akiyama Yakuza 4	http://zeus.dl.playstation.net/cdn/EP0177/BLES01081_00/TZukgLRYLXeFCGCeJKPHtLcpgnEMWBmOthSCYClslQhGQJKFmDQEdBiFJvzTRFvh.pkg	146f2a6a016e0a1982e7d2a64ba83f6d	EP0177-BLES01081_00-AVYAKUZA4X000001			102400	
BLES01081	EU	Saejima Yakuza 4	http://zeus.dl.playstation.net/cdn/EP0177/BLES01081_00/wxVfNCOCVQqRJYPRATjORPpXmczBjyIEBSGiqjcwkGbgbcDZFweESkKUafWtwETq.pkg	176d7d05a0156c5a89d0d3fa6d9db6fd	EP0177-BLES01081_00-AVYAKUZA4X000004			102400	
NPEB02228	EU	Yakuza 5 - Akiyama Avatar	http://zeus.dl.playstation.net/cdn/EP0177/NPEB02228_00/EP0177-NPEB02228_00-AVYAKUZA5X000001_bg_1_18ec6ae786e40d95de003d2711192f973b9e8975.pkg	7c03f7353f6aa7c73b5b552e507e7b6f	EP0177-NPEB02228_00-AVYAKUZA5X000001			104608	
NPEB02228	EU	Yakuza 5 - Saejima Avatar	http://zeus.dl.playstation.net/cdn/EP0177/NPEB02228_00/EP0177-NPEB02228_00-AVYAKUZA5X000007_bg_1_46932b578fecfd4d978e6d5074a6499c021f5d1c.pkg	39c19b57dd00497c973add22853a967b	EP0177-NPEB02228_00-AVYAKUZA5X000007			115792	
BLES01807	EU	Franklin 2 Avatar	http://zeus.dl.playstation.net/cdn/EP1004/BLES01807_00/JEgVPuLJPnDdcjtQMJffzxAFRMGOidCQWTiIBamwBSufoBTKHunDuJyOxqCQkJzD.pkg	a4b4f61785ca316d9e4ff5051960d785	EP1004-BLES01807_00-AVGRANDTHE000004			102400	
NPUB31321	US	Disgaea D2: Asagi Avatar	http://zeus.dl.playstation.net/cdn/UP1063/NPUB31321_00/WTeKitGPzFarLfkRfmclNmidbmUKyhIfWhpGRxLJafHHYscVsaqzSczROrFNmiwa.pkg	789d7e0787b8525a3538f69e3f12b924	UP1063-NPUB31321_00-UADISGAEAD000001			102400	
NPUB31321	US	Disgaea D2: Barbara Avatar	http://zeus.dl.playstation.net/cdn/UP1063/NPUB31321_00/YIBvYnwRwYwCPkdGQXdbVFhUtGYWLjWNUmfgoWtdZhlhHrqwBmolKzvaBBMicbxJ.pkg	cca73a33ea78eb41d40c964bc610523f	UP1063-NPUB31321_00-UADISGAEAD000002			102400	
NPUB31321	US	Disgaea D2: Etna Avatar	http://zeus.dl.playstation.net/cdn/UP1063/NPUB31321_00/GuvkRmDUnENJtNdNJYGRzMVwEZNiriPUQpkpfOXkDaUgrRGxvweBxfTMQnslscLl.pkg	175b6b6532f85f20c7849847f5e46a08	UP1063-NPUB31321_00-UADISGAEAD000003			102400	
NPUB31321	US	Disgaea D2: Flonne Avatar	http://zeus.dl.playstation.net/cdn/UP1063/NPUB31321_00/bppddgjJRSucWiwNsmhMbPlvnBralArsHozdSlUJqvQBDQupXmDHCEglGgqiHZoF.pkg	b7fb48fc9184185947d7d18a86353e24	UP1063-NPUB31321_00-UADISGAEAD000004			102400	
NPUB31321	US	Disgaea D2: Laharl Avatar	http://zeus.dl.playstation.net/cdn/UP1063/NPUB31321_00/KhgCKETJIXXfSjZWsWuOPPSeNCnVJsjCGRMZacVBYJwtklyFosLekRMvARWdwqey.pkg	9262891c14dd4a08e76f2c6ba1c1beab	UP1063-NPUB31321_00-UADISGAEAD000005			102400	
NPUB31321	US	Disgaea D2: Girl Laharl Avatar	http://zeus.dl.playstation.net/cdn/UP1063/NPUB31321_00/nBqqbtTkeTcwWaAWKWEktcgqpumDdqWQkILoURSTIsHvCViOGhdvnPuvAgoqLxNN.pkg	9ee0a5b558145f4502ac6c9261fba6a2	UP1063-NPUB31321_00-UADISGAEAD000006			102400	
NPUB31321	US	Disgaea D2: Sicily Avatar	http://zeus.dl.playstation.net/cdn/UP1063/NPUB31321_00/MgoqZugPoFAepAVYDFAPxVsdNtdAjOEJrvczXWjtKnYAbwfMVqyPKQTnpCmfoNCB.pkg	7a98c107a6d240653941ff0ae3b0a502	UP1063-NPUB31321_00-UADISGAEAD000007			102400	
NPUB31321	US	Disgaea D2: Valkyrie Avatar	http://zeus.dl.playstation.net/cdn/UP1063/NPUB31321_00/PhiTFTzVnzUyaPYCAONaKbHbqsorPXBnFwUTCcwCYjhzgyKygeHINVlCLELicdDo.pkg	108e208442951a8367093a4634ad3dde	UP1063-NPUB31321_00-UADISGAEAD000008			102400	
NPUB31321	US	Disgaea D2: Warrior Avatar	http://zeus.dl.playstation.net/cdn/UP1063/NPUB31321_00/UKkLMHpDtaQpOeextsFdwjpImnTSEQszZOoXppQCidQLXwJHTTsngIWPBLqkvrDE.pkg	666c191cdf8a82cd2d51adf868eb4299	UP1063-NPUB31321_00-UADISGAEAD000009			102400	
NPUB31321	US	Disgaea D2: Xenolith Avatar	http://zeus.dl.playstation.net/cdn/UP1063/NPUB31321_00/ykLkJMxSYhpDiHFlCNjconPKSKxFSrLqEaEahkbDycwMIpwpptxvGvCPwNSSylLa.pkg	9cf4d438a984cb75abedef1070d55483	UP1063-NPUB31321_00-UADISGAEAD000010			102400	
NPEB00554	EU	STREET FIGHTER™ III 3rd STRIKE ONLINE EDITION RYU AVATAR	http://zeus.dl.playstation.net/cdn/EP0102/NPEB00554_00/RtOXdOdrGiZgsvseRtHMyXqGzcsvSRYzfdJlKqohIPoHsUDuvkUYaFHZiJCBBPXM.pkg	e54ad16c3aee2b68e6fcc6afcde7b2b4	EP0102-NPEB00554_00-AVSTREETFI000015			102400	
NPUB30159	US	Blue Toad Murder Files™ Cow Avatar	http://zeus.dl.playstation.net/cdn/UP4075/NPUB30159_00/DdmzpIKoOKXhyZYcJAnjYdXFpLgxlCFyFoxQSsgaQFHeSHxFuVWsAAzUcOBnpupFSkzXpAGUkbTpsZWSJGfYTHoABvbrjjnwYPhYB.pkg	MISSING	UP4075-NPUB30159_00-AVABTMFCOW200000			102400	
NPUB31488	US	UNKNOWN TITLE	http://zeus.dl.playstation.net/cdn/UP0177/NPUB31488_00/iWPNnZmQqcRkbWqnKnNTNebcekwPWWmHnMkvKZjKMsZRxNCpUtBScIXQLyEGnBIn.pkg	a7949963f0e815ebc00c06e4f995c342	UP0177-NPUB31488_00-UAHATSUNEM000005			121152	
BLES00770	EU	Super Street Fighter® IV El Fuerte Avatar	http://zeus.dl.playstation.net/cdn/EP0102/BLES00770_00/4FQ9hQUk6Hk41qw16uV0nOsXtpcCVFHyTmd1sJ5N9rLo38YwUAKbUCFCXtRiLt1e.pkg	15efabbd372d9d5abfa572a1dd58f25e	EP0102-BLES00770_00-AVSUPERSTR000026			118128	
BLJM61063	JP	武将アバター「伊達政宗」	http://zeus.dl.playstation.net/cdn/JP0102/BLJM61063_00/rYBRnkQtPAqzoLiObczrwLCAotlvmylCGBCLpbJQEPlzqnatTfZSEVZtVNWxzlSb.pkg	1ccd02fe32b6f6877c46e42d713d438c	JP0102-BLJM61063_00-AVATAR1311000000			125680	
BLJM61063	JP	武将アバター「真田幸村」	http://zeus.dl.playstation.net/cdn/JP0102/BLJM61063_00/iSYvLEVzdPMzBvaNVofqGuijlbNHJaYOhdWhhWHGkuITOeghdputOuRjmqOzPJGm.pkg	3441a9dff66b9ad457eb6aabef19710f	JP0102-BLJM61063_00-AVATAR1311000001			121600	
BLJM61063	JP	武将アバター「石田三成」	http://zeus.dl.playstation.net/cdn/JP0102/BLJM61063_00/zuirVotCBRCuNeeJdlvokUjeITTMWdqgzzqrkcJqxTYVmnDCSnwnjfnsAdijZOEb.pkg	511925a886cea32b4aa2af66cfa03755	JP0102-BLJM61063_00-AVATAR1311000002			131536	
BLJM61063	JP	武将アバター「徳川家康」	http://zeus.dl.playstation.net/cdn/JP0102/BLJM61063_00/hzRUQepWZTVqXtVgCARNeLaRYfHOxJsAmVIWFtJhMOjnOECOcSQLilZNUhCNSKuM.pkg	b26d560aec2587089afce35d3ca62292	JP0102-BLJM61063_00-AVATAR1311000003			124608	
BLJM61063	JP	武将アバター「雑賀孫市」	http://zeus.dl.playstation.net/cdn/JP0102/BLJM61063_00/myBWvLQgrENHJAVjetNXspnSOEbcIdYoSGcWiSjiXMNymmNwPbHOjeJGQSuSnwbJ.pkg	7e51fbcc5a9dd244b2a8319719cec655	JP0102-BLJM61063_00-AVATAR1311000004			132352	
BLJM61063	JP	武将アバター「黒田官兵衛」	http://zeus.dl.playstation.net/cdn/JP0102/BLJM61063_00/YUCSaicfVZcJMrliPSpcpHbuKbnhLyXzgkkNwQORgxDIcmZepRGiTPXfmxrbOQEO.pkg	c38637fb03fd45e63e3986e00b9eb1c0	JP0102-BLJM61063_00-AVATAR1311000005			121728	
BLJM61063	JP	武将アバター「前田慶次」	http://zeus.dl.playstation.net/cdn/JP0102/BLJM61063_00/kzBHqTWzenZQHeajTvZtseFYNzwBLhxIAKJYsVcZUPyqyUuhZgIllgdjdTeefByL.pkg	9a7f22bc54e7a7484877c756cae0bcb8	JP0102-BLJM61063_00-AVATAR1311000006			134368	
BLJM61063	JP	武将アバター「風魔小太郎」	http://zeus.dl.playstation.net/cdn/JP0102/BLJM61063_00/ieFaVgUVEzxOxKUoBwBzIQldHkIKWjQeXjPIKuVMsEIUtodZRTNqurqYWNEsVwui.pkg	21dfdb3745867b721316e1e06544030e	JP0102-BLJM61063_00-AVATAR1311000008			134336	
BLJM61063	JP	武将アバター「鶴姫」	http://zeus.dl.playstation.net/cdn/JP0102/BLJM61063_00/HJZYoygzxvNTFZlsYdHWbPAQyyjwXdIhcBPGbbHpFgFjPlLjEAGkfSzZqAepdbuv.pkg	816d71acd3da151c64e0b10c59ee7e86	JP0102-BLJM61063_00-AVATAR1311000007			120496	
BLJM61063	JP	武将アバター「長曾我部元親」	http://zeus.dl.playstation.net/cdn/JP0102/BLJM61063_00/xPPerdIICweTurYHzfKSinTFIcoAcSqWFSFKhFelNJVOorGGlYewGsjIUDhmyhTB.pkg	4afd984553c583110330529f7032f5ba	JP0102-BLJM61063_00-AVATAR1311000009			124960	
BLJM61063	JP	武将アバター「島津義弘」	http://zeus.dl.playstation.net/cdn/JP0102/BLJM61063_00/DrMqaHODYCkgvwaVeFknRzXtjqJeILqWfsVnxNQvSWIaQDUpeEfFaKPPtXSMMDhM.pkg	205a32df06d42be1973fac9ec4c63d22	JP0102-BLJM61063_00-AVATAR1311000011			127200	
BLJM61063	JP	武将アバター「大谷吉継」	http://zeus.dl.playstation.net/cdn/JP0102/BLJM61063_00/pddDZEpTkyfTWNBgRzggUmRTpQrcSUvtzNzAFZxydBePstQpQXYjtpBNhmVhTxfi.pkg	9fcf98cc990e1ba6826553056320a56d	JP0102-BLJM61063_00-AVATAR1311000010			125648	
BLJM61063	JP	武将アバター「お市」	http://zeus.dl.playstation.net/cdn/JP0102/BLJM61063_00/eLSudvzDBBCUzyhVxDhJqgQAouheiCeRFEZBlAMkKVhBZjPcwzWlZEVtRCdANZZT.pkg	9964aa2659ea34a39f0d22edbfaa54ab	JP0102-BLJM61063_00-AVATAR1311000012			126416	
BLJM61063	JP	武将アバター「織田信長」	http://zeus.dl.playstation.net/cdn/JP0102/BLJM61063_00/xerrowrMNmdkQZYZIHVLhgXtVwMthiUNfuzBVQnwcnNJWRkyXQignfqpVjePxtLX.pkg	42786c3fc4787d2c2cb36792d553527b	JP0102-BLJM61063_00-AVATAR1311000015			120864	
BLJM61063	JP	武将アバター「本多忠勝」	http://zeus.dl.playstation.net/cdn/JP0102/BLJM61063_00/nijPBmOJLWHgpOfefKujYhZgOMeLcIJCJLIoBfYBlnpPfOfBHdhQChJAHQrEJbXY.pkg	da179069e9df2558411a0a49e89e30ad	JP0102-BLJM61063_00-AVATAR1311000014			126608	
BLJM61063	JP	武将アバター「毛利元就」	http://zeus.dl.playstation.net/cdn/JP0102/BLJM61063_00/pMVBhYuqOwqjzaXNDqOJHoMmBOEXCXfHASpIxqWmmFsEcwBrQPTZdsYGSSSNepuo.pkg	34626269f826b76037f3acbb0fc27814	JP0102-BLJM61063_00-AVATAR1311000013			128688	
BLJM61063	JP	武将アバター「小早川秀秋」	http://zeus.dl.playstation.net/cdn/JP0102/BLJM61063_00/hDTwQcGKINHVnyQGpEnUuBmPMlKiieivmImikUblpFsrLCVkWrEMywnITWzUToQL.pkg	cdaf56c3d9c03adc955325f2cad0a870	JP0102-BLJM61063_00-AVATAR1311000017			121616	
BLJM61063	JP	武将アバター「立花宗茂」	http://zeus.dl.playstation.net/cdn/JP0102/BLJM61063_00/zptdysLpMwwgLILRTICWQQpTiJqJzRrjoGHgaddSQrYPrVSLMhBCTYMnJlguZuiv.pkg	9e367e60035a8737f72671518e881d90	JP0102-BLJM61063_00-AVATAR1311000016			134800	
BLJM61063	JP	武将アバター「最上義光」	http://zeus.dl.playstation.net/cdn/JP0102/BLJM61063_00/OELJJjLhwoPZIIZJkOAJGVPWfOGOvEzmPhnVEjyXPEwNKZBfbysgWbCCUqgQGQbe.pkg	b1549291e7c2db5973c06efd8ec66f81	JP0102-BLJM61063_00-AVATAR1311000018			128992	
BLJM61063	JP	武将アバター「天海」	http://zeus.dl.playstation.net/cdn/JP0102/BLJM61063_00/cXJUaKetJFvGOKOTQjTDQtzMfhiHPjiRLJtOkQjjrVSotsgsgcgmdKLYZzvKqskc.pkg	fed0a85d9c3cc78a2d1c63c823554c81	JP0102-BLJM61063_00-AVATAR1311000019			114176	
BLJM61063	JP	武将アバター「松永久秀」	http://zeus.dl.playstation.net/cdn/JP0102/BLJM61063_00/qBmJBEqOLHQuZKvhSFzfBRYivPKEPceeCDOgELYGuwUOMdKUZTXerwfScLaZKobt.pkg	a1053a4650eec15135f2bb90055793ea	JP0102-BLJM61063_00-AVATAR1311000022			102400	
BLJM61063	JP	武将アバター「片倉小十郎」	http://zeus.dl.playstation.net/cdn/JP0102/BLJM61063_00/YkcviRqrcflzRswXwDACqYwZNIAUwDQBUURYeaqquYSSONBxBhWhymNLczXlNTRt.pkg	5b1fd5e120cef1f28adcd72795c4bb1c	JP0102-BLJM61063_00-AVATAR1311000021			123808	
BLJM61063	JP	武将アバター「猿飛佐助」	http://zeus.dl.playstation.net/cdn/JP0102/BLJM61063_00/GcgbrltshSlYoXLfFhlTKhHuaZYdcOyalwwcEgYCwgdnbRsAlZFQsUzrwJmigkVz.pkg	bce5f02f78905848e7d4d068aaae41d0	JP0102-BLJM61063_00-AVATAR1311000020			125392	
BLJM61063	JP	武将アバター「大友宗麟」	http://zeus.dl.playstation.net/cdn/JP0102/BLJM61063_00/kcQyPpccpMBuurjIpinrqAyKTfKlGTPDfSVDggdeJyyFJHyKeDFazlEwuEEyVWVE.pkg	efafbeef275361637fdfee9d6fff6083	JP0102-BLJM61063_00-AVATAR1311000023			107472	
BLJM61063	JP	武将アバター「竹中半兵衛」	http://zeus.dl.playstation.net/cdn/JP0102/BLJM61063_00/qnPvyzzFRTOBLGUqkLKDjhOeqmlfqBMWnuuclMFQqunDnlAWrCjGOovfBMPhepmT.pkg	684e1ce3a06f804a0634f7c80b01cd11	JP0102-BLJM61063_00-AVATAR1311000026			123200	
BLJM61063	JP	武将アバター「浅井長政」	http://zeus.dl.playstation.net/cdn/JP0102/BLJM61063_00/CcgBLHtYQVdDvlaVSAwfkjSdYZzHKLCNzQvTPpuxHxCJTkxFDKwbeSnFMNcvjXex.pkg	f2f5ecee384b41200fded18bf0b055dd	JP0102-BLJM61063_00-AVATAR1311000024			119776	
BLJM61063	JP	武将アバター「豊臣秀吉」	http://zeus.dl.playstation.net/cdn/JP0102/BLJM61063_00/ibsSSrFtdkSqqovCgKbAUTcrcHAftCrpXvkPCOrSnSKFDwaKbNFiZmOdwpuVyNFz.pkg	2a3a8b60bf012fc7fdc1244dca84177a	JP0102-BLJM61063_00-AVATAR1311000025			121168	
BLJM61063	JP	武将アバター「島左近」	http://zeus.dl.playstation.net/cdn/JP0102/BLJM61063_00/ECXjNxqTUtTLtICStyxvRPhXWygBqbOlszgGYLBlteJWGgQUhbvSZcakHRFEmLic.pkg	ecb26257790e0a940827f35708f00377	JP0102-BLJM61063_00-AVATAR1311000028			129888	
BLJM61063	JP	武将アバター「柴田勝家」	http://zeus.dl.playstation.net/cdn/JP0102/BLJM61063_00/IxZzHSNTjVjYnAonDhHbTQqyXpMURHmPQuxWvMlWlUBhcMDKrrOgoEfzhPFOelhJ.pkg	c853e9f7f6642fa98fe7e0224a46e552	JP0102-BLJM61063_00-AVATAR1311000027			121328	
BLJM61063	JP	武将アバター「山中鹿之介」	http://zeus.dl.playstation.net/cdn/JP0102/BLJM61063_00/yOJEepFfkwqxzJSuCvmmUbTJNhKgqsBdUVUZxdXJVWsJotUAkFDzzPAcIeIGRvln.pkg	2dca6f257a45007f3bf404c7509f3b94	JP0102-BLJM61063_00-AVATAR1311000030			130608	
BLJM61063	JP	武将アバター「井伊直虎」	http://zeus.dl.playstation.net/cdn/JP0102/BLJM61063_00/yQGxEllfsuwcSiAzkTqEbDLVxOAnumPGboNtavtrTWBMSMNYRbqZEEoBwgBMsPVO.pkg	89caac2b4edc16c0153bcc851a5125c2	JP0102-BLJM61063_00-AVATAR1311000031			123392	
BLJM61063	JP	武将アバター「後藤又兵衛」	http://zeus.dl.playstation.net/cdn/JP0102/BLJM61063_00/yOyfByrvizhTByMNRGhCnNxBoauyrhwgCpGeESSpsLzaTdasCJAVYIgXkBKnzGFc.pkg	da67de5efc94f0984500641869d88e24	JP0102-BLJM61063_00-AVATAR1311000029			123232	
NPEB00982	EU	Aina Character Portrait Avatar	http://zeus.dl.playstation.net/cdn/EP4015/NPEB00982_00/DzyNOkrpUYKourTZRbiaNZuEiQvCunUqTyRaojrOmSNzflkXYmaULgGWaRkTCCtP.pkg	ef060e4e94f534af819fb3af6ece78f8	EP4015-NPEB00982_00-AVAGARESTG000001			106416	
NPEB00982	EU	Aina Character Close Up Avatar	http://zeus.dl.playstation.net/cdn/EP4015/NPEB00982_00/RjHJjaHSbMxPcDFHdqDyNWbgnjgNpqdKFwrcPjUizyxhPfxbozShwNTGvYCxwlDp.pkg	aacd9c8b2ba7207a9542f58d3b0a14dc	EP4015-NPEB00982_00-AVAGARESTG000002			120592	
NPEB00982	EU	Eva Character Portrait Avatar	http://zeus.dl.playstation.net/cdn/EP4015/NPEB00982_00/bbPZdWWQAAqpIaitulytzTMisDxFhLRZEtEXkTvHtlXICWZYpMqMsCdKEfxyVOxb.pkg	4d8060064e95878f003ae643b982356a	EP4015-NPEB00982_00-AVAGARESTG000004			108368	
NPEB00982	EU	Aina Character Close Up 2 Avatar	http://zeus.dl.playstation.net/cdn/EP4015/NPEB00982_00/AUYyIopsbaBjRAYeixOUMaUWLzJkXoynEnigJaqANGluuliwpfGNOLOmaPUpKOtH.pkg	133bbeb5f683d7ca81383e9b5525bf9c	EP4015-NPEB00982_00-AVAGARESTG000003			120320	
NPEB00982	EU	Eva Character Close Up Avatar	http://zeus.dl.playstation.net/cdn/EP4015/NPEB00982_00/HXGSJUUBYTIgqJZgtchYJLrokNuifQkBJmkAirbHmixsxxQjpJoOHiVZREFjoxhU.pkg	70d71c92687ed9d4d57ec1cd7d020a1f	EP4015-NPEB00982_00-AVAGARESTG000005			111280	
NPEB00982	EU	Felenne Character Portrait Avatar	http://zeus.dl.playstation.net/cdn/EP4015/NPEB00982_00/YeKYaYesfkDmUwsoyqgzpaXsCwMhwkJqMoKzABUVypToWkYITShmIZjXZpoeUiHB.pkg	e54930c232614aa52c139e10db101b03	EP4015-NPEB00982_00-AVAGARESTG000007			104352	
NPEB00982	EU	Felenne Character Close Up Avatar	http://zeus.dl.playstation.net/cdn/EP4015/NPEB00982_00/ViKJbqRQbIUvsZmecPxHSTcewvESNguMWGxqcpHZsPiZSuttIsEJrvNBOqFqXKln.pkg	a35487d652f13568225e230ca190e933	EP4015-NPEB00982_00-AVAGARESTG000008			123008	
NPEB00982	EU	Felenne Character Close Up 2 Avatar	http://zeus.dl.playstation.net/cdn/EP4015/NPEB00982_00/QNpFhyEueFYhomAMXbaCGsfQDvpNSnXRAeTMPaSgOKnmgKcJbSpkLmwAZzzrSsbP.pkg	aca5dd04bbb7dc928c937f4a22afb457	EP4015-NPEB00982_00-AVAGARESTG000009			113888	
NPEB00982	EU	Fiona Character Close Up 2 Avatar	http://zeus.dl.playstation.net/cdn/EP4015/NPEB00982_00/LXDjlKCysrUGMQstirxNaxcQObewGzttgiKzcNoDkujXiOzevBRPbhUzCjCMgzhZ.pkg	9f45cf4ae37113e4c2c70f00cc43884f	EP4015-NPEB00982_00-AVAGARESTG000012			125360	
NPEB00982	EU	Fiona Character Close Up Avatar	http://zeus.dl.playstation.net/cdn/EP4015/NPEB00982_00/ysiZSpQxIflQldUvQTeaXpjumGFYlZFAOsOpLojvZUpSJrPubMqTrTEZrlXKUZcE.pkg	f4f2e7e4d69cc66f9937cb3f956fdcca	EP4015-NPEB00982_00-AVAGARESTG000011			106800	
NPEB00982	EU	Fiona Character Portrait Avatar	http://zeus.dl.playstation.net/cdn/EP4015/NPEB00982_00/arpZuGIbqiSUCChldhwVEJnztbrYXmoMykyPhXisbLJIbtKEBaYVXBhJIHQAKqkP.pkg	c405cfc143f509fefee8ec29d3862bf2	EP4015-NPEB00982_00-AVAGARESTG000010			113120	
NPEB00982	EU	George Character Portrait Avatar	http://zeus.dl.playstation.net/cdn/EP4015/NPEB00982_00/NozPQmsPvGyZMUcTsFoMgokhlWpXnonjhRzoaLtMaQHgPIUhClBhHSGjZbEiFpJl.pkg	c812003ce91841873e549b81aa73a099	EP4015-NPEB00982_00-AVAGARESTG000014			123712	
NPEB00982	EU	Ignis Character Portrait Avatar	http://zeus.dl.playstation.net/cdn/EP4015/NPEB00982_00/OKdoailcGnHZzSzEDuucFIKcSUQKboNKvDYgaviuQYhXImHZUtlkuJgqzxmfKVlC.pkg	e01956d6ebcb13d3791084bf1ba65a86	EP4015-NPEB00982_00-AVAGARESTG000015			102400	
NPEB00982	EU	Jainus Character Portrait Avatar	http://zeus.dl.playstation.net/cdn/EP4015/NPEB00982_00/SVGynHaPRXmTgZptmqRLnjaFEjEgBEXCQqsUgxwSobQjnVCBoOpHkvYJhgCaKLVu.pkg	04a49fef7371cda55e63995db431f05a	EP4015-NPEB00982_00-AVAGARESTG000016			102400	
NPEB00982	EU	Liel Character Portrait Avatar	http://zeus.dl.playstation.net/cdn/EP4015/NPEB00982_00/ENlFAVnLPmflRSjcvAXrGoydQDrMidojSIYOkPAhtASeXkHKbvdMEetobterbiqz.pkg	93d58b7316596b242722295de8da8a6e	EP4015-NPEB00982_00-AVAGARESTG000017			103088	
NPEB00982	EU	Vanessa Character Portrait Avatar	http://zeus.dl.playstation.net/cdn/EP4015/NPEB00982_00/pmXpqSPGQKjJFvCGOLrGxAgvPAwfFgPWMPKDNZUrolizXCmRLwQWqUJCRVxwutWg.pkg	0ec99458ea5237d949132bed582b7e87	EP4015-NPEB00982_00-AVAGARESTG000021			102400	
NPEB00982	EU	Li Ra-Lua Character Portrait Avatar	http://zeus.dl.playstation.net/cdn/EP4015/NPEB00982_00/cqwgxAZgJIMmOfvqPSosUlCvBiZtNCTekeJJmmWZiZlDVNFGBLixJfnPpfitoebp.pkg	c302759a1bcb87f949932c1593340a62	EP4015-NPEB00982_00-AVAGARESTG000018			115296	
NPEB00982	EU	Sofia Character Portrait Avatar	http://zeus.dl.playstation.net/cdn/EP4015/NPEB00982_00/NdDShQmrQQkKPcwkyqSzIhotlVusXwbKRRsmWjIidhsmVbbnThyFPMMNurSrpTwo.pkg	d984b0b1374687abbdb95dde8be8d6e1	EP4015-NPEB00982_00-AVAGARESTG000020			102400	
NPEB00982	EU	Victoria Character Portrait Avatar	http://zeus.dl.playstation.net/cdn/EP4015/NPEB00982_00/OAOlqVRQJUbQxWNjENSwffiTUIbrrYigMGtwhYtZvBwqlOTwIRZYPLpvRAieBrHQ.pkg	aa71495172a67d8ed6170632d2a5a047	EP4015-NPEB00982_00-AVAGARESTG000024			129856	
NPEB00982	EU	Mervina Character Portrait Avatar	http://zeus.dl.playstation.net/cdn/EP4015/NPEB00982_00/vezxLcYiXIkaIZBSuMRCAlboZWlYKGyklQOtSPQtgrxGowagbTybeXYlPdAHrDHm.pkg	5f4e1dfe1c562d1f7224f77921c50e34	EP4015-NPEB00982_00-AVAGARESTG000019			121008	
NPEB00982	EU	Victoria Character Close Up Avatar	http://zeus.dl.playstation.net/cdn/EP4015/NPEB00982_00/SRaOPggCHTJIRGBlJWMdFyMjCHijQVcBlQCsrPztcnTogVyCgmdbRzHGxgXfvasr.pkg	3cd19d500e349b3268c2ee7f29de2997	EP4015-NPEB00982_00-AVAGARESTG000025			130160	
NPEB00982	EU	Victoria Character Close Up 2 Avatar	http://zeus.dl.playstation.net/cdn/EP4015/NPEB00982_00/BJggCpBhyQSMZMujIdwKhTOUaayvqYpQRVlsGuXZKWWUeznvUDwbNIEvuoGnhsvG.pkg	0850688ecb3661bf45f071b9dcf85539	EP4015-NPEB00982_00-AVAGARESTG000026			126432	
NPEB00982	EU	Weiss Character Portrait Avatar	http://zeus.dl.playstation.net/cdn/EP4015/NPEB00982_00/yoNIarljHyPfFoiDzFvoEDjUyUYQjxQduiQrnckmkUWZEWmWVFnUxlHOmLuNUjww.pkg	8900db86b71091da186c92b371fdf9ca	EP4015-NPEB00982_00-AVAGARESTG000027			122816	
NPEB00982	EU	Yumil Character Portrait Avatar	http://zeus.dl.playstation.net/cdn/EP4015/NPEB00982_00/ghFSwtWjaYRSMhyTapwvEXmQWAooxWCcwOlFgSbLQkKHArArxJUIqhtKdjPaDYaH.pkg	410017937fdf1bdeb699a7c1676571a0	EP4015-NPEB00982_00-AVAGARESTG000029			117344	
NPEB00982	EU	Weiss Character Close Up Avatar	http://zeus.dl.playstation.net/cdn/EP4015/NPEB00982_00/bwqhHEBCqcefBcrloCIlWdGpIEiCMyBzYVNTpHAyaqVGwMDTVQAuNIYhJfzsZZYj.pkg	ac6a8651636f134aa383c10ba88aa5e9	EP4015-NPEB00982_00-AVAGARESTG000028			118560	
NPEB00982	EU	Schwarz Character Portrait Avatar	http://zeus.dl.playstation.net/cdn/EP4015/NPEB00982_00/mGdPkeENEpeopzNktUZbnrFRmFoCXSvTtnBynoGwWkmSoUQtabaGhtDGtTgjJNZZ.pkg	d7436abc040a4558150fc4c666ba2e7f	EP4015-NPEB00982_00-AVAGARESTG000031			102400	
NPEB00982	EU	Fastie Character Portrait Avatar	http://zeus.dl.playstation.net/cdn/EP4015/NPEB00982_00/btHjrAhOBHRDcUAOnBgQwPpMQdVGIZgNyVDreovqNaHFBLJnsIEAgonpRTvKnzRs.pkg	3a5e3619250931c7fbeb34860b48c628	EP4015-NPEB00982_00-AVAGARESTG000032			102480	
NPEB00982	EU	Jude Character Portrait Avatar	http://zeus.dl.playstation.net/cdn/EP4015/NPEB00982_00/EvIllWfEeHtgUCCHgQHtiwJYAjqYhVpbDYjxtnafQRFKOxZaeIMQtDKKEhNzEBwH.pkg	3b4b4be0292dc99d9fb70fc752ff2c20	EP4015-NPEB00982_00-AVAGARESTG000033			107600	
NPEB00982	EU	Grey Character Portrait Avatar	http://zeus.dl.playstation.net/cdn/EP4015/NPEB00982_00/REtjaTEgjroAJAUTutnorCVMIzSVghCRQEJJfDOBoFkHIvAEkiSQgulsoNbLymqC.pkg	f9a436bd6d23537eb22212015e12b8bf	EP4015-NPEB00982_00-AVAGARESTG000034			109920	
NPEB01364	EU	Dynasty Warriors 8 - Yue Jin - Avatar	http://zeus.dl.playstation.net/cdn/EP4108/NPEB01364_00/tocRPnSJROEdOfTMVzBlOSvjJTjMzcZSDjqwdtyZvYsHJoUKQuoboFQXOdNJjRog.pkg	7aa9d7148d6dac3dad1e38c537e70ebf	EP4108-NPEB01364_00-AVDYNASTYW000002			121056	
NPEB01364	EU	Dynasty Warriors 8 - Xiahou Dun - Avatar	http://zeus.dl.playstation.net/cdn/EP4108/NPEB01364_00/WUCQGSiKUyKuAOmYhQKkTzlzWEDUzHzROxBvCMCLRVPIHyInjkMyIqLNxsERrkei.pkg	3a710491a1528f61a128da03bf480825	EP4108-NPEB01364_00-AVDYNASTYW000001			114800	
NPEB01364	EU	Dynasty Warriors 8 - Zhen Ji - Avatar	http://zeus.dl.playstation.net/cdn/EP4108/NPEB01364_00/vzXVYIaojzusYbrfTWKsRHhuJZMMhuHvUrFpvavQwXBIFFIgSuSrcnDSNemJUwnX.pkg	aad7b51748a1d4598a06f7ec3e393959	EP4108-NPEB01364_00-AVDYNASTYW000003			120544	
NPEB01364	EU	Dynasty Warriors 8 - Zhou Yu - Avatar	http://zeus.dl.playstation.net/cdn/EP4108/NPEB01364_00/IlbZqjCbkfEiTqAoxCNBWPqkptIWfuIpcKQrdIroGryKwFflnQuebrlJRpqVfSqr.pkg	3935d791731dbbfe707bb6b4e077d48b	EP4108-NPEB01364_00-AVDYNASTYW000004			102400	
NPEB01364	EU	Dynasty Warriors 8 - Lu Xun - Avatar	http://zeus.dl.playstation.net/cdn/EP4108/NPEB01364_00/VOALYsOPAnbTkzLKSfldUnAypSWjoGYAKHJoBWzrgCVnanYRCroJPYdUVSxXxyjB.pkg	e9845d42e4a66d00cba9d04af6dc309a	EP4108-NPEB01364_00-AVDYNASTYW000005			102400	
NPEB01364	EU	Dynasty Warriors 8 - Zhao Yun - Avatar	http://zeus.dl.playstation.net/cdn/EP4108/NPEB01364_00/QhhhTopBQhhHssBhmfOKiEMfUAsrCkWGRDmsReIbXFdurrZvXgkimfHfKmazSiIs.pkg	652c5f5007779e2ecd46cc60794c3c3f	EP4108-NPEB01364_00-AVDYNASTYW000006			112960	
NPEB01364	EU	Dynasty Warriors 8 - Guan Yu - Avatar	http://zeus.dl.playstation.net/cdn/EP4108/NPEB01364_00/pSEGRdSYvSnEbcNrluDmUaktBCZgdHasakAExUFWZPSQijuOHfsGYkxMpUfnAzbF.pkg	7992230c76d76858769bde87f3592cae	EP4108-NPEB01364_00-AVDYNASTYW000007			112528	
NPEB01364	EU	Dynasty Warriors 8 - Xu Shu - Avatar	http://zeus.dl.playstation.net/cdn/EP4108/NPEB01364_00/zvlFjIaDwKXaunNbBycsCjCEOfAsBAyucRBfuSqcBXUrzVoxdlZZhOSrJvWoMCnH.pkg	c61ced91f88d009edd38f434e4c81e72	EP4108-NPEB01364_00-AVDYNASTYW000008			113584	
NPEB01364	EU	Dynasty Warriors 8 - Sima Yi - Avatar	http://zeus.dl.playstation.net/cdn/EP4108/NPEB01364_00/rHBtuVWfJAiCcuJJpoVwvnkeqomKdQNctDuEyLkFnJuXQqSKsVuXpyVQOFNAwPFQ.pkg	5290b985c88b003340cd673299fbe2e7	EP4108-NPEB01364_00-AVDYNASTYW000009			107136	
NPEB01364	EU	Dynasty Warriors 8 - Cao Cao - Avatar	http://zeus.dl.playstation.net/cdn/EP4108/NPEB01364_00/vHVZwfFbvrDVvcYGAtQggvbtVhQQOmkelyIcdDTjCZbNcVketiIyjrmywkDdhKCG.pkg	0f1b211a85bde457c2ad83bbecb06823	EP4108-NPEB01364_00-AVDYNASTYW000011			115712	
NPEB01364	EU	Dynasty Warriors 8 - Sima Shi - Avatar	http://zeus.dl.playstation.net/cdn/EP4108/NPEB01364_00/hywlfBIpsBjcVNDXPpRLIscLEukLBKFSOYnpzJHgTKQUbBkIMFEnrwIPXWnUIGNU.pkg	7a356eff95da1313c81958de3b5c05d5	EP4108-NPEB01364_00-AVDYNASTYW000010			108128	
NPEB01364	EU	Dynasty Warriors 8 - Dian Wei - Avatar	http://zeus.dl.playstation.net/cdn/EP4108/NPEB01364_00/XTcjfaWAfTTZGkvWkYcoDjKYdMqTLxinxwWeDOyLbAqMSKbNnwPPyfvAUXyxBLci.pkg	7d608729a238356aa5e1c410f3195510	EP4108-NPEB01364_00-AVDYNASTYW000012			102400	
NPEB01364	EU	Dynasty Warriors 8 - Sun Shangxiang - Avatar	http://zeus.dl.playstation.net/cdn/EP4108/NPEB01364_00/iFbnPyYqBjCRvMIStgqllaBnTDtQnXVeXaGlBrJLcGIsGFheAnPsLvXhUafBsFwD.pkg	030b7d10e42c8c06b4935963da99cc70	EP4108-NPEB01364_00-AVDYNASTYW000013			102400	
NPEB01364	EU	Dynasty Warriors 8 - Lu Su - Avatar	http://zeus.dl.playstation.net/cdn/EP4108/NPEB01364_00/GOPqeBxZXOrIznbKoQNOkUMusHJDsDaTpbLvcQOxTzaXMXrdimSqtBnvKFBdReME.pkg	d9813219976d435944d8dbfaa0aeae42	EP4108-NPEB01364_00-AVDYNASTYW000014			102400	
NPEB01364	EU	Dynasty Warriors 8 －Sun Jian - Avatar	http://zeus.dl.playstation.net/cdn/EP4108/NPEB01364_00/gxhnZpFqPPcSOTCSKunlaUeBfbPUCraJFYSuoINlUdxdMYZqxkYpxrRbnrkYrOcp.pkg	874bc948ecb8bdabf5e6a1d45e6c0b9a	EP4108-NPEB01364_00-AVDYNASTYW000015			102608	
NPEB01364	EU	Dynasty Warriors 8 - Liu Bei - Avatar	http://zeus.dl.playstation.net/cdn/EP4108/NPEB01364_00/AwdKeCfwYLFWkJazrdwSFLKEqeekKNAXtCOtWOpPPSKzsNWcYNstXivkRCoFQDoc.pkg	5d25dfa6249bbc53816823533cb560b0	EP4108-NPEB01364_00-AVDYNASTYW000017			106624	
NPEB01364	EU	Dynasty Warriors 8 - Zhuge Liang	http://zeus.dl.playstation.net/cdn/EP4108/NPEB01364_00/eaLBYJIFosiwJDAcVtCruKGAZSQvemWvAhWQgZDHUKSuhZgnSGDwJAsdDKFnzIDB.pkg	cc341c923688e8bc0716bca852fe8dbd	EP4108-NPEB01364_00-AVDYNASTYW000016			102400	
NPEB01364	EU	Dynasty Warriors 8 - Deng Ai - Avatar	http://zeus.dl.playstation.net/cdn/EP4108/NPEB01364_00/LWTeRnTJifPPEXvicOkryUytEumkjATvsxBFbvYRTOfkRpJDQKWlYhrssYIZtMXj.pkg	14fb44d9177de36220c117cf6dbba314	EP4108-NPEB01364_00-AVDYNASTYW000019			113200	
NPEB01364	EU	Dynasty Warriors 8 - Sima Zhao - Avatar	http://zeus.dl.playstation.net/cdn/EP4108/NPEB01364_00/ODMJCohtdIgZnuzUnRvMwSkEQBjSzuDbVRaFyfAmurmFmVEdtyDfTFyBvrFSpwGW.pkg	301d732d672edca79914aaa6f4438859	EP4108-NPEB01364_00-AVDYNASTYW000018			109312	
NPEB01364	EU	Dynasty Warriors 8 - Wang Yuangji Avatar	http://zeus.dl.playstation.net/cdn/EP4108/NPEB01364_00/BcnlvpjxDnJzSHqWkeBOiRvvXmYqWdnjrmkxdSQjdqKbCZvJPwHpbRWRfqQyAMtm.pkg	d315de1bac9c2b7cb9f2d5929602050e	EP4108-NPEB01364_00-AVDYNASTYW000020			102400	
NPEB01364	EU	Dynasty Warriors 8 - Li Dian - Avatar	http://zeus.dl.playstation.net/cdn/EP4108/NPEB01364_00/OBCoJVQwbfKfdAyidqvzWlhCwMRsfLfQpCIqGkBvzMueXQnqyqKyZxtgWEhjFjLk.pkg	5e963e3431d30af8eadd07ecdc60f655	EP4108-NPEB01364_00-AVDYNASTYW000022			120496	
NPEB01364	EU	Dynasty Warriors 8 - Xiahou Yuan - Avatar	http://zeus.dl.playstation.net/cdn/EP4108/NPEB01364_00/gfbdZDMqHfTrDHPJvPgZGfXwnphPkCOrkdBtpHhudViePxufDwTlhOBQfIgGaWWT.pkg	ed555b429ca094f3ada0740cb0203e35	EP4108-NPEB01364_00-AVDYNASTYW000021			130064	
NPEB01364	EU	Dynasty Warriors 8 - Cai Wenji - Avatar	http://zeus.dl.playstation.net/cdn/EP4108/NPEB01364_00/UMXoQrBoQUfqQXNpIeSlseynhhsCloNBdRfybbqzKGtadofFiBXRbRWOlgvmprxH.pkg	d044cb5feb8338dea93412751d968a12	EP4108-NPEB01364_00-AVDYNASTYW000023			109136	
NPEB01364	EU	Dynasty Warriors 8 - Taishi Ci - Avatar	http://zeus.dl.playstation.net/cdn/EP4108/NPEB01364_00/VHAUHNIiAAdRRsWFxqLlkuyClmKZNznbQgWWyjorMWZdOMCECBREdBYGNAhjSLWL.pkg	8d912bd904afbd195b950a929ac5da7e	EP4108-NPEB01364_00-AVDYNASTYW000024			115216	
NPEB01364	EU	Dynasty Warriors 8　－Lu Meng - Avatar	http://zeus.dl.playstation.net/cdn/EP4108/NPEB01364_00/FsbEZWLMqgNUKDDrQuNMeZmeHzRTknnyznhUlJjWaYEqdYodymkCOGRmyueNhtmV.pkg	ec4490761f2cea57bb0426f13ade2bcc	EP4108-NPEB01364_00-AVDYNASTYW000025			110432	
NPEB01364	EU	Dynasty Warriors 8 - Ma Chao - Avatar	http://zeus.dl.playstation.net/cdn/EP4108/NPEB01364_00/RosGGJzIHyDLBGxPmYQoorjWwdlONKxSAsvAaUJoZvOjGbgFhwPnDMUPppcHgsAl.pkg	c5cd84fe3943abc208e3b2d738548ac9	EP4108-NPEB01364_00-AVDYNASTYW000026			130160	
NPEB01364	EU	Dynasty Warriors 8 - Huang Zhong - Avatar	http://zeus.dl.playstation.net/cdn/EP4108/NPEB01364_00/OyEhlSIJaJZgRkVokFXHbebNIHLKZeIzEgbTvrcaCxPwXJQTQxvaaotKyCDwGVBC.pkg	6bc0a681630813c2fd16a129f6ac7b20	EP4108-NPEB01364_00-AVDYNASTYW000027			127024	
NPEB01364	EU	Dynasty Warriors 8 - Xing Cai - Avatar	http://zeus.dl.playstation.net/cdn/EP4108/NPEB01364_00/fjmJDwoxmiWsJAJQAxvwluEYoqGHPTaWjpKAhQypjNGawAUCvIMdKqzSKDDchGek.pkg	e107b0dd459886e1ace3f32f593c38d3	EP4108-NPEB01364_00-AVDYNASTYW000028			105120	
NPEB01364	EU	Dynasty Warriors 8 - Zhong Hui - Avatar	http://zeus.dl.playstation.net/cdn/EP4108/NPEB01364_00/zjNwpSDEXlrvLZReDMSgHZUwCgrJpxNjpVCQtooyWshyPonILQbNaBjJXIQiSVzz.pkg	a79a86e8287552e663039503530dc3a3	EP4108-NPEB01364_00-AVDYNASTYW000029			120560	
NPEB01364	EU	Dynasty Warriors 8 - Zhang Chunhua - Avatar	http://zeus.dl.playstation.net/cdn/EP4108/NPEB01364_00/JBZyweipERvcBoshJAXEZDWGSJmZKvrCOsmRuUevQulSlnuWKEvRFEUTENjSPwtQ.pkg	3e6780a0cfc07f35c5ec6b9c9c095661	EP4108-NPEB01364_00-AVDYNASTYW000030			122688	
NPEB01364	EU	Dynasty Warriors 8 - Cao Ren - Avatar	http://zeus.dl.playstation.net/cdn/EP4108/NPEB01364_00/iKAuFEhxLQtIwwskQdbLtcLrBZKIQWQiwOFtvTQtPzzJDnovIkGByWQqJEjFSoEb.pkg	83102c11bb5e15229d0bf783e3dacc98	EP4108-NPEB01364_00-AVDYNASTYW000031			114816	
NPEB01364	EU	Dynasty Warriors 8 - Cao Pi - Avatar	http://zeus.dl.playstation.net/cdn/EP4108/NPEB01364_00/FSIecbzIaLPHNdVPbpNuGbtMZcFvnbSxPGMjKmXHMBhARUuwvWfQcctgPEhJkEVy.pkg	b603c5c899dd3e91b1b693d00d631e51	EP4108-NPEB01364_00-AVDYNASTYW000032			106128	
NPEB01364	EU	Dynasty Warriors 8 - Huang Gai - Avatar	http://zeus.dl.playstation.net/cdn/EP4108/NPEB01364_00/JxyVrMYFAyzFbcSeuJpzmbEIRKQetYyVGBBqhkjMpqQOqgKnIujhDsSdJElyOKuy.pkg	ad75bdfc7de882e857fc1ba2fa63375d	EP4108-NPEB01364_00-AVDYNASTYW000033			104912	
NPEB01364	EU	Dynasty Warriors 8 - Gan Ning - Avatar	http://zeus.dl.playstation.net/cdn/EP4108/NPEB01364_00/EEJWqJexgHQGimNqYyhRYoxtizYSIXEqLqlZiSioVOqDuXRAZjJOJiLnJnVtcKsJ.pkg	42b19f2e07f0fa65e1aeb5a04db23a2b	EP4108-NPEB01364_00-AVDYNASTYW000034			111424	
NPEB01364	EU	Dynasty Warriors 8 - Guan Ping - Avatar	http://zeus.dl.playstation.net/cdn/EP4108/NPEB01364_00/KuplPilPqEddhcolJRMNmyyfoFGTHsPiAdAFQFZpdrLNZrRvvLbgInMQXmLuJinW.pkg	4745079363dc56639529714feb94e69a	EP4108-NPEB01364_00-AVDYNASTYW000036			109696	
NPEB01364	EU	Dynasty Warriors 8 - Xiao Qiao - Avatar	http://zeus.dl.playstation.net/cdn/EP4108/NPEB01364_00/UbdXQNSPxOFHkyrLUZcABNJvOOFoIqzuwOxUnpxQyYjjpLjFGtDPCqWmywrUaXCl.pkg	1b5bb7c9d6cedcd08ae8990bb28a6110	EP4108-NPEB01364_00-AVDYNASTYW000035			104064	
NPEB01364	EU	Dynasty Warriors 8 - Guan Xing - Avatar	http://zeus.dl.playstation.net/cdn/EP4108/NPEB01364_00/sTnWiHKoCWgIWElMPCeyauSfujCAYKVMXFSHrNFTnSxRqISjjYmwrNnBdlyiZrhM.pkg	3d45bff29884b9352d9cc3d929968c0c	EP4108-NPEB01364_00-AVDYNASTYW000037			110720	
NPEB01364	EU	Dynasty Warriors 8 - Xiahou Ba - Avatar	http://zeus.dl.playstation.net/cdn/EP4108/NPEB01364_00/QQELWFNTmsnLnKwBqhtWSqfRIDMcmmZNiPXEhXWlcOfwrfLcpwqQpzLIREPHMZGj.pkg	44c4b5bc8b76bdc8951631ff4a37d9aa	EP4108-NPEB01364_00-AVDYNASTYW000038			116352	
NPEB01364	EU	Dynasty Warriors 8 - Guo Huai - Avatar	http://zeus.dl.playstation.net/cdn/EP4108/NPEB01364_00/YKbpdbIVoDpJebzstkOWxayAhyeZJIAMpVIyOSCJZPCbqdeSxgobnmTwJKUSaeeP.pkg	e0f51388432b4251149682c5ebe28921	EP4108-NPEB01364_00-AVDYNASTYW000039			102400	
NPEB01364	EU	Dynasty Warriors 8 - Diao Chan - Avatar	http://zeus.dl.playstation.net/cdn/EP4108/NPEB01364_00/DQpGLbdFdZHUnBwHarRdDfvZdULMpFonKrtVoUVwhdSAhdGemofCSzJkzQEruhxu.pkg	59f28b5377dca0de7228cfdf6a49906d	EP4108-NPEB01364_00-AVDYNASTYW000040			111120	
NPEB01364	EU	Dynasty Warriors 8 - Zhang Liao - Avatar	http://zeus.dl.playstation.net/cdn/EP4108/NPEB01364_00/MpPKRwAgCmdApsMOijtJxNPdOPzxaGpTcchYWrtDihhmmAgBVKPUxVkGzFDWQAyd.pkg	efa0a6989349f935de8095ecee78f1ce	EP4108-NPEB01364_00-AVDYNASTYW000041			142816	
NPEB01364	EU	Dynasty Warriors 8 - Zhang He - Avatar	http://zeus.dl.playstation.net/cdn/EP4108/NPEB01364_00/AjJqxvENxkmjFMExVqeNYjxbyTdneAWqbgRlHOEcgLdzhgCGSvAepbjBLNmYiYhY.pkg	5aaef54b285e5bd01e48622dfd022748	EP4108-NPEB01364_00-AVDYNASTYW000042			110448	
NPEB01364	EU	Dynasty Warriors 8 - Wang Yi - Avatar	http://zeus.dl.playstation.net/cdn/EP4108/NPEB01364_00/LtiwVSqaTKbzEEdwXrziHjGeqYMWvrGsSGAaEaUxDoBmLsrTjOyuIaHxCXjGHVlh.pkg	3ef12633412f7f92b94755d61790a7ce	EP4108-NPEB01364_00-AVDYNASTYW000043			102400	
NPEB01364	EU	Dynasty Warriors 8 - Sun Ce - Avatar	http://zeus.dl.playstation.net/cdn/EP4108/NPEB01364_00/ZrhsPXucyFodAAHxyixeWujzVUKsZIOcMcFDIzWOJLXWGHcqKVHQMpHILGfIHYNW.pkg	781cc068bef2650e00eadeb1166e841f	EP4108-NPEB01364_00-AVDYNASTYW000044			109824	
NPEB01364	EU	Dynasty Warriors 8 - Zhang Fei - Avatar	http://zeus.dl.playstation.net/cdn/EP4108/NPEB01364_00/HcmsguLXBrXRqzVyurvTwUSkpZTbZNMDWSrjbVfehkZXKbSGNsBpAkZWXGTlUZGq.pkg	151574203e1d578b9acd4d72490f5719	EP4108-NPEB01364_00-AVDYNASTYW000046			129296	
NPEB01364	EU	Dynasty Warriors 8 - Sun Quan - Avatar	http://zeus.dl.playstation.net/cdn/EP4108/NPEB01364_00/rFRKBensEPfLaWNZXpRLGhQpltLMlZbwHwgciYyjseFIiYzXhhPBHkVsAaIsJHWS.pkg	799a370062fd715f8c9f1b5f7fe423af	EP4108-NPEB01364_00-AVDYNASTYW000045			110480	
NPEB01364	EU	Dynasty Warriors 8 - Zhang Bao - Avatar	http://zeus.dl.playstation.net/cdn/EP4108/NPEB01364_00/cDUGFTRGCdfeVoIXVnubVsYiTiIlLhXmUFLOwQZmgxeXkMJsoRsYtbLTqiVzmOZO.pkg	5300c9e79e841dd566921398d05d71c2	EP4108-NPEB01364_00-AVDYNASTYW000047			115456	
NPEB01364	EU	Dynasty Warriors 8 - Bao Sanniang - Avatar	http://zeus.dl.playstation.net/cdn/EP4108/NPEB01364_00/qkFFimxngUObfmRHAFRaxnKhUqMJhzCFxOhepSAjYfkZZmLhHuGDBmTSBatnScKk.pkg	56e11ed96c929b019089de1ad8b3171d	EP4108-NPEB01364_00-AVDYNASTYW000048			105408	
NPEB01364	EU	Dynasty Warriors 8 - Ling Tong - Avatar	http://zeus.dl.playstation.net/cdn/EP4108/NPEB01364_00/OYhdGFsSzDZxpDAnDfDhgxOpnksmhymrNepkOLTYpwMTfJvGkRteaJntZYYAdYat.pkg	11633a2185ed3c8c6ea01e8045308bdc	EP4108-NPEB01364_00-AVDYNASTYW000053			114496	
NPEB01364	EU	Dynasty Warriors 8 - Jia Xu - Avatar	http://zeus.dl.playstation.net/cdn/EP4108/NPEB01364_00/RTPHBrWPWWhpvGVJbRLlQCLJLHBIUzCpqUKDHOWdlqEtjWAqSyNvWQgJzqiGYwnb.pkg	a3f563f9d0e5589878f5421e81647935	EP4108-NPEB01364_00-AVDYNASTYW000052			114496	
NPEB01364	EU	Dynasty Warriors 8 - Pang De - Avatar	http://zeus.dl.playstation.net/cdn/EP4108/NPEB01364_00/RcOQHipKQiOoaWPNUyoCJqusGKeYPIqPAUJBakmvJxsDurWjNsmRmhmVprHpDouH.pkg	2751622d30b7cac798a8179c116688bf	EP4108-NPEB01364_00-AVDYNASTYW000051			133328	
NPEB01364	EU	Dynasty Warriors 8 - Dong Zhuo - Avatar	http://zeus.dl.playstation.net/cdn/EP4108/NPEB01364_00/GylmuDurYoFXmMZRwjzSGDEfCkCWaLEEQkFLqJfBZTlRUtiApPIdiJEcflprZAIZ.pkg	254607edabce59b93119833926ea180c	EP4108-NPEB01364_00-AVDYNASTYW000050			143968	
NPEB01364	EU	Dynasty Warriors 8 - Lu Bu - Avatar	http://zeus.dl.playstation.net/cdn/EP4108/NPEB01364_00/qMAoywdZUHGIherhslvNqAYPIGXujwsUDyQXWtSClbaIhKGQjZkLuISbuQMDnaqo.pkg	67c44a7691c6fbadf0531e32aa23d9cf	EP4108-NPEB01364_00-AVDYNASTYW000049			112512	
NPEB01364	EU	Dynasty Warriors 8 - Wei Yan - Avatar	http://zeus.dl.playstation.net/cdn/EP4108/NPEB01364_00/cWBRNwvZIXHacWiPFNqEBJIIBFDxbuTCrzFdwalnUBqJwbGVBYyLzIoMsrrBHeHd.pkg	c62ad32eba8c5913d7b3c97fa1053be8	EP4108-NPEB01364_00-AVDYNASTYW000055			143760	
NPEB01364	EU	Dynasty Warriors 8 - Guan Yinping - Avatar	http://zeus.dl.playstation.net/cdn/EP4108/NPEB01364_00/xLWwXOcdZnoUBdyKqmrSxnoGrUjUyHlyDCcxXjroLcHaeDUvmmoQSWVhrorTzdum.pkg	0d20bb13bf3618586135ec4dc0f7d536	EP4108-NPEB01364_00-AVDYNASTYW000056			102400	
NPEB01364	EU	Dynasty Warriors 8 - Zhou Tai - Avatar	http://zeus.dl.playstation.net/cdn/EP4108/NPEB01364_00/epxHqioxtZxvmBHWEHLoKNDVgMrmUyWSoOduxRdXySrQJdIEOHCaiXbmKfHYryfM.pkg	ae836d2d51827bf2d9894afb4d641f59	EP4108-NPEB01364_00-AVDYNASTYW000054			124176	
NPEB01364	EU	Dynasty Warriors 8 - Ma Dai - Avatar	http://zeus.dl.playstation.net/cdn/EP4108/NPEB01364_00/BPAzBfdlfZnTlXFDDQcAbMGiUSRyQsaHuYBphJzgjOTHkmHkJdBZZMwTmDIlTQfB.pkg	625d3acd485f96df718069b52605494e	EP4108-NPEB01364_00-AVDYNASTYW000057			131776	
NPEB01364	EU	Dynasty Warriors 8 - Zhu Rong - Avatar	http://zeus.dl.playstation.net/cdn/EP4108/NPEB01364_00/wHQNppaMNbZiwAoqAjmuAMImnIUOCScrmKhdOtSxudMPZLJXPPVUPZMosjXPTLDm.pkg	1c1fa00250db085447eea8eae4077d56	EP4108-NPEB01364_00-AVDYNASTYW000060			128272	
NPEB01364	EU	Dynasty Warriors 8 - Xu Huang - Avatar	http://zeus.dl.playstation.net/cdn/EP4108/NPEB01364_00/VkGywLIfEMoxmQVuiAgITWjcISDBMMPLwmyfpRYzhPnUmxHKdciQcLrdRdFzgwzT.pkg	57e4b12f21b3d265fe25b485adef79d9	EP4108-NPEB01364_00-AVDYNASTYW000061			102400	
NPEB01364	EU	Dynasty Warriors 8 - Ding Feng - Avatar	http://zeus.dl.playstation.net/cdn/EP4108/NPEB01364_00/bAkwBPQJCAJcDuBodvyJZMwcKSOwyfubEWeiIJtDsHMugexNBoByblZaQmSyHXuw.pkg	f8d1aef758f707046f59fdd944c7aff3	EP4108-NPEB01364_00-AVDYNASTYW000062			107632	
NPEB01364	EU	Dynasty Warriors 8 - Meng Huo - Avatar	http://zeus.dl.playstation.net/cdn/EP4108/NPEB01364_00/OnmGJIODWPtCFSKwNDIvAwQGvwDpryxdrJKgjfUlCWkRIierGuIffOjFcfxYUFtK.pkg	629395bc3dcfdb1980c4dc25a5986519	EP4108-NPEB01364_00-AVDYNASTYW000059			136096	
NPEB01364	EU	Dynasty Warriors 8 - Jia Chong - Avatar	http://zeus.dl.playstation.net/cdn/EP4108/NPEB01364_00/IswDBeETakePMgvppLtzaBlGyHYBTWunKKnJmoqvEOvvnzmwYWtzUHQQbFZSMEWd.pkg	29ff31620fbf065e18d05d2be8f174bc	EP4108-NPEB01364_00-AVDYNASTYW000058			116400	
NPEB01364	EU	Dynasty Warriors 8 - Lian Shi - Avatar	http://zeus.dl.playstation.net/cdn/EP4108/NPEB01364_00/uQuPwzmSSZndBjWOPKfUxOqZpDUYTbixZVrvxhaHgOfpsBBfSBkJTPfdDjaorDZQ.pkg	a368cff4459de6b137e0c0077679a2d4	EP4108-NPEB01364_00-AVDYNASTYW000063			102400	
NPEB01364	EU	Dynasty Warriors 8 - Pang Tong - Avatar	http://zeus.dl.playstation.net/cdn/EP4108/NPEB01364_00/yrCdhGILnySJWjfHyKdjzAQVDMGTrNUAcJkumzZKUQZvKHyUsNQrxSEYiaNuDwSV.pkg	127c414a2ea9f53c1985a751df96c940	EP4108-NPEB01364_00-AVDYNASTYW000065			134464	
NPEB01364	EU	Dynasty Warriors 8 - Yue Ying - Avatar	http://zeus.dl.playstation.net/cdn/EP4108/NPEB01364_00/DVZhzdzLCdsuVxNKRqQHGgmCIpaOFDCGGtWyhEsFptRXzCIzYgBxongFzfUwuaeG.pkg	442fba3ac4c40128b857e3554af88064	EP4108-NPEB01364_00-AVDYNASTYW000064			102400	
NPEB01364	EU	Dynasty Warriors 8 - Zhang Jiao - Avatar	http://zeus.dl.playstation.net/cdn/EP4108/NPEB01364_00/yHosHFjCqFIUSzpPhcLAjoZzTvSaHieHDTfXTUVIioYzpHFXlJpwaiWBfzhavvMz.pkg	9d276620f3ba936ec1a17a9d299aff17	EP4108-NPEB01364_00-AVDYNASTYW000066			126000	
NPEB01364	EU	Dynasty Warriors 8 - Zuo Ci - Avatar	http://zeus.dl.playstation.net/cdn/EP4108/NPEB01364_00/ECIulgSdwHVGhuTjQJDqqIaKPocHpeVPMRMCEKxuBzwCPYmPZngqXaHvHFUHTIJJ.pkg	730f0a262909439b30f48e5f45538f8d	EP4108-NPEB01364_00-AVDYNASTYW000067			115712	
NPEB01364	EU	Dynasty Warriors 8 - Guo Jia - Avatar	http://zeus.dl.playstation.net/cdn/EP4108/NPEB01364_00/nQQUPLsxuoUPUgzQPhRhPxKWVIKijYAPnJPRpdZPQaKvAeqLiekYAFZBWnfVESkO.pkg	022e2b207f6023cbd93779803bbbafee	EP4108-NPEB01364_00-AVDYNASTYW000068			107184	
NPEB01364	EU	Dynasty Warriors 8 - Xu Zhu - Avatar	http://zeus.dl.playstation.net/cdn/EP4108/NPEB01364_00/wIVDaJQgUDuCMgDDXULfzDOJYcdFzfOUMLQuUyBuBUEhQznkwHQxnrhsSdaOgXvx.pkg	5bd7a3c694d02c26d29781d24d175021	EP4108-NPEB01364_00-AVDYNASTYW000069			109216	
NPEB01364	EU	Dynasty Warriors 8 - Da Qiao - Avatar	http://zeus.dl.playstation.net/cdn/EP4108/NPEB01364_00/ZtIqSgUXxIPjKvUCcCsszCYhxhmDgrCikrKjqZDkJKyHfLRyDbpHgZwoJEpXepCq.pkg	687ed9fb7b38dc2443259f62da1b2e93	EP4108-NPEB01364_00-AVDYNASTYW000071			102400	
NPEB01364	EU	Dynasty Warriors 8 - Han Dang - Avatar	http://zeus.dl.playstation.net/cdn/EP4108/NPEB01364_00/aZryrQJyRCYxVckrJVqSWPZavnftKlXrqOELjQDEeVfaDsYwcaccBydePwiiTcTM.pkg	2f93792aad9833d2f8b6907a807252cb	EP4108-NPEB01364_00-AVDYNASTYW000070			102400	
NPEB01364	EU	Dynasty Warriors 8 - Guan Suo - Avatar	http://zeus.dl.playstation.net/cdn/EP4108/NPEB01364_00/werJOAdBydTRRtsXNRDgaaqKjrMekuFlscNYOoFGMvRUyGzhnwqABzMZGmTJqVhp.pkg	c8923ee27aeb98bada53e6705f829493	EP4108-NPEB01364_00-AVDYNASTYW000072			102400	
NPEB01364	EU	Dynasty Warriors 8 - Liu Shan - Avatar	http://zeus.dl.playstation.net/cdn/EP4108/NPEB01364_00/aNgupBdpNyzQRgDYmMuBkILtrjRBiWetRgixDfhqrElsDAhCiiQkliYGSgjjbZkb.pkg	fb4979ec0b343380742ede571b6ff01a	EP4108-NPEB01364_00-AVDYNASTYW000074			102400	
NPEB01364	EU	Dynasty Warriors 8 - Jiang Wei - Avatar	http://zeus.dl.playstation.net/cdn/EP4108/NPEB01364_00/KJbAYckmflTNRYSKdWWlXFamQGWKaAKOeDPPqCFJtumacdEAEQUfxzfpWgyrJqqH.pkg	42fca4f64cb2a6d844fb427f53f0bc8b	EP4108-NPEB01364_00-AVDYNASTYW000073			106304	
NPEB01364	EU	Dynasty Warriors 8 - Wen Yang - Avatar	http://zeus.dl.playstation.net/cdn/EP4108/NPEB01364_00/jHgbUwumKAwkBUrbsEgnxHQaBJwojnimTwNZCDVEaaMeyQYAFYOLgyMLTkiJmRJQ.pkg	9561ff2feff3573076bbdb91ee90094d	EP4108-NPEB01364_00-AVDYNASTYW000075			143088	
NPEB01364	EU	Dynasty Warriors 8 - Yuan Shao - Avatar	http://zeus.dl.playstation.net/cdn/EP4108/NPEB01364_00/WrWZeBjxknPVHJscQvkobmymmhOdiSLUeoHepJXeZOjKsJNnvcVHblKStxyqWoHw.pkg	3f4cd6b8fdb546a9fec56f24212515e7	EP4108-NPEB01364_00-AVDYNASTYW000076			113776	
NPEB01364	EU	Dynasty Warriors 8 - Zhuge Dan - Avatar	http://zeus.dl.playstation.net/cdn/EP4108/NPEB01364_00/tJQWwPnWnAGWrOuvOrHtAictrMxiiDqyxuDukWOyNeHggoqgFbUTZLmSWkGLMyvv.pkg	d2f3102338f5fbe3d9f4a2def477b69e	EP4108-NPEB01364_00-AVDYNASTYW000077			102400	
BLES01507	EU	Hyperdimension Neptunia mk2: Nepgear Avatar	http://zeus.dl.playstation.net/cdn/EP1063/BLES01507_00/MggOnXuiMfZzxWsbtkcZXOagLvdkhuUkdgjPhSXgoCspmvpIjPyroYBmDWOPcfEu.pkg	f7142136d74460c9a2f6e2ec831c3be4	EP1063-BLES01507_00-AVHYPERDIM000001			116032	
BLES01507	EU	Hyperdimension Neptunia mk2: Purple Sister Avatar	http://zeus.dl.playstation.net/cdn/EP1063/BLES01507_00/qorMMolMCbYXfOnYpxNNJsEMSmpytLZRGFeRsnvDPJBmcCoRhNlQFKFMgnKqVInT.pkg	61e695584e3b6d51126b265730016899	EP1063-BLES01507_00-AVHYPERDIM000002			106464	
BLES01507	EU	Hyperdimension Neptunia mk2: Uni Avatar	http://zeus.dl.playstation.net/cdn/EP1063/BLES01507_00/cfJXGyXZekNZGqBLtTmAsILCnTovUGrGnxMkJigzeHFArTVUtTbgeIbMhcxhsQSB.pkg	a3727e22308b2c6beb8d15dc17f40a02	EP1063-BLES01507_00-AVHYPERDIM000003			111648	
BLES01507	EU	Hyperdimension Neptunia mk2: Black Sister Avatar	http://zeus.dl.playstation.net/cdn/EP1063/BLES01507_00/GlwsWSTWsfDJUfMxoTHHrRRaYOjCOnOQPLNuuoxkrJRFPKbaCzHgwCfblHgltvgR.pkg	14b506ca1af0e1c146ee495879829ca8	EP1063-BLES01507_00-AVHYPERDIM000004			102400	
BLES01507	EU	Hyperdimension Neptunia mk2: Falcom Avatar	http://zeus.dl.playstation.net/cdn/EP1063/BLES01507_00/vjyDqdvrnmbSnQvNSUCKJRnKftOoRMsZQRflxqgOcEtMASyuxtDCUzawwwOAByIF.pkg	8d1e3925a50513b9259c2cac03869f75	EP1063-BLES01507_00-AVHYPERDIM000007			118144	
BLES01507	EU	Hyperdimension Neptunia mk2: Rom Avatar	http://zeus.dl.playstation.net/cdn/EP1063/BLES01507_00/cAFVMpoRugZVFPuXjDRDGlOUnpQvvYDqGURpyyCgqVrEWwnliqqZoJbCnqhuKAIx.pkg	8eedf47105414505f30433350d9c0fca	EP1063-BLES01507_00-AVHYPERDIM000008			102400	
BLES01507	EU	Hyperdimension Neptunia mk2: Ram Avatar	http://zeus.dl.playstation.net/cdn/EP1063/BLES01507_00/IOtdebMqxvjncDLFYENhkkMkWqxFeLBurcGSyzYuTmxzHiDjKgaXhQeRXorZWDqc.pkg	c07d119eeaf4f0a7af0f4d452a70e543	EP1063-BLES01507_00-AVHYPERDIM000009			109232	
BLES01507	EU	Hyperdimension Neptunia mk2: White Sister Rom Avatar	http://zeus.dl.playstation.net/cdn/EP1063/BLES01507_00/tsWGGGOCEljZmwPXPqGNCtEQUoIZYQBDLYalpaThSlgyixZJNXDctuVtsICwZJNh.pkg	5a1af5b5dcb716e21cc8de2e44ba70a1	EP1063-BLES01507_00-AVHYPERDIM000011			102400	
BLES01507	EU	Hyperdimension Neptunia mk2: CFW Judge Avatar	http://zeus.dl.playstation.net/cdn/EP1063/BLES01507_00/TzSPrsADalsCfZKPgkhFBuDtpHluTORWpnwqImQrgwInJkSqdAXYSeUvDvzKYJzU.pkg	67713cb3c1626a1585919281d7b0927e	EP1063-BLES01507_00-AVHYPERDIM000017			123920	
BLES01507	EU	Hyperdimension Neptunia mk2: White Sister Ram Avatar	http://zeus.dl.playstation.net/cdn/EP1063/BLES01507_00/RZCUlBmHqqRIYaXPNEPvxQIVzTZRxhFQrMceMSwkECxpgCGqPOTCXPoWxAIqMctR.pkg	30f80fff3c2bf25cf198b5abdae3214c	EP1063-BLES01507_00-AVHYPERDIM000012			102400	
BLES01507	EU	Hyperdimension Neptunia mk2: CFW Brave Avatar	http://zeus.dl.playstation.net/cdn/EP1063/BLES01507_00/BlrTGwukCWGMuSuJlGFPhfCtGpRYAqYCpeYtaFtQjaZxgfnWbsNcTksmWbHZuZKv.pkg	a8841ed0fcc9e38b7fb17024b285dbad	EP1063-BLES01507_00-AVHYPERDIM000018			135888	
BLES01507	EU	Hyperdimension Neptunia mk2: Underling Avatar	http://zeus.dl.playstation.net/cdn/EP1063/BLES01507_00/lCtozKKCWYBevfYqHOdmclNFBdJwbcKbyxmKeEamrlIiJqxbBrYFRnEklSQtzBth.pkg	7b468428bef932ac0d4f9c5dccc5c9ca	EP1063-BLES01507_00-AVHYPERDIM000020			102400	
BLES01507	EU	Hyperdimension Neptunia mk2: CFW Trick Avatar	http://zeus.dl.playstation.net/cdn/EP1063/BLES01507_00/vcbLToTjkMDnDzTkwDXJoNuBtzwHVjOTENZEPpkoDZouTGNYmOZFwjVKDNDItLHC.pkg	61e13ef619b5a30dd5449d48f8a0e0fa	EP1063-BLES01507_00-AVHYPERDIM000019			123216	
BLES01507	EU	Hyperdimension Neptunia mk2: Pirachu Avatar	http://zeus.dl.playstation.net/cdn/EP1063/BLES01507_00/egygiKwGPBRzzpCqKTaSuFjfRnVQEUvDLWCAXgpmQyYeJlVSAqWuPYbhywNHFleO.pkg	c3c746855d70f4f7901013f5740dc8e1	EP1063-BLES01507_00-AVHYPERDIM000021			102400	
BLES01149	EU	DYNASTY WARRIORS 7 avatar icon (Lu Xun)	http://zeus.dl.playstation.net/cdn/EP4108/BLES01149_00/yqhzmarMINLbhJXMlXqCQZJBYSKAKtKRsbfkmTSVtUXQBrNlYjJjnPbOIaUEHfOe.pkg	e7ea4a44df055c626e9844e7828879e0	EP4108-BLES01149_00-AVDYNASTYW000021			102400	
BLES01149	EU	DYNASTY WARRIORS 7 avatar icon (Dian Wei)	http://zeus.dl.playstation.net/cdn/EP4108/BLES01149_00/nnFSfjmUUkYDBbIymkGYCFKarFfsBSjxwkzWiyEdSeMMyqxPGJVbdScNKtfMzeGa.pkg	b2a11e7ccdcf57e95a3beccb997648f8	EP4108-BLES01149_00-AVDYNASTYW000022			102400	
BLES01149	EU	DYNASTY WARRIORS 7 avatar icon (Zhenｊi)	http://zeus.dl.playstation.net/cdn/EP4108/BLES01149_00/BfQOclxGeDiNLcualxYgbpIRjztEGqAFzFKnKvBbRMaFiBwCzPwTrYKpByvyBanw.pkg	fcee53f6be4885f463b2e464fbc66e5b	EP4108-BLES01149_00-AVDYNASTYW000023			119648	
BLES01149	EU	DYNASTY WARRIORS 7 avatar icon (Zhou Yu)	http://zeus.dl.playstation.net/cdn/EP4108/BLES01149_00/agdyvNaqHckJtitZhnATAjcHdOVoHnTbsZJWiRTMpAONlPOeZCONqAuBSzeaQDxE.pkg	64c03b94ad73436bd16ae5ef2a4f25a6	EP4108-BLES01149_00-AVDYNASTYW000024			102400	
BLES01149	EU	DYNASTY WARRIORS 7 avatar icon (Zhao Yun)	http://zeus.dl.playstation.net/cdn/EP4108/BLES01149_00/lVnfavxvTTBiqxuoCVabMGZexArUExWEGXwgYzDAzZQJgxIEcEfunkfcRfsWlgCn.pkg	d2ef6c43c33eac7cfaa45f8c4b010646	EP4108-BLES01149_00-AVDYNASTYW000026			109728	
BLES01149	EU	DYNASTY WARRIORS 7 avatar icon (Guan Yu)	http://zeus.dl.playstation.net/cdn/EP4108/BLES01149_00/OMyxCXYNxYWbZqgSoYqFWLLYqDNttlUZiMRfGhcfjsBfHquxMRVTFYeKaWtRjSYn.pkg	50d45cb5a29c77e07dd754f08214a2bc	EP4108-BLES01149_00-AVDYNASTYW000027			102400	
BLES01149	EU	DYNASTY WARRIORS 7 avatar icon (Sima Yi)	http://zeus.dl.playstation.net/cdn/EP4108/BLES01149_00/ffaJVmxyEOJNzBIBRfJUQWHlfLOHqhUcwLFhwEfsisSAzmplNtvxDMgcwmlTelsG.pkg	e2275bbaa8dd99cabea50b5412e7d167	EP4108-BLES01149_00-AVDYNASTYW000029			116864	
BLES01149	EU	DYNASTY WARRIORS 7 avatar icon (Yueying)	http://zeus.dl.playstation.net/cdn/EP4108/BLES01149_00/hvjzjMcZGhJdARGDMkkwYVBTWYGxQCVlgueidmDZrtYpLxERsUJTZIwvHaxPdpdP.pkg	8cc5a16149878165cac73c5ab2d8663f	EP4108-BLES01149_00-AVDYNASTYW000028			102400	
BLES01149	EU	DYNASTY WARRIORS 7 avatar icon (Cao Cao)	http://zeus.dl.playstation.net/cdn/EP4108/BLES01149_00/ibsfJNGLZFcpiYStDzostoUevLuXiyTBXQvcrTnbjMTIsfUgBPHVCuheMuhyRCHl.pkg	856b4e50964cb2380c9df7bfd08f87d4	EP4108-BLES01149_00-AVDYNASTYW000031			104608	
BLES01149	EU	DYNASTY WARRIORS 7 avatar icon (Sima Shi)	http://zeus.dl.playstation.net/cdn/EP4108/BLES01149_00/UrpkfzMEZPSdnYFCpEGjnxJVYoboYxztjVSgVVtYxTbmPFPhFMgqnVkivqaizEzQ.pkg	366c829238f6a77c8e85156007544c1f	EP4108-BLES01149_00-AVDYNASTYW000030			113536	
BLES01149	EU	DYNASTY WARRIORS 7 avatar icon (Xu Zhu)	http://zeus.dl.playstation.net/cdn/EP4108/BLES01149_00/AorTYPEDgOCBMgCScjyOszqCmlNXcCkzeXtfdxnInfUOzQazURTpRhgWzXUyFfNj.pkg	72f7b011ca592e466cdd9941a3154aba	EP4108-BLES01149_00-AVDYNASTYW000032			102400	
BLES01149	EU	DYNASTY WARRIORS 7 avatar icon (Sun Shangxiang)	http://zeus.dl.playstation.net/cdn/EP4108/BLES01149_00/qYRqpKANxAeuPoRhVjiLANXgEDpjMmpwtiKpsQgXszTGmrbgrzuDlmlNgUfHvkvv.pkg	c77cdbc09a20b89bb92f4728d5f82dcf	EP4108-BLES01149_00-AVDYNASTYW000033			107536	
BLES01149	EU	DYNASTY WARRIORS 7 avatar icon (Gan Ning)	http://zeus.dl.playstation.net/cdn/EP4108/BLES01149_00/YnNWkwEWdUKrLIYypzaxUULSNymeTNKrmlRMwbQCsMfjGbGyjMKmkRRBzZMICxyr.pkg	1b8b8ce3042322e141b9cbd90c6978b9	EP4108-BLES01149_00-AVDYNASTYW000034			119504	
BLES01149	EU	DYNASTY WARRIORS 7 avatar icon (Sun Jian)	http://zeus.dl.playstation.net/cdn/EP4108/BLES01149_00/lAeSfkIOAtUjjkgKYxnwhcTSEeePtWXnPqLqgfYWgqZGEsPoIVSHleQaxoOIsTro.pkg	730f51b8d1a2633f057fa93aafa9d860	EP4108-BLES01149_00-AVDYNASTYW000035			111728	
BLES01149	EU	DYNASTY WARRIORS 7 avatar icon (Zhuge Liang)	http://zeus.dl.playstation.net/cdn/EP4108/BLES01149_00/IuMLFjKgrrGmHuQCnrUGnmswvVYzbBTrtFRegRLzDhJPVCfwyawGVODyaBaVIyZG.pkg	57b08a82d43976547fc96365452f0ddc	EP4108-BLES01149_00-AVDYNASTYW000036			102400	
BLES01149	EU	DYNASTY WARRIORS 7 avatar icon (Liu Bei)	http://zeus.dl.playstation.net/cdn/EP4108/BLES01149_00/YuGrNyiZgpQHvazuymkDMDsEYfiaQUxKNUZnCCEZnlXKndJSZszkUXhxuPehAzDI.pkg	3cd448c6af4fadf36cd11313732630e2	EP4108-BLES01149_00-AVDYNASTYW000037			109168	
BLES01149	EU	DYNASTY WARRIORS 7 avatar icon (Sima Zhao)	http://zeus.dl.playstation.net/cdn/EP4108/BLES01149_00/bZSTxGDkdELvcvNGIQcvpjEeXviRUoRLkDuFXbiatnTnjZMWuwQiyHudsoquQyVZ.pkg	cd641be912ba6fa16769c15722ddfdbd	EP4108-BLES01149_00-AVDYNASTYW000038			107136	
BLES01149	EU	DYNASTY WARRIORS 7 avatar icon (Deng Ai)	http://zeus.dl.playstation.net/cdn/EP4108/BLES01149_00/qEaypxSliMqQjCvSppNGEKGqakdRNUjtQfHewfJliUdxWuZFgYisjbRyAcaQtcmH.pkg	ff84d7e956724ff5baf92d038225d6e2	EP4108-BLES01149_00-AVDYNASTYW000039			104416	
BLES01149	EU	DYNASTY WARRIORS 7 avatar icon (Xiahou Yuan)	http://zeus.dl.playstation.net/cdn/EP4108/BLES01149_00/rDQMQKvaYIlnKUHkeDJtMAMMSNylwgoyQoVVUAjLMcJCfDVOPquKZndyIuNjCPon.pkg	8eb2b43a874e17116b45714e6409eacc	EP4108-BLES01149_00-AVDYNASTYW000041			102400	
BLES01149	EU	DYNASTY WARRIORS 7 avatar icon (Xu Huang)	http://zeus.dl.playstation.net/cdn/EP4108/BLES01149_00/IYYKZoufYOOiSgRhBSSeEbIpIebbKyOQXbmZDdamVbadCoQlydRpnkyUDzvMESQh.pkg	8e4ad228cbaad8db75ec5178da0d0eb1	EP4108-BLES01149_00-AVDYNASTYW000042			102400	
BLES01149	EU	DYNASTY WARRIORS 7 avatar icon (Taishi Ci)	http://zeus.dl.playstation.net/cdn/EP4108/BLES01149_00/oZutYSXaUHUeWYFRTEWlSYSAwablhRPiYWAedmxPkwsaLODMlsUocTuZPLmHxUWA.pkg	6bcd0133c5669f60620833e98c95e6d3	EP4108-BLES01149_00-AVDYNASTYW000044			103216	
BLES01149	EU	DYNASTY WARRIORS 7 avatar icon (Lu Meng)	http://zeus.dl.playstation.net/cdn/EP4108/BLES01149_00/KDBrCGkzpRAxqxbOASXjbqGqrEbbrTmmZKouokQvsqRKVTbtxUavDvEvRBKScxmb.pkg	b03e90c7bba49a20d921c45076e003ed	EP4108-BLES01149_00-AVDYNASTYW000045			116224	
BLES01149	EU	DYNASTY WARRIORS 7 avatar icon (Cai Wenji)	http://zeus.dl.playstation.net/cdn/EP4108/BLES01149_00/JqJKLspyiispnxiDgMhbQGHVjYIZMlflHYdTtnVckFfiUEoGMYUFwQQVCSekBgRA.pkg	f36efdef66809208c6bd45cbf63d00d9	EP4108-BLES01149_00-AVDYNASTYW000043			102400	
BLES01149	EU	DYNASTY WARRIORS 7 avatar icon (Huang Zhong)	http://zeus.dl.playstation.net/cdn/EP4108/BLES01149_00/QvaCGAJsgCAXcpqKOlkivddoNmZenIBZnXsCytJZdoxgXhUAqOUVbikilmJEalPc.pkg	aebc88277106eba7e816a5e612a1fd17	EP4108-BLES01149_00-AVDYNASTYW000047			123504	
BLES01149	EU	DYNASTY WARRIORS 7 avatar icon (Ma Chao)	http://zeus.dl.playstation.net/cdn/EP4108/BLES01149_00/tZgFAbCYIVsmQfNDJvRZfdttBJWEgwSmmxqGWohviJkXHGkErjXEONDVWMjZRWuq.pkg	bb3d5a93b60560592ef90ae319a306f1	EP4108-BLES01149_00-AVDYNASTYW000046			120272	
BLES01149	EU	DYNASTY WARRIORS 7 avatar icon (Xingcai)	http://zeus.dl.playstation.net/cdn/EP4108/BLES01149_00/qCWNCcAKbbbzBRXBNwnsgLUkqalDgWmsGdJZZYLhkhvbWqjXrXOPbRxTdzKmlKHu.pkg	3f81230b293698cc3966c64ce71eb63a	EP4108-BLES01149_00-AVDYNASTYW000048			108640	
BLES01149	EU	DYNASTY WARRIORS 7 avatar icon (Zhong Hui)	http://zeus.dl.playstation.net/cdn/EP4108/BLES01149_00/qYtUUZddemeXFNKhCTnELfSbsyXHWZwnOhFhewkYWlvOLYhkouKcWzIVVlFRGMMh.pkg	381f786204c83f8ac45beb158c62d487	EP4108-BLES01149_00-AVDYNASTYW000049			114160	
BLES01149	EU	DYNASTY WARRIORS 7 avatar icon (Zhuge Dan)	http://zeus.dl.playstation.net/cdn/EP4108/BLES01149_00/WGsFmjpWTOsQsdBkcBzZLXTjWvxLGGYUZHwTwzdKRbYstaEcMxOMcEMrGqTJoCWU.pkg	808f8604d9eab792a3817aeb97b6ed28	EP4108-BLES01149_00-AVDYNASTYW000050			102400	
BLES01149	EU	DYNASTY WARRIORS 7 avatar icon (Cao Ren)	http://zeus.dl.playstation.net/cdn/EP4108/BLES01149_00/EwnnaAYSJUqLdlkRzKIwYtJIiDtVRBjktWNpAVsYORWpUxZBHwXIFGwUNxIoToEh.pkg	62a5bd63370b7167a5010a8eebd09634	EP4108-BLES01149_00-AVDYNASTYW000051			119984	
BLES01149	EU	DYNASTY WARRIORS 7 avatar icon (Cao Pi)	http://zeus.dl.playstation.net/cdn/EP4108/BLES01149_00/rdpubercFtIOaBjRTOPRRONbatolqhnWYzLrOUJUtuokHdAfrLklDfEFebAOOHHD.pkg	770aae6aab8c137f3e98cc3845550aa7	EP4108-BLES01149_00-AVDYNASTYW000052			102400	
BLES01149	EU	DYNASTY WARRIORS 7 avatar icon (Huang Gai)	http://zeus.dl.playstation.net/cdn/EP4108/BLES01149_00/IrjmpgRaIkoRGZMxfpgMNrwWnidvtbFAjDCFGjrkvpfOBiQNgGBwILMqnTVwRjbS.pkg	72da0a47dba1af07b94e3b364bd3aa1a	EP4108-BLES01149_00-AVDYNASTYW000053			102752	
BLES01149	EU	DYNASTY WARRIORS 7 avatar icon (Zhou Tai)	http://zeus.dl.playstation.net/cdn/EP4108/BLES01149_00/ZRgxlEBofHoMIanIvobvrPkHSIeEkppQFGvSgSnlpkSSCSvQKQSIPHAuVmfjenKb.pkg	94268ece22545a6319456fd206b2edd0	EP4108-BLES01149_00-AVDYNASTYW000054			102400	
BLES01149	EU	DYNASTY WARRIORS 7 avatar icon (Xiaoqiao)	http://zeus.dl.playstation.net/cdn/EP4108/BLES01149_00/vXKPvHfsEATHVDkdLxDcxjlgqpopymvDlCVgALjehLDsyyYnNJGSKUshRgsWJOYf.pkg	aae830e0c76427442aeb75131e6f7ac6	EP4108-BLES01149_00-AVDYNASTYW000055			102400	
BLES01149	EU	DYNASTY WARRIORS 7 avatar icon (Guan Ping)	http://zeus.dl.playstation.net/cdn/EP4108/BLES01149_00/bAGvGNzvTZoQloVKqwgOJnnoHPzXvpIDCwERdHKBrdAHwxHEuXABNUHjFayXgMMv.pkg	1b2ca9ee169e9a0426f54fbccd4e6f9d	EP4108-BLES01149_00-AVDYNASTYW000056			102400	
BLES01149	EU	DYNASTY WARRIORS 7 avatar icon (Pang Tong)	http://zeus.dl.playstation.net/cdn/EP4108/BLES01149_00/QClgmpGqkDuSdwkYNwzDswwQGmirPkxzfRpDZPFGHWeLGhwBODOsyAPrDvdlwDGD.pkg	f3f8899806488c8433cd5c110cc7d326	EP4108-BLES01149_00-AVDYNASTYW000057			127808	
BLES01149	EU	DYNASTY WARRIORS 7 avatar icon (Xiahou Ba)	http://zeus.dl.playstation.net/cdn/EP4108/BLES01149_00/tffrZodMvFxWFzTwOqmFyETBcWJDINBTTKDLCQbdLIaUFoULKdPtKJpIHOQUjfnO.pkg	14870b2f3b619311a48f5de8f438d651	EP4108-BLES01149_00-AVDYNASTYW000058			109440	
BLES01149	EU	DYNASTY WARRIORS 7 avatar icon (Guo Huai)	http://zeus.dl.playstation.net/cdn/EP4108/BLES01149_00/jsTuTiEGQbVCrswiBqEQpjnERJkARbBySGLAKIkzhEielUYRDPVeICaEjrSYHzrG.pkg	032b48e6dbbeb8a83f9e61779b40c8bf	EP4108-BLES01149_00-AVDYNASTYW000059			102400	
BLES01149	EU	DYNASTY WARRIORS 7 avatar icon (Diaochan)	http://zeus.dl.playstation.net/cdn/EP4108/BLES01149_00/xTccINZtTcyIKGpvzFhHbbYOZFBwGUlafJWgQBflVjphKYJYcRzoNbKcGFumPwQL.pkg	912cf33034cc290c3f861d10fb9a7bb7	EP4108-BLES01149_00-AVDYNASTYW000060			102400	
BLES01149	EU	DYNASTY WARRIORS 7 avatar icon (Zhang He)	http://zeus.dl.playstation.net/cdn/EP4108/BLES01149_00/sBMvTRUlpNzpGDwCczQSaMWYENoZfrzjxqAfXFEYJtZXBbsDMDLRjFPeYQtObObt.pkg	69091c25426536a8d39c2fd7017c03c9	EP4108-BLES01149_00-AVDYNASTYW000062			102400	
BLES01149	EU	DYNASTY WARRIORS 7 avatar icon (Zhang Liao)	http://zeus.dl.playstation.net/cdn/EP4108/BLES01149_00/xBsazbkkjCBufLeHxFCZegkGPklgjyYnulRAvOzhiJIPPbvfyfmFJHfNvSIPPIFL.pkg	38c452cfe496f6e030f58b83818a5bca	EP4108-BLES01149_00-AVDYNASTYW000061			122032	
BLES01149	EU	DYNASTY WARRIORS 7 avatar icon (Sun Ce)	http://zeus.dl.playstation.net/cdn/EP4108/BLES01149_00/HuVPLGXAVkeIBOFlqnbXxalieQEjvxnUbjwCPOGWiEKusBdcuPTsBFazghuATkvJ.pkg	bf5b324cf5ae1766c036dc5fa1af87ad	EP4108-BLES01149_00-AVDYNASTYW000064			102400	
BLES01149	EU	DYNASTY WARRIORS 7 avatar icon (Wang Yi)	http://zeus.dl.playstation.net/cdn/EP4108/BLES01149_00/zTBJxWjqTroCRpNZBITwVTysaFzudlrXqEYWQGecdIJsMWQZKPZfCnTcubdMTAxH.pkg	4739f3dbf26d99a8ab6adbcdb4b21a9f	EP4108-BLES01149_00-AVDYNASTYW000063			102400	
BLES01149	EU	DYNASTY WARRIORS 7 avatar icon (Sun Quan)	http://zeus.dl.playstation.net/cdn/EP4108/BLES01149_00/LxzCMhvyTPFEAkZuCVBehVHPJjQKcgZJMTSSpgYwNaLasXUjjIpkrjaQVeYTBMmq.pkg	22d41aab40c3dacbdf877668a1eac4bb	EP4108-BLES01149_00-AVDYNASTYW000065			102608	
BLES01149	EU	DYNASTY WARRIORS 7 avatar icon (Jiang Wei)	http://zeus.dl.playstation.net/cdn/EP4108/BLES01149_00/WoBOkDdTnptcjGjDHJNIHblIyZvhLzXURDdNaRQRsdJriqxbJoyHirAgYxNugUOu.pkg	aa0d793445e9b4f558be14fd03584523	EP4108-BLES01149_00-AVDYNASTYW000067			102400	
BLES01149	EU	DYNASTY WARRIORS 7 avatar icon (Zhang Fei)	http://zeus.dl.playstation.net/cdn/EP4108/BLES01149_00/VxfvEXAScKCpQnwdxYupMIzIOrlKKPZyvNbrmmWGUuIyTSlvzMcZMbbxQrNcDglk.pkg	e748f90ecc4f3a5896394084057f564e	EP4108-BLES01149_00-AVDYNASTYW000066			107184	
BLES01149	EU	DYNASTY WARRIORS 7 avatar icon (Bao Sanniang)	http://zeus.dl.playstation.net/cdn/EP4108/BLES01149_00/YEJVHVLwdJyvjfbHsFdBFOUYHyTYEUscrLWuRsDIBXDXpemTMcUQmcABJIZYjIRZ.pkg	da8f7a28a5cf74b61ef5f73cb85f67f6	EP4108-BLES01149_00-AVDYNASTYW000068			117088	
BLES01149	EU	DYNASTY WARRIORS 7 avatar icon (Dong Zhuo)	http://zeus.dl.playstation.net/cdn/EP4108/BLES01149_00/TOmkEJiEjMSqaQeSdIiNGHwpCpiESgVgoeyrDzQlDwUqpidTroOfIoxBGZqbkThx.pkg	490527f104ebb65a3c9827955ad606ea	EP4108-BLES01149_00-AVDYNASTYW000070			130528	
BLES01149	EU	DYNASTY WARRIORS 7 avatar icon (Lu Bu)	http://zeus.dl.playstation.net/cdn/EP4108/BLES01149_00/drZWYuDNvPBUZRJmKMwcufxxQfPCdbxiygAObxDzjuUUvdAtmlgiDLrTomkwKWYc.pkg	e502dfb85d4c0324b5dbcc0f0d034029	EP4108-BLES01149_00-AVDYNASTYW000069			108336	
BLES01149	EU	DYNASTY WARRIORS 7 avatar icon (Pang De)	http://zeus.dl.playstation.net/cdn/EP4108/BLES01149_00/ElDOmHSfvjWgDEmFQhYVOPfUWPsoCjohSKwamTtofpKTKCqgxuqcNkqnCZsKZGVu.pkg	b5cc0e71b8d1b99af17559d79666f08f	EP4108-BLES01149_00-AVDYNASTYW000071			136992	
BLES01149	EU	DYNASTY WARRIORS 7 avatar icon (Ling Tong)	http://zeus.dl.playstation.net/cdn/EP4108/BLES01149_00/AEFhcdIvEbGSGKKYPILWsnyuEbdBtFQTJEVpChyrlIrTtkUfPOwlDLYxkAmKrBVj.pkg	719ef26749c5efdf6128a630c1684c72	EP4108-BLES01149_00-AVDYNASTYW000073			112848	
BLES01149	EU	DYNASTY WARRIORS 7 avatar icon (Jia Xu)	http://zeus.dl.playstation.net/cdn/EP4108/BLES01149_00/JvclBCsuTOHsOLEPnSIiZHPAkZMIGAeqlGGgWpOhIkdorOawYFRPUfGZcwSldnIu.pkg	bb3359e91537db1c3306e34e939d5ebf	EP4108-BLES01149_00-AVDYNASTYW000072			109312	
BLES01149	EU	DYNASTY WARRIORS 7 avatar icon (Ding Feng)	http://zeus.dl.playstation.net/cdn/EP4108/BLES01149_00/SctbkGMzhySjWkqeiPeVMIAmFpKZIkGrInBcySNFfSDIoCphlmQjEljYHFvVUMzT.pkg	b392c99341f86fd8034ac9c7b1451218	EP4108-BLES01149_00-AVDYNASTYW000075			110656	
BLES01149	EU	DYNASTY WARRIORS 7 avatar icon (Daqiao)	http://zeus.dl.playstation.net/cdn/EP4108/BLES01149_00/jnTiGVHyursRmIYYHTxyRfDIBtqfCQAZjQqwPwTnjWALUpOGBnorftyYTrADYZDx.pkg	96b526a9b4b1095be0a0ddfed4f5f784	EP4108-BLES01149_00-AVDYNASTYW000074			102400	
BLES01149	EU	DYNASTY WARRIORS 7 avatar icon (Ma Dai)	http://zeus.dl.playstation.net/cdn/EP4108/BLES01149_00/nHeTaEeNRjRLPOjlrbGLEiSFaNpVJzufbjcTBOluvAKNhtjovalOSTdPouSSzRkz.pkg	9f4180d609a3c5b0dd7669e36d0d4820	EP4108-BLES01149_00-AVDYNASTYW000077			125344	
BLES01149	EU	DYNASTY WARRIORS 7 avatar icon (Wei Yan)	http://zeus.dl.playstation.net/cdn/EP4108/BLES01149_00/hwTkNtyezSAXwCysHCEnpaVlCjMdjHhzHvoIAXurOjVzQyRfaiLnvwNjRkVILACV.pkg	a4de9ff5ec4e65198e8f0d67c2ac8828	EP4108-BLES01149_00-AVDYNASTYW000076			129312	
BLES01149	EU	DYNASTY WARRIORS 7 avatar icon (Yuan Shao)	http://zeus.dl.playstation.net/cdn/EP4108/BLES01149_00/XXfChhQyjLHWMCLtAqWDVWZMhkJoUHBaPhPnVwnvbwynquvgCebTePFXYMFveaOE.pkg	450a52556770ca361555fbcd3187d5d8	EP4108-BLES01149_00-AVDYNASTYW000078			105280	
BLES01149	EU	DYNASTY WARRIORS 7 avatar icon (Meng Huo)	http://zeus.dl.playstation.net/cdn/EP4108/BLES01149_00/CsxcyVqQOHchpgjGCENPSGPJrxHftAcOGeRrthxDvyqLmkWcSlhrrXfzKwquhsTb.pkg	9a67220263d464a95958cf77eea25235	EP4108-BLES01149_00-AVDYNASTYW000079			132192	
BLES01149	EU	DYNASTY WARRIORS 7 avatar icon (Zhurong)	http://zeus.dl.playstation.net/cdn/EP4108/BLES01149_00/RIFUoyKtNwQVYquvKFRNRsvkJGrUQRjwjrFcFirpXoENImdrpHoSVVnQmZdpaWoC.pkg	1daa50eff89e2c3c7ef975d9ff3a1c3e	EP4108-BLES01149_00-AVDYNASTYW000080			121040	
BLES01149	EU	DYNASTY WARRIORS 7 avatar icon (Guo Jia)	http://zeus.dl.playstation.net/cdn/EP4108/BLES01149_00/JhQlTQpdXolVCnaBFnKHIKWodVkOLETrselYqhSvICBzJqqIzUUwYWarHsPbEnJk.pkg	3a04d0d7697ed53902a7b910c469026b	EP4108-BLES01149_00-AVDYNASTYW000081			102400	
BLES01149	EU	DYNASTY WARRIORS 7 avatar icon (Lianshi)	http://zeus.dl.playstation.net/cdn/EP4108/BLES01149_00/xgNziGBsDQLVTjIchJaMgtbpRzUghwsKhFawSFIdhGWRrMuzAvVflcbUQyheGLNc.pkg	c42d448e74786a74a4940dc49f993433	EP4108-BLES01149_00-AVDYNASTYW000082			102400	
BLES01149	EU	DYNASTY WARRIORS 7 avatar icon (Xiahou Dun)	http://zeus.dl.playstation.net/cdn/EP4108/BLES01149_00/mbzWbnkKDmgkMEAdYgoQBMsvTegyaUMllqEOXesJQKKwvEdMwfygytdtPnvqCcLr.pkg	55a80ffe0426d038a0eb10c818332d9e	EP4108-BLES01149_00-AVDYNASTYW000096			107040	
NPJH50492	JP	πü┐πü⌐πéèπü╖πéê	http://zeus.dl.playstation.net/cdn/JP0177/NPJH50492_00/LoTOPOQwnGOqVYBeNfnvXsUeLIWcJrvVjalknHmxdvKRfOtvlgsCHJcOSstQsJrjHWYTEEXZwwzGhnvDLnQqgnnuoCqaCvcuEHXXC.pkg	d4156581961c7371f648b57ef4b46763	JP0177-NPJH50492_00-PUYO20THAVATAR01			102400	
NPJH50492	JP	πüéπüïπü╖πéê	http://zeus.dl.playstation.net/cdn/JP0177/NPJH50492_00/TUWykuwsxLTCqHmGOqkplBzCSEGimkyzvhfwXectygMWTtoGdIdjWLdzsVDyBMgKbnqHzwAwKfGKAVoJMdOAvvIRfupsrMyHdANaR.pkg	b0fe77fe0e454fe5f52aece0078c7f3f	JP0177-NPJH50492_00-PUYO20THAVATAR02			102400	
NPJH50492	JP	πüéπüèπü╖πéê	http://zeus.dl.playstation.net/cdn/JP0177/NPJH50492_00/oHWgKXVYHQVIeMzYxVnapPUUuVngQsozeXcyMxuIHqjaSKRHuzWbMohHVCXqRpbDXrCTuHZsNsgOcvmyDXcryyquWQmMaxstFSFml.pkg	b0a8ce71e17dbb1c9862766dca5355b7	JP0177-NPJH50492_00-PUYO20THAVATAR03			102400	
NPJH50492	JP	πüìπüäπéìπü╖πéê	http://zeus.dl.playstation.net/cdn/JP0177/NPJH50492_00/QfLMxQTQplWJxYQCNLyFVdJDHRcxQijzSKiQwPbRZlGwrGMMXsPWsWQKezwJGoEQOrmMIKyDsRqJerbwvdspxNzVXDdAUFyVmmdqL.pkg	991ee824b77dae46b7155c95d6797d92	JP0177-NPJH50492_00-PUYO20THAVATAR04			102400	
NPJH50492	JP	πéÇπéëπüòπüìπü╖πéê	http://zeus.dl.playstation.net/cdn/JP0177/NPJH50492_00/fWchmCSlmCFBpUzpQgEPFrNZOkkVnbBeGKSIOnexjCuDHyTMDknNHpTnKvUMgkcztARndZMTcQbWMJbfDOscqicAyqRPbNKrYjnxr.pkg	fd4a0879b3022d56c6c33f27ad27e497	JP0177-NPJH50492_00-PUYO20THAVATAR05			102400	
NPJH50492	JP	πéóπâ½πâ½	http://zeus.dl.playstation.net/cdn/JP0177/NPJH50492_00/XfwsgEKlwkvwWthKOAgwINvMHCZNZWXvISPEiaYGQRdkHpPljNIjBmKWWapgWEgmSAfIBvHsJKRshcGciSMbvCnciSSRHTZOpNKeG.pkg	525dad466cf275b7b22dd93a94846e27	JP0177-NPJH50492_00-PUYO20THAVATAR06			102400	
NPJH50492	JP	πéóπâƒπâåπéú	http://zeus.dl.playstation.net/cdn/JP0177/NPJH50492_00/TTjrVKIYaKmfDpmpDkmLLNOFHHPZLQWZJsctDlRjWzDDmEzgTtmsUohsFglXKHFBcNJTKdFDUkCZaXkXwnEeSVEdMGUxNYithjbrn.pkg	bd9cfa87ab1a030188ba089ad02b2117	JP0177-NPJH50492_00-PUYO20THAVATAR07			102400	
NPJH50492	JP	πéèπéôπüö	http://zeus.dl.playstation.net/cdn/JP0177/NPJH50492_00/JuBmLWzpOxlHAJlSSHRHtTdOxMDtFPywlgTQJtIVqEsiwLxxjGkjqkJYtzJjfNjSHUugKYZZpzFhpkyDNLbSSjNpAeGWCoYCyYYhj.pkg	c4c457c0839a640cf81e8077a3d42080	JP0177-NPJH50492_00-PUYO20THAVATAR08			102400	
NPJH50492	JP	πü╛πüÉπéì	http://zeus.dl.playstation.net/cdn/JP0177/NPJH50492_00/ToBTuoyuUCAuAFKaFXUJiaAqgrKIofjaFOWIDQpZiltNdNOLRlxmIKfMTUjvOaoRvvmXIhjfkkmdAzIYKIuXeFoIqEUNBWqzklaLE.pkg	b42cf9ea3f44ca3b629f28c2be186b19	JP0177-NPJH50492_00-PUYO20THAVATAR09			102400	
NPJH50492	JP	πéèπüÖπüÅπü╛πü¢πéôπü▒πüä	http://zeus.dl.playstation.net/cdn/JP0177/NPJH50492_00/PGTOnYEhdfGqvcJGRWChCDlUgmSvaPPpkesTQgEXVLkYQZxeguHJHjxMzfwefaaWqRpnIKSycokdheuMCsSZOJKebdIfngLbGXaBR.pkg	3af5798c07e494e1e2812be104f320cb	JP0177-NPJH50492_00-PUYO20THAVATAR10			102400	
NPJH50492	JP	πâ⌐πâòπéúπâ╝πâè	http://zeus.dl.playstation.net/cdn/JP0177/NPJH50492_00/nyrqwtwPWgZRnQEDKGfQVsdeDlqxBcWGNbRNoPvKWCjGBnKANhPwNBBnJKIHqpJGUadacwglAEmFmjKISNsgMsRTZZVDaDxYGJqPp.pkg	704ce08272dcb1891b01e56bf3074a04	JP0177-NPJH50492_00-PUYO20THAVATAR11			102400	
NPJH50492	JP	πé╖πé░	http://zeus.dl.playstation.net/cdn/JP0177/NPJH50492_00/WMBSZhCJLDZQzcFrkrqrbagGPILDYlvhYeibmvJgAJWFxsyUeEVOXgSkldGTtbgHeZvTuKBynKUeYJJDRlFzqXZogFBtEcfQkLgnW.pkg	8e4e55075dee4f810f7eaa69210ea2f4	JP0177-NPJH50492_00-PUYO20THAVATAR12			102400	
NPJH50492	JP	πâòπéºπâ╝πâ¬	http://zeus.dl.playstation.net/cdn/JP0177/NPJH50492_00/IJWNPIkZxdfnHLjhrEejATpNrCcPMHtBOPlppCnznHtwZeiDlBziOhMvTkfxtvbtZxPUlpYPshbqiDuByMdPnaqklFgcnEBxkkqtg.pkg	8aae82c179055e3dbfdf1cd389067eb8	JP0177-NPJH50492_00-PUYO20THAVATAR13			102400	
NPJH50492	JP	πé»πâ½πâ╝πé»	http://zeus.dl.playstation.net/cdn/JP0177/NPJH50492_00/ApSXwtfEbjocYsvyMeHfpeJOqYgIUTlWnsbetpzzLvUWXuEcBxsHTjHhpIDuNojOTBiNjLGMSyDrzWBaGFOhkGcQBsXQdJArdgRjy.pkg	ad27e5e99650cb7bf4a7f6e2c0488c17	JP0177-NPJH50492_00-PUYO20THAVATAR14			102400	
NPJH50492	JP	πâ¼πâáπâ¼πé╣	http://zeus.dl.playstation.net/cdn/JP0177/NPJH50492_00/gYwBPhGxfwwyJxNhpcCQvhwFvMpTCDVTLoACkSiNVebDSjuIGKIeUYFYLxklbSzOokZfxbTcXkQBBkPibhHUziMGfTHtlTOrprsic.pkg	441c88cda3a33d85f588f3c2aeb45e5d	JP0177-NPJH50492_00-PUYO20THAVATAR15			102400	
NPJH50492	JP	πé╡πé┐πâ│	http://zeus.dl.playstation.net/cdn/JP0177/NPJH50492_00/ankVIsFvIPqTawkLUZrNyFQKLyyrgzaaWtcqlGVEkoXVpojcQgxfWFYVfmbwvCrlRlycYJVUvQbOdIkJDEUJoKhUbKAaOivFdjgNK.pkg	ecd97dcc2aad8770139305c47a44582e	JP0177-NPJH50492_00-PUYO20THAVATAR16			102400	
NPJH50492	JP	πâ½πâ½πâ╝	http://zeus.dl.playstation.net/cdn/JP0177/NPJH50492_00/MPzqBAnSjFBqfxCvuhEHeKaQjhyuIdMzIONiwYRvPhofOMnlbWSgxYBQuUmAyEPyJCVpOKDAyItTbdnVOEAhhwpLcbQioAwtRtEIA.pkg	cc4030567457df8eb50c937aa9e7ba5e	JP0177-NPJH50492_00-PUYO20THAVATAR17			102400	
NPJH50492	JP	πé╖πéºπé╛	http://zeus.dl.playstation.net/cdn/JP0177/NPJH50492_00/gcCyIXFjryuOLtYpRAsAfpCVkIfYBHDMvEiVvSgnnuIdIDrrZKLfovqfTZjvRsKTdHAKYouOeFJjEZkMdleFrYBfZyJyEoNBQAmXR.pkg	40b60366a84a3791d4293e311e12cdeb	JP0177-NPJH50492_00-PUYO20THAVATAR18			102400	
NPJH50492	JP	πé½πâ╝πâÉπâ│πé»πâ½	http://zeus.dl.playstation.net/cdn/JP0177/NPJH50492_00/oEBDsAYNnOTXBzOEzJkPEwaKbqEliYIyuCuUiMCXBkslfpXyxqtCMpiDuEiSpmoQQdrZKIxERXuGjlkFpZGpJnrlJJPCqizlwnqgw.pkg	eae1567300b6789f0444f4f7c72f387c	JP0177-NPJH50492_00-PUYO20THAVATAR19			102400	
NPJH50492	JP	πüÖπüæπü¿πüåπüáπéë	http://zeus.dl.playstation.net/cdn/JP0177/NPJH50492_00/IBCGlBnvxMCFmTGIdzhJibrOnUqAMxcGVqdlYaOdImtPFRElrHQvTxumtvAQirSTCTjuNXsMtikdzUTOkhHIQDrWPPMXScvejmROR.pkg	9ce348e7e0ea1a672d5310a8fdc992cb	JP0177-NPJH50492_00-PUYO20THAVATAR20			102400	
NPJH50492	JP	πâëπâ⌐πé│πé▒πâ│πé┐πéªπâ¡πé╣	http://zeus.dl.playstation.net/cdn/JP0177/NPJH50492_00/NoiFcSJKTTGzNYQjNBjsgIkxWnKBBbmrGGpIRyjUIcjXiEFiBGyqoYlbQjZBQsViXWvLbehyOSYMcdBLAUBSkIGiZdRMRtwueMEOP.pkg	80dd5bf7eafdb3ac43bd347fb5f5f8eb	JP0177-NPJH50492_00-PUYO20THAVATAR21			102400	
NPJH50492	JP	πé¿πé│πâ¡	http://zeus.dl.playstation.net/cdn/JP0177/NPJH50492_00/fcnOqPdsKXgZQoxbbLLvDBzTUlJLSYTBjSsfnhaJkKGcldgJofaAowpfXLzXLFqbxfXjoPuAwkYZUVZcPOrerbLcUQwnbXQhSSsxr.pkg	3579126dc48038c367777cec06bd806c	JP0177-NPJH50492_00-PUYO20THAVATAR22			102400	
NPJH50492	JP	πéóπé│πâ╝πâ½σàêτöƒ	http://zeus.dl.playstation.net/cdn/JP0177/NPJH50492_00/EAEhzitoIlmrHjFoyrQKrJFqgoBhgLAogvCuGDiVeUZYKVYGkSDPXTOtuGCcWbbijUIfTifCJWUMjmRLnzRVtaWSkarXOoUMxLbar.pkg	a34a6d57e6b820f8c7e585b8e7791c64	JP0177-NPJH50492_00-PUYO20THAVATAR23			102400	
NPJH50492	JP	πâ¬πâçπâ½	http://zeus.dl.playstation.net/cdn/JP0177/NPJH50492_00/AzyZaYhxhXxMePIqcceJiyjEfSVddudqzqAsaSfIPnEPhESDbEzQRhuJpEnRyoTMgxSQvzewBIBWHoowgjaQLHneIfvcCDRZhUPTz.pkg	63d718f86d3e5d45aeceb7ab36c9b32a	JP0177-NPJH50492_00-PUYO20THAVATAR24			102400	
NPJH50492	JP	πâªπéªπüíπéâπéô∩╝åπâ¼πéñπüÅπéô	http://zeus.dl.playstation.net/cdn/JP0177/NPJH50492_00/KhOusRclXDAOTquCGNCsPcvesXtyiyhUKdrFFbggfyFOinEOpBuErlMteIMlTlhBZgOPOgLSueydNxwzGBqZtOriAxItnGubVAcSB.pkg	f90e44f3ff1f994c81e22b8e0032cb71	JP0177-NPJH50492_00-PUYO20THAVATAR25			102400	
NPJH50492	JP	πüèπü½πüèπéô	http://zeus.dl.playstation.net/cdn/JP0177/NPJH50492_00/lKxbZSWpOczRHCMGiMmIHFgKWxGWuLKXqTpGoycQsTFnaWkPGNWyvmLhvIAMrbAXuapMJxLKWNDjpDphtDkPmZmzhkjwjDtYQLTDU.pkg	058bcc28a49e2692e42b8dd691504a32	JP0177-NPJH50492_00-PUYO20THAVATAR26			102400	
NPJH50492	JP	πü⌐πéôπüÉπéèπé¼πé¿πâ½	http://zeus.dl.playstation.net/cdn/JP0177/NPJH50492_00/TXjMBMwqPhHeLNmuEURZwpWeUKSszqzTsAtwWgRuKGckjvxpRwJTKlxDLCPhNLnTBeeuAEatqBoWXIQcXZpFpDuYQiUSBPfHiFXMx.pkg	5877d3f3ea95372de69fec019c1af240	JP0177-NPJH50492_00-PUYO20THAVATAR27			102400	
NPJH50492	JP	πéªπéúπââπâü	http://zeus.dl.playstation.net/cdn/JP0177/NPJH50492_00/HQZIDrjXRWXXHFHLaZtCBqOgwRzgvxbxYZLqCElznPDGZfnkzTFQldQVBdFsKWUwIrnHdufJwQpTUmhZQXOhIKcTfQWyGDOctYfOJ.pkg	aee36b216eecefb0818531b4809742f1	JP0177-NPJH50492_00-PUYO20THAVATAR28			102400	
NPJH50492	JP	πüòπüïπü¬τÄïσ¡É	http://zeus.dl.playstation.net/cdn/JP0177/NPJH50492_00/beAVOLdurtJHHiWQfjxjTnQgjaRDiGLjZcYFnZpVgFYvcDfuatYWQqjeBGUVYuQhYGtyUhOtVCVxGWunKPftbpKRwwYjBRaWMKIid.pkg	e26cfd2181f7fa4f7967eac6099a7897	JP0177-NPJH50492_00-PUYO20THAVATAR29			102400	
NPJH50492	JP	πüéπéäπüùπüäπé»πâ½πâ╝πé»	http://zeus.dl.playstation.net/cdn/JP0177/NPJH50492_00/HONTKWVmUItdYBTiniYOnjZvXgVqwGLNSHcBOOrTmqnVpoXVQsjisrqofBvISjXmgYMhstyPetVNbOqKRdiKWtNKnnaTojcbsWVfv.pkg	8826154820378c9552ffdd7eca3466b1	JP0177-NPJH50492_00-PUYO20THAVATAR30			102400	
NPJH50492	JP	πüÅπéìπüäπé╖πé░	http://zeus.dl.playstation.net/cdn/JP0177/NPJH50492_00/fmcQWMOWxWDABqSHPbfkwjgqXRofShELKeNIzeHvfuuddljCNfGpxSPGNNrSJNRpyhaAtjTyCBwnexwInNrJzMSeJhuMunsoyMNYZ.pkg	422725e960d068810813b6a46c96e763	JP0177-NPJH50492_00-PUYO20THAVATAR31			102400	
NPJH50492	JP	πüéπüïπüäπéóπâƒπâåπéú	http://zeus.dl.playstation.net/cdn/JP0177/NPJH50492_00/OlcZTnyduAnlQbVVRosaRjYqUrpNKAFzrDbCiaalrXYyXGyEIozStWVgzbtzzBiqwrnTNQJZdrDTdQOXWwFBmBfRlUlgIZryQxvwv.pkg	182ded6ec7111193019aaaba44f369be	JP0177-NPJH50492_00-PUYO20THAVATAR33			102400	
NPJH50492	JP	πüìπüäπéìπüäπé╡πé┐πâ│	http://zeus.dl.playstation.net/cdn/JP0177/NPJH50492_00/pusOglJOcTAamZWGuHzWjgpIeYWvXqlGNYCWObJkxyGDTijitKCiZyQMJtmliwHDAaGEZZhpYgjODTAjXzQOCVJiDYOXLTOKEkHwR.pkg	20295dff0de5bdb639c39e75494e625a	JP0177-NPJH50492_00-PUYO20THAVATAR32			102400	
NPJH50492	JP	πüùπéìπüäπâòπéºπâ╝πâ¬	http://zeus.dl.playstation.net/cdn/JP0177/NPJH50492_00/HfCnayCzJAfgtxovJHHlHlWSHgCKICtmSRZjuQtPPXhzQJqpUGWWmXqsrGjHfkbVljqsxTZbOleCGllUnrfNzwFhvmmWtDoXMYgMp.pkg	6d5e41ea4798e5c8684fcda0cf393ced	JP0177-NPJH50492_00-PUYO20THAVATAR34			102400	
NPJH50492	JP	πüïπéÅπüúπüƒπé¿πé│πâ¡	http://zeus.dl.playstation.net/cdn/JP0177/NPJH50492_00/SECYIoirCqwilEyqzRYVdPEeWxkWFwErCAsJzzOYTOGDRcxctxkvKvmiJMLVKQHXLHTFOZaYqLjreTHmvGfMXqPABObjxPAbcGAgd.pkg	bc115b3076fed60d2cf8f4706cb88df9	JP0177-NPJH50492_00-PUYO20THAVATAR35			102400	
BLUS31193	US	Assassin’s Creed®IV Black Flag™ - Crest Avatar	http://zeus.dl.playstation.net/cdn/UP0001/BLUS31193_00/aKggzfSuEdtGOQLlIwBgyUxLWldCCgJWZfJYiwsqYVdWMcnDahcdQzNpisDIBvTG.pkg	0b410c876e66ffac950677d4b18dd286	UP0001-BLUS31193_00-UAASSASSIN000003			102400	
BCUS98110	US	MAG™ Valor Badge Avatar	http://zeus.dl.playstation.net/cdn/UP9000/BCUS98110_00/74pngfUGx8CUlESIPQD7xpHcWGyE2cjAayUx8LIHmBbjrH5JV9TsgHBanJ2lqRgDNRJQcyQOy4ih9ai0sufa0yAjUhkmSxw6kjIeM.pkg	MISSING	UP9000-BCUS98110_00-AVAMAGVALORBADGE			102400	
BCUS98110	US	MAG™ SVER Badge Avatar	http://zeus.dl.playstation.net/cdn/UP9000/BCUS98110_00/i6gwcl01CPcuB3AUq8Ypu0XAE7BNthX9M0lSNs7HX8iPQQA71eThlclcw7cMGBftXwvYwnhkyOtdxUxgQ77apBjTa3mB9RUXsDuNw.pkg	MISSING	UP9000-BCUS98110_00-AVAMAGSVERBADGE1			136928	
NPJR80023	JP	真尾まお	http://zeus.dl.playstation.net/cdn/JP0571/NPJR80023_00/fYLxqbPEvZEManzkuFdLkIaLMKorXBfsGfcknSfLxiZlRjUaWsDKuSxPjKKvnbcuzAdeIHNNXeboinynNAQTRgpTljUdBheMjQHpX.pkg	727356c1c9a4fddca03690cce526ea28	JP0571-NPJR80023_00-AVATARHAM0000001			102400	
NPJR80023	JP	緋炎	http://zeus.dl.playstation.net/cdn/JP0571/NPJR80023_00/tZOTVTrqzUiYnTHiFQnHuycVpqCBwdAxAstttPRZBKtdCkorQeAhJjrUCVlsNxGlPzTjnXYpVeEqJabLSWFtvUYpRALQIPJgvZMhs.pkg	b7a8f81217fc32e4b0c61b14dd08419c	JP0571-NPJR80023_00-AVATARHAM0000002			102400	
NPJR80023	JP	ブラスター・キートン	http://zeus.dl.playstation.net/cdn/JP0571/NPJR80023_00/qweSkjVvnZzcDUptcaoUIydRstasgnTNVNLbWBJdpXXvmjZLWzHSzXbHROXIXGZVMxGOPRcRhxaLISfZSAnjeNUyATKcselZtARzO.pkg	f5db2df8846e7a9ca03f15adf7f774f5	JP0571-NPJR80023_00-AVATARHAM0000003			201888	
NPJR80023	JP	シルバー大尉	http://zeus.dl.playstation.net/cdn/JP0571/NPJR80023_00/rnsWnMTrXZpWZHSoYiYcxvHdjWoosABZpMTrRtGeLKdzCwgueBXJcDSsRcxhbhRdfaaetdmqaDkkTVDCsVFHjTjrXAilUULbEOxxa.pkg	92bee0579ac8fa4e1dc5aa4f0b3d5ef9	JP0571-NPJR80023_00-AVATARHAM0000004			102400	
NPJR80023	JP	ヴォルク	http://zeus.dl.playstation.net/cdn/JP0571/NPJR80023_00/AEROWJQXbwSmejAlYlceRtpkmQydCYBRschRiikWjxMjYLiujpVMlmGbOukUOXFDSVxEspxupbQbDJZjqxJZLAuSnsuAkCvDhkJNY.pkg	0ccdbebf44e61f05444a979a30a0f4b5	JP0571-NPJR80023_00-AVATARHAM0000005			175296	
NPJR80023	JP	コウフル・ザ・バイキング	http://zeus.dl.playstation.net/cdn/JP0571/NPJR80023_00/rRRMxSABLVkVrnmSNaIoQkCoCLPSIOHMTyStoyAYbCpYIdxROqCeGHESrSvMgxXxmXfADKeAmTcPkbVPXwcbMllqIyucXnRDGCMAJ.pkg	15856d66ab3bff77d4c831a4f6d1c1b0	JP0571-NPJR80023_00-AVATARHAM0000006			102400	
NPJR80023	JP	リヴァー・N・ホワイト卿	http://zeus.dl.playstation.net/cdn/JP0571/NPJR80023_00/wtkANYdBAOQmuPKRlaFMEykOuXPLIYWmSibnAQKPYBlWzMERLTIxLtxUHEthCOIgjwqwwEpzodonrHDRTBIDIlDrsecPvGOyKyzDq.pkg	113b1fae011970c2cb013d295bb38d8c	JP0571-NPJR80023_00-AVATARHAM0000007			102400	
NPJR80023	JP	チャイカ＆プーシカ	http://zeus.dl.playstation.net/cdn/JP0571/NPJR80023_00/LDGaViqCLHaaCipdrznqmBJWaxwcgCupwtaHmmEggweawWtmvxQMxJOaNobOpcTwMQmvCZyOdAREpYqDrVNmHpXYMSxTLQVKbGgsw.pkg	7e599c97ed5f7e2e855739495df81527	JP0571-NPJR80023_00-AVATARHAM0000008			119904	
NPJR80023	JP	ティービー A-10	http://zeus.dl.playstation.net/cdn/JP0571/NPJR80023_00/TmRRnhNnxmKcfOlSyJYPJIsoiSKVuFjykWjYkEzJaABUBXWZnVuegUlUvghuQTrGUYIXQNXLCmZgyEpsTrxdMOBdJFDzpVlPpSant.pkg	bbe81dadcb4cd5b7978bf438a81698cb	JP0571-NPJR80023_00-AVATARHAM0000009			102400	
NPJR80023	JP	アンジェラ	http://zeus.dl.playstation.net/cdn/JP0571/NPJR80023_00/pSxLcbRATQfteHOKnAuFUwXbJUueeLhsCyaHKzAhmufxmqqjhNAtMJYiCjByQfYrjGYqyrghSnnSFWkDJFxxsCQvcnfzypFTTDToV.pkg	d8cfa7104d30c387ed89f92f62fcddfa	JP0571-NPJR80023_00-AVATARHAM0000011			109312	
NPJR80023	JP	エレン＆シンシア	http://zeus.dl.playstation.net/cdn/JP0571/NPJR80023_00/hBsJaXCaoprmYwnkCNiYXlahbQETZKcwXjKPgBfHLopAbCFYvcVtZGeYNHjGCDYuypvDiEgGPEqpaddiGZDsJYboLMKYkNISfjWVG.pkg	16495b4131c86459607d5a2d1643b255	JP0571-NPJR80023_00-AVATARHAM0000012			120304	
BLES01699	EU	WWE '13 CM Punk Avatar	http://zeus.dl.playstation.net/cdn/EP1005/BLES01699_00/RyBbjRzjIrFWxqfLShNwMgoDXLuOlTPfhVjuFWocDOyQtYhaTUhBtuDgGcPXoYAT.pkg	MISSING	EP1005-BLES01699_00-AVWWE13XXX000007			122960	
BCES01584	EU	Joel 2 Avatar	http://zeus.dl.playstation.net/cdn/EP9000/BCES01584_00/WSiFRxXfqSySCjgikGKWnhiLBkDpFnLLiFWMfbRxKlLWtbcnBgEvtKzqmPVKHNXY.pkg	MISSING	EP9000-BCES01584_00-AVATLOUJOEL00002			102400	
BCES01584	EU	Joel 1 Avatar	http://zeus.dl.playstation.net/cdn/EP9000/BCES01584_00/zUQQcMNsRcdiCbkrWRexWkhUrlNRxHlBHRiNMMpzKVyzlVMVtyzrbaCWBnFoeazc.pkg	MISSING	EP9000-BCES01584_00-AVATLOUJOEL00001			102400	
NPHP00044	ASIA	FINAL FANTASY® XIII SERAH XMB™ 特选虚拟形象	http://zeus.dl.playstation.net/cdn/HP0082/NPHP00044_00/3cihmMaaVdDpyTPj1Vl1dmI3li3Ka6Vwhf0iIbxoPXurgmYVWhi25rAgrJaVnleAFkQ6Ekgc0MpcAuNlPjuKmCT0FlNJgitjJ6Deb.pkg	3bf8c90e1aa481aba865fd870fca5266	HP0082-NPHP00044_00-AVASERAH00000000			102400	
NPJB00411	JP	『玛莉萝丝』 XMB™ 特选虚拟形象5	http://zeus.dl.playstation.net/cdn/JP0106/NPJB00411_00/oZjGMpXDRpIWuUENVGtjuZBayrHoelaGfTYeqGHexLajzGSAWhEzZQfHzXRZEQwb.pkg	MISSING	JP0106-NPJB00411_00-AVATAR1403MARIE5			102400	
BLJS10083	JP	偶像大师2 插画版春香 虚拟形象	http://zeus.dl.playstation.net/cdn/JP0700/BLJS10083_00/tfHbiyOyhsupfiIgzOMBHYGoQWPnnRpZipxsagmVxUjdMqFZSKxZWEaUABoRPkBpnRfWdreXXYusufiBrGmxHtbeooLgjjvsixwCM.pkg	MISSING	JP0700-BLJS10083_00-AVATAR0000000001			102400	
BLJS10083	JP	偶像大师2 插画版美希 虚拟形象	http://zeus.dl.playstation.net/cdn/JP0700/BLJS10083_00/OiTlLQpLHLVqorrNJgKSTosdUeuWtdKRITWMABoMYUJsCrKFNGiLJpCSCJrYKJAIOrcskpUuAbjVIZUvNveqNRzdhmLybPtBAjQKU.pkg	MISSING	JP0700-BLJS10083_00-AVATAR0000000002			102400	
BLJS10083	JP	偶像大师2 插画版千早 虚拟形象	http://zeus.dl.playstation.net/cdn/JP0700/BLJS10083_00/XmAnvSOMWFWzZKgKlPcWwkMjWJtDGsNfeeGzaNBYzAznNRVEtfBmxCIpsAiOmbuuYJiQxxfPlbPYbRdEcSCIliDGTJJHDfSGfOBZA.pkg	MISSING	JP0700-BLJS10083_00-AVATAR0000000003			102400	
BLJS10083	JP	偶像大师2 插画版弥生 虚拟形象	http://zeus.dl.playstation.net/cdn/JP0700/BLJS10083_00/SaTilqQJXLWyRWCQjKZELJjUtOyWYLNvQfEvApbmZMcxEjtTitzrevBpswucrmfHTEeHKmGLMQyWdrRBtvMqdUmwxLjSqnotzsnlF.pkg	MISSING	JP0700-BLJS10083_00-AVATAR0000000004			102400	
BLJS10083	JP	偶像大师2 插画版雪步 虚拟形象	http://zeus.dl.playstation.net/cdn/JP0700/BLJS10083_00/klPmIztVbrNIJJEetZjuUtQJRZbTybmoCDPKjzUTBntxQplkSjMGHiZEduRSiRIgHVoYHOAeUvACQrpnLkLtCtvJfcOOorLBnuvFF.pkg	MISSING	JP0700-BLJS10083_00-AVATAR0000000005			102400	
BLJS10083	JP	偶像大师2 插画版真 虚拟形象	http://zeus.dl.playstation.net/cdn/JP0700/BLJS10083_00/oeXRvKmjCRFVYJDSRWEKXTcUPzyukpaFNkXmwpZuDBGjGYISAwUNOPQooohWyAgfIDebNbvmnQeFCKOKNJyRSTQWpbdRUsRUbxyAT.pkg	MISSING	JP0700-BLJS10083_00-AVATAR0000000006			102400	
BLJS10083	JP	偶像大师2 插画版真美 虚拟形象	http://zeus.dl.playstation.net/cdn/JP0700/BLJS10083_00/PiNvGZfjSikoisNztBUbOvccPnLZYGrtxnVJWEKMRHywvVTlnFCogtrJiNGqKOZVhhIjDWqqXUYCwSmFCZigwRYUUaaNaUBBIwcPa.pkg	MISSING	JP0700-BLJS10083_00-AVATAR0000000007			102400	
BLJS10083	JP	偶像大师2 插画版贵音 虚拟形象	http://zeus.dl.playstation.net/cdn/JP0700/BLJS10083_00/uQkkCkFuynDcESVvIJDfpHwTbsLoIYxIDhEYkwjrZhnuVLyvRpLCntgKcFJbXMENPGFKFiMkjRdETpdnXCesLYcdyCalYlFxUSqQp.pkg	MISSING	JP0700-BLJS10083_00-AVATAR0000000008			102400	
BLJS10083	JP	偶像大师2 插画版响 虚拟形象	http://zeus.dl.playstation.net/cdn/JP0700/BLJS10083_00/XApvtnxCryxKJiHVLNntaCdZzOBKtCBAgapvsHLsZrgikUtUsKBkXMTeCHrNeLbyjqPHVbAgOjikNowyeXlwnjOZdnYeLwbbCxYOZ.pkg	MISSING	JP0700-BLJS10083_00-AVATAR0000000009			102400	
BLJS10083	JP	偶像大师2 插画版伊织 虚拟形象	http://zeus.dl.playstation.net/cdn/JP0700/BLJS10083_00/VjaUpjYXkboyipRnKYsVqcBunEBTpVLfEyHhUeQnsISzoDyuzCXeYiUZFaEWSqzbPgqukkWZJSbXaKkKfkQIYuNQQxYSUkJcrfCDX.pkg	MISSING	JP0700-BLJS10083_00-AVATAR0000000010			102400	
BLJS10083	JP	偶像大师2 插画版亚美 虚拟形象	http://zeus.dl.playstation.net/cdn/JP0700/BLJS10083_00/fEaumZWHqvLqFXBNzwgQvegnQLNDqkEXghuHmywCnObzuHBlIJuFMVGnJHxYGMCrTRklUyqvKkWgvdSJCrZuyWDAHGktzvSdTEymI.pkg	MISSING	JP0700-BLJS10083_00-AVATAR0000000011			102400	
BLJS10083	JP	偶像大师2 插画版梓 虚拟形象	http://zeus.dl.playstation.net/cdn/JP0700/BLJS10083_00/eaoLwVFQrMsQpySdwVfUXBQKNLrSoMYGpnXJpXDDFPPeISoimagCnKYGcqgLPFYMNxEuZYPaBgWwoPEnnrQgBpCaArTJNjwaPkhFx.pkg	MISSING	JP0700-BLJS10083_00-AVATAR0000000012			102400	
BLJS10083	JP	偶像大师2 插画版律子 虚拟形象	http://zeus.dl.playstation.net/cdn/JP0700/BLJS10083_00/xhnftxFmklvTCrYzOMjhEXonXymtAvAvQzYTbcGIixKQeOvIYdlOWNItHsUzOcgOgWevLSipmEJcaXYDafzpeaNSVRFlTcvSdWfDI.pkg	MISSING	JP0700-BLJS10083_00-AVATAR0000000013			102400	
BLJS10083	JP	偶像大师2 插画版小鸟 虚拟形象	http://zeus.dl.playstation.net/cdn/JP0700/BLJS10083_00/QBknpdxDtSRScAXLagGfTPHxrdQHUyTKNgEgTJPnAvfDmaRciddLzGZfeAKsCLxNVpeRoVSZsLeSJfkrJGHKyCOYwNXSskhXetcNx.pkg	MISSING	JP0700-BLJS10083_00-AVATAR0000000014			102400	
BLJS10083	JP	偶像大师2 插画版社长 虚拟形象	http://zeus.dl.playstation.net/cdn/JP0700/BLJS10083_00/TADTnhJiekHdwPXTYZYhiTYttICCfwUuUQNVrxOZkAVvohFDTHycUxtiIiYiCfOOXUvNSLSMdXrvASpIdikIEtriDpQlhslQFnMEw.pkg	MISSING	JP0700-BLJS10083_00-AVATAR0000000015			102400	
BLJS10083	JP	偶像大师2 插画版黑井 虚拟形象	http://zeus.dl.playstation.net/cdn/JP0700/BLJS10083_00/LyavcGbYZdzNUpfKAPeGzDVSMQgyMTHJxPbZIKHVRLiMEwuegWjWczHRGNKwMrAGaXbAxQmTjnidBmMiOGRnUJlipaxCVtbMcdnpn.pkg	MISSING	JP0700-BLJS10083_00-AVATAR0000000016			102400	
BLJS10083	JP	偶像大师2 插画版冬马 虚拟形象	http://zeus.dl.playstation.net/cdn/JP0700/BLJS10083_00/UggMmSdpAlVjsLyCiVliLInSFDlCTkZZJRmvuhmqpaSCeXcREqahJwaaPdLGlKRgcAQXFBUpTkvPslerPQGfdFibErtYGiTMUCtem.pkg	MISSING	JP0700-BLJS10083_00-AVATAR0000000017			102400	
BLJS10083	JP	偶像大师2 插画版翔太 虚拟形象	http://zeus.dl.playstation.net/cdn/JP0700/BLJS10083_00/ltPoXNZaOejkTsokBlsHkoApdQgYsMfRZbFVzepwOzeqwxPQqWmDwdWDfAAVeKkzZJSMUbvGRBqIDZfQjWHsiEYxlsWixPfkUvOiZ.pkg	MISSING	JP0700-BLJS10083_00-AVATAR0000000018			102400	
BLJS10083	JP	偶像大师2 插画版北斗 虚拟形象	http://zeus.dl.playstation.net/cdn/JP0700/BLJS10083_00/GHNoXskeumnIHayQsCYzHegTHbYxIfUvMaGrzwGrEOeLlnHFLoBZUWadfDlRvSwXRRvoMqSGueNMMVqShJCXTRcdLaQMvAaovvqZA.pkg	MISSING	JP0700-BLJS10083_00-AVATAR0000000019			102400	
NPEB01057	EU	LycanShroom	http://zeus.dl.playstation.net/cdn/EP4364/NPEB01057_00/XazgODYDOckFHOVYJEeXukLZmGvJmznGUrcauOeTRDJRKnCyNOPbDMbzarWThEHo.pkg	MISSING	EP4364-NPEB01057_00-AVNIKOMAKI000009			102400	
BLES01386	EU	Rayman® Origins - Betilla Avatar	http://zeus.dl.playstation.net/cdn/EP0001/BLES01386_00/plWeoKZOoOubKVMVzSiXhnZoPlgSlFATHSMRNTxciIJBnxyxtJoPbPKmOsjQMOPl.pkg	6d9a1a4579d7099bca02a97e0056f4bd	EP0001-BLES01386_00-AVRAYMANOR000002			102400	
BLES01386	EU	Rayman® Origins - Rayman Avatar	http://zeus.dl.playstation.net/cdn/EP0001/BLES01386_00/pIwRSfLGnDNQaihNAyxFAtNEecnqJFBJnznUSYppfZCxuNRvSflvJmaKYtcGubPB.pkg	687beb7cbfd79ba9f8790c7149c8125b	EP0001-BLES01386_00-AVRAYMANOR000009			102400	
BLES01386	EU	Rayman® Origins - Teensy Wizard Avatar	http://zeus.dl.playstation.net/cdn/EP0001/BLES01386_00/aejFqHpCxltmCUszmhYTBldRSTFreTclvTlAXepWXuXQCFjtydtiUgRgkoidfQrc.pkg	db0eb4462bd0ecdce3f48507d5766532	EP0001-BLES01386_00-AVRAYMANOR000010			102400	
BLES01386	EU	Rayman® Origins - Rayman Hairlicopter Avatar	http://zeus.dl.playstation.net/cdn/EP0001/BLES01386_00/VnNPVmUuOJCudugRuKKjhsneczqfekKaZHNvLbCenrJTFIBxbQrOBbHTIijeFvRw.pkg	3e3cbf359ebb19886fe466f5032fee28	EP0001-BLES01386_00-AVRAYMANOR000018			102400	
NPEB00685	EU	Metal Gear Solid 2 Emma	http://zeus.dl.playstation.net/cdn/EP0101/NPEB00685_00/SSIRJcxiVEhDsijCKQOjzFEmBlCjhGMOVLQrVjcBHWqcYghpAtASSbtrUOWLPkeZ.pkg	d4ce0c204aa219fbea03e4408b2a1f4c	EP0101-NPEB00685_00-AVMETALGEA000004			104528	
NPEB00685	EU	Metal Gear Solid 2 Olga	http://zeus.dl.playstation.net/cdn/EP0101/NPEB00685_00/fxwiyzMYndizNnwpFSrDepcpHCUzbNtTSkAQjcuvCZinsDhQymRWjWmhgeQrbdnR.pkg	24c599cb966862cbfb0096f7d7a1bacb	EP0101-NPEB00685_00-AVMETALGEA000009			102400	
NPEB00686	EU	Metal Gear Solid Peace Walker Amanda	http://zeus.dl.playstation.net/cdn/EP0101/NPEB00686_00/ygmZKCMswVucmAAeJtybWNyFnIaRbwwSOvVEPOoauuFZpQEqlsXcStZdeloVUKeB.pkg	241a721a591260f9655c17120e691d3b	EP0101-NPEB00686_00-AVMETALGEA000003			109184	
NPEB00686	EU	Metal Gear Solid Peace Walker Paz	http://zeus.dl.playstation.net/cdn/EP0101/NPEB00686_00/eDqvmNoxzgajhpVJgvxytMrrszUPskpIhcnKtWGLqczkAsJLIXRQtjwdXIMEGrgr.pkg	635e87285de223109273c7c5163beed6	EP0101-NPEB00686_00-AVMETALGEA000006			128432	
NPEB00686	EU	Metal Gear Solid Peace Walker Cécile	http://zeus.dl.playstation.net/cdn/EP0101/NPEB00686_00/OppmGfPySZruMOWhULHFrecJjqNQKCqJmQsdVoZyEOzBCuwAyInvkMyyJpJojBjc.pkg	bb899118a67a0951a07a94c312c2ba97	EP0101-NPEB00686_00-AVMETALGEA000007			102400	
NPEB00831	EU	Ash 4	http://zeus.dl.playstation.net/cdn/EP0177/NPEB00831_00/KZMqoRtINLKmJlXimNmsWJMYCDbwQntmDLvdoqxBojyCMBTLOJaWGSpLKLhfzQDK.pkg	bdc003bdda8be328b3017c1144fc89ca	EP0177-NPEB00831_00-AVHELLYEAH000019			102400	
NPEB01057	EU	Lunarcy	http://zeus.dl.playstation.net/cdn/EP4364/NPEB01057_00/ZgWIRvmHCwawCrBmRirRjtFJTyFMJmpaSOctTeEnbyVywsKbOUpxztuuZCeAyPib.pkg	b8f014fc54d8128b11a3443e657b0044	EP4364-NPEB01057_00-AVNIKOMAKI000002			102400	
NPEB00831	EU	Daisybow	http://zeus.dl.playstation.net/cdn/EP0177/NPEB00831_00/hBzEjIFWdHnljzpUhNEkFDgBXSQyfBdVdCeRBtMpBgKhaoNBkHyrPAxhamurViBR.pkg	3ff8ee6b981c5b6c55b76eb74bd83f4b	EP0177-NPEB00831_00-AVHELLYEAH000006			102400	
BCES00701	EU	Chief Avatar	http://zeus.dl.playstation.net/cdn/EP9000/BCES00701_00/owQxLznGDPHXMKORoRSWRZhxDjLDMCigVhUqeGKiiGzjkwyteTfntXERmsSAUgKs.pkg	MISSING	EP9000-BCES00701_00-AVAMNRCHIEF00000			102400	
BCES00701	EU	Espresso Avatar	http://zeus.dl.playstation.net/cdn/EP9000/BCES00701_00/vYCvuKLRBliaRuHOVMJnLzoBiqKHPVMjFRVvEmoLvMySBZNkkEiGaPuvKjbqjJdq.pkg	MISSING	EP9000-BCES00701_00-AVAMNRESPRESSO00			102400	
BCES00701	EU	Hale Avatar	http://zeus.dl.playstation.net/cdn/EP9000/BCES00701_00/BMhXzZZkFDnVqIxcShqcBxiZqIOAQuCAnpbMZLQiderjKUgGQdZstoUUqkkUsnYQ.pkg	MISSING	EP9000-BCES00701_00-AVAMNRHALE000000			102400	
BCES00701	EU	Jez Avatar	http://zeus.dl.playstation.net/cdn/EP9000/BCES00701_00/xnicGLffuExUTVyrkuacjHikhITxbUfbogTPPgExaaSTCBvfGnUvDJEwzRlsEsDp.pkg	MISSING	EP9000-BCES00701_00-AVAMNRJEZ0000000			102400	
BCES00701	EU	Tag Avatar	http://zeus.dl.playstation.net/cdn/EP9000/BCES00701_00/qvAPgaNgTubqdyJmJVkoKmUXIxzfbIquGjoZkldVwvkmOVkgXysYkhzlxkMtTxqM.pkg	MISSING	EP9000-BCES00701_00-AVAMNRTAG0000000			102400	
UCES01421	EU	Dark Hero Avatar	http://zeus.dl.playstation.net/cdn/EP9000/UCES01421_00/pLaypsOhyifTqkTusmlhDkSBbdvmfJeddhLJnPONuELKgwjSWpbRxUsuCtqCKgHF.pkg	53a68ab5c7c42c9c88498f593b23834c	EP9000-UCES01421_00-PATAPON3DARKHERO			102400	
BLES01854	EU	Watch_Dogs - Aiden Avatar 1	http://zeus.dl.playstation.net/cdn/EP0001/BLES01854_00/egicaFQSgePWDVtVVWddCuqbMEHwbJAWuVAzaiWHSlIQPVXrkFyxlEYrdySzalHM.pkg	5b76dc747e97f5d98a9826f4d9f4846a	EP0001-BLES01854_00-AVWATCHDOG000005			121488	
BLES01854	EU	Watch_Dogs - Aiden Avatar 2	http://zeus.dl.playstation.net/cdn/EP0001/BLES01854_00/jckfJwzHzYKXcyhoqHGwQYOTuroiLkWLTpSxulPsPtrxcluZNwuPnteouYyvGpuj.pkg	0a7906bb1481eebde9968d7bdac49fb0	EP0001-BLES01854_00-AVWATCHDOG000006			122464	
BLES01854	EU	Watch_Dogs - Aiden Avatar 3	http://zeus.dl.playstation.net/cdn/EP0001/BLES01854_00/LUbmCHXVthPGUCNIkodBWzWdvEhButZIHnrnQBKNVqjdTCvRFDQIbNzJBemvgnDa.pkg	4d72b6dfb3b0b5e8a839e00dffced463	EP0001-BLES01854_00-AVWATCHDOG000007			112832	
BLES01854	EU	Watch_Dogs - Camera Logo Avatar	http://zeus.dl.playstation.net/cdn/EP0001/BLES01854_00/VvVXHIgPOgIILJHdhmiLoPZPihGFeAYxPQlbcjQdWoAiHmCYENIjTOOwBmAPPIuQ.pkg	037f7d85ce93552b2872846bf0dd210b	EP0001-BLES01854_00-AVWATCHDOG000008			102400	
BLES01854	EU	Watch_Dogs - Camera Pants Avatar	http://zeus.dl.playstation.net/cdn/EP0001/BLES01854_00/XOFBEFxZPUvoFFpBpKuZByMWqoowvVcJPwMWIXMPPlVGkmrcVsnhcOdbtZbwwikR.pkg	cb2dbd9f1ef8ccc47d7d2767222559be	EP0001-BLES01854_00-AVWATCHDOG000009			102400	
BLES01854	EU	Watch_Dogs - Clara Avatar	http://zeus.dl.playstation.net/cdn/EP0001/BLES01854_00/VMpqRfLGdjwAZLlajmsQvaXLJbnwKfcvByYGsEdqiLJGSSCKZdmxvXwqNUFXQHKp.pkg	0a16f56b1214b61abcea05fbbd56f174	EP0001-BLES01854_00-AVWATCHDOG000010			103904	
BLES01854	EU	Watch_Dogs - Fox Logo Avatar	http://zeus.dl.playstation.net/cdn/EP0001/BLES01854_00/nnhHrsPcVtyeHfQXTyOiKOSxdtbXHTDMIyRUzhyygQlyWhLYOQyWvdPPjTDeTEke.pkg	537020824efb2672b74e45bb4aa84c71	EP0001-BLES01854_00-AVWATCHDOG000011			102400	
BLES01854	EU	Watch_Dogs - Gorilla Avatar	http://zeus.dl.playstation.net/cdn/EP0001/BLES01854_00/oPTfOuXZDibDbpFjarVCMzTuQtQtZzkUWTtDqSRTtCrWzHNorXiscuhihTRrDhEm.pkg	2520f4d9be7b3ab3a9c742392b9e3333	EP0001-BLES01854_00-AVWATCHDOG000012			102400	
BLES01854	EU	Watch_Dogs - Jordi Avatar	http://zeus.dl.playstation.net/cdn/EP0001/BLES01854_00/wiBLDBwAdeJscTCbKnMXoNUKcRsYLpzdtoAjiwzUvscDpPrmUHNzulOwYkXvIZOo.pkg	f83c82be67ffb939492b34ec239930f3	EP0001-BLES01854_00-AVWATCHDOG000013			102400	
BLES01854	EU	Watch_Dogs - Painted Fox Logo Avatar	http://zeus.dl.playstation.net/cdn/EP0001/BLES01854_00/YcycUaMVenvqpFltFMEIdbXzPNUYuppoYQvOoGtcJTThWudBJFMXhxKcyucZmuar.pkg	ae7ffdebb2bd18eccfb328f0b98804b4	EP0001-BLES01854_00-AVWATCHDOG000015			102400	
BLES01854	EU	Watch_Dogs - Skull Logo Avatar	http://zeus.dl.playstation.net/cdn/EP0001/BLES01854_00/HqnSZnuIQDBJclKTvvduoNgUwtvscKmVkIoFhMHtjmFNPNxWaSjxnIEWTpgksQEa.pkg	8e94a85574f2588b89d46176b93869f6	EP0001-BLES01854_00-AVWATCHDOG000016			102400	
BLES01854	EU	Watch_Dogs - T-Bone Avatar	http://zeus.dl.playstation.net/cdn/EP0001/BLES01854_00/jYtdzOgZsAwDXPoEzkyHheapQPTCkyCRZawDUWQUbFZekUOvJPauGsQQeYqdPTOb.pkg	67693330ada57a89dbb5f4c42a10b575	EP0001-BLES01854_00-AVWATCHDOG000017			114288	
BLES01179	EU	Landon Ricketts Avatar	http://zeus.dl.playstation.net/cdn/EP1004/BLES01179_00/nEWjXYxiOZKdCuFVmORbOKOfHcOPogtotyafDVOhDlznpcZGRliYRmsWxvKSqmrS.pkg	f21a31adedaa4f98f4b0a753222b8e80	EP1004-BLES01179_00-AVREDDEADR000002			109760	
BLES01179	EU	Seth Briars Avatar	http://zeus.dl.playstation.net/cdn/EP1004/BLES01179_00/rrWbjiayHIealJiYXCqFvXXbKdYWbBLoOIFMqysEvdtbNmXibsuGvOjeyDkQbFAb.pkg	794f57a4137c998606d9921551f10701	EP1004-BLES01179_00-AVREDDEADR000003			115504	
BLES01179	EU	Scarlet Lady Avatar	http://zeus.dl.playstation.net/cdn/EP1004/BLES01179_00/GsettsbwRaViHPpBxmJuIIuoYdBKSOCxyrSLsTVTlqpRmzsyXBCVfmHoglKykYPJ.pkg	9687dba44a4308bda3bf79ffa19a79e3	EP1004-BLES01179_00-AVREDDEADR000004			102400	
BLES01179	EU	Irish Avatar	http://zeus.dl.playstation.net/cdn/EP1004/BLES01179_00/AlxwGbLQnfpuWspZDEPYGpRfjXGOnANPeAiPAAEddBeVGquaQyrlQkGDlfVQMQqC.pkg	443855b20332f6706d548d1342735c6c	EP1004-BLES01179_00-AVREDDEADR000005			102400	
BLES01179	EU	John Marston #5	http://zeus.dl.playstation.net/cdn/EP1004/BLES01179_00/BQeiAarMbtIFwAEjKJglZRLxLUCwhJwwPwEcrjOXoEANtiHRRDwhOnxpfvkuGkKz.pkg	a86ca4cf6553a68941608752b73f017b	EP1004-BLES01179_00-AVREDDEADR000006			102704	
BLES01179	EU	Marshal Johnson Avatar	http://zeus.dl.playstation.net/cdn/EP1004/BLES01179_00/qeWRqRLCCEAWYPLjrjUIRpKaCQvSBGymhMdoHaMQYFcerWxXNDAyhOMMEteMZsqJ.pkg	d617c13916785f23954069fc7563f884	EP1004-BLES01179_00-AVREDDEADR000001			113296	
BLES01179	EU	Undead Abigail	http://zeus.dl.playstation.net/cdn/EP1004/BLES01179_00/PcpJclspBJshvEwgNcRbccJkNIOdVUUvAGJNpqPLdjMZkLzzNbUiQjFsUOEGgTrG.pkg	40ba9cf4c258f356d3c7497e1656618a	EP1004-BLES01179_00-AVREDDEADR000007			128768	
BLES01179	EU	Undead Bear	http://zeus.dl.playstation.net/cdn/EP1004/BLES01179_00/kJdngNUZyVwsfnpXvfWUAQqlNVjfNDPxnFNLuUXeKiuPqQnASNUjeEegfbUUweNW.pkg	514997a3221b5b53d2dc520205f4e95e	EP1004-BLES01179_00-AVREDDEADR000008			102400	
BLES01179	EU	Undead Nun	http://zeus.dl.playstation.net/cdn/EP1004/BLES01179_00/YRHbYUomnXnQroHbjwbAXDJATGAUXvvBFTFbgAjsCfiRQpBZsjTBFjrrIqiyNNCI.pkg	9e50c8aa05fd577332d08f45b225ca1e	EP1004-BLES01179_00-AVREDDEADR000009			103232	
BLES01179	EU	Undead Ricketts	http://zeus.dl.playstation.net/cdn/EP1004/BLES01179_00/MKiZXWXkCdBJnBpxmqSDVhJxPIMcLfSDvZOPxOybxcEuxmrFgaiYOBBIKzuvrrvd.pkg	753fa92f3eaed307c5f088aef6637e6e	EP1004-BLES01179_00-AVREDDEADR000010			112528	
BLES01179	EU	Undead Marston	http://zeus.dl.playstation.net/cdn/EP1004/BLES01179_00/MJXUzsKWbZFQsXsnDEeBWXRlrhemYxAcLkNcVgzWMIYSpKairiUkdlKhYfGFMMbb.pkg	b24d368807b794deb88769bc2c3ab2b8	EP1004-BLES01179_00-AVREDDEADR000013			132016	
BLES01179	EU	Undead Nightmare Logo	http://zeus.dl.playstation.net/cdn/EP1004/BLES01179_00/NIDZhPrwapRohajnojqVqLDJANnvHDgZbDqNPfrHJnJvLyhxvVVKlnMEuzNosDDL.pkg	a24fae06fbfcf4fc7d4947c24a6a5cad	EP1004-BLES01179_00-AVREDDEADR000011			102400	
BLES01807	EU	Michael 2 Avatar	http://zeus.dl.playstation.net/cdn/EP1004/BLES01807_00/nJOjJdJrNTPWLXMHImkTecqdZMRKfBGHVlkRcfwWvkrYIGpihRqUZvZRBDepgQLo.pkg	fd860b11adbecbf7a4fb2171a4f63eb6	EP1004-BLES01807_00-AVGRANDTHE000008			107088	
BLES01807	EU	Trevor 2 Avatar	http://zeus.dl.playstation.net/cdn/EP1004/BLES01807_00/DvpNTxLtZmkNfENCxZUhAMVErxxpiMDaTOENCGcrKgQxcelvpPizqghYNpOsOEJr.pkg	d18e5e964509640b46095e17140a5e0f	EP1004-BLES01807_00-AVGRANDTHE000010			102400	
BLES01807	EU	Suspect Avatar	http://zeus.dl.playstation.net/cdn/EP1004/BLES01807_00/NzXSKNGPkJpdBAlWFcXuIYdELocYERWTIUMfZLdaPFnrgIAzjGtoJSvIKGmqIEdk.pkg	c8bef077e5f6f6e4c1de2269483fe8d7	EP1004-BLES01807_00-AVGRANDTHE000013			102400	
BLES01807	EU	Franklin 3 Avatar	http://zeus.dl.playstation.net/cdn/EP1004/BLES01807_00/lprGObogmvLTGcZVsDJouvuzZEKeZxXnFmazphSJwLRnPOmZRWVOScfOWjkLnKcE.pkg	8fd86d17bed91d284b7ba1fdc124f22e	EP1004-BLES01807_00-AVGRANDTHE000011			102400	
BLES01807	EU	Cash And Carry: By Land Avatar	http://zeus.dl.playstation.net/cdn/EP1004/BLES01807_00/VoHfPVkdtVHQbcwKBqsNvzpGkzVYkhPuMbJqXkVVWFBTpagYfCVRgMCAheIgGtKF.pkg	b106bf5d26346f7cda8cea31adb56664	EP1004-BLES01807_00-AVGRANDTHE000012			112448	
BLES01807	EU	Preperation Avatar	http://zeus.dl.playstation.net/cdn/EP1004/BLES01807_00/OZRRlqeZEhsgDYeBMOQYqyZCwksiYqdiZwJDWnmImxdPipbWwhuqYzhRQsHOoEcL.pkg	a54dfee9d36196171ff0e2048c211e39	EP1004-BLES01807_00-AVGRANDTHE000014			112720	
BLES01807	EU	Trevor 3 Avatar	http://zeus.dl.playstation.net/cdn/EP1004/BLES01807_00/kSINdMMADviRInPRfTcLfumSNmfkAxCIagpwZdbnvuLABlbCvifyZxLlJUDJIwni.pkg	b25200de562c8c9dc67d1d922be0d981	EP1004-BLES01807_00-AVGRANDTHE000015			102400	
BLES01807	EU	Nervous Ron Avatar	http://zeus.dl.playstation.net/cdn/EP1004/BLES01807_00/wnntapvBDyINQienmdIHZyLHTorzXppgBwuhNNXyoTMzkDtgJbWlTIeSrGqIKEaR.pkg	10710efe6c2963342bb5381067a54229	EP1004-BLES01807_00-AVGRANDTHE000016			102400	
BLES01807	EU	Lamar Avatar	http://zeus.dl.playstation.net/cdn/EP1004/BLES01807_00/jFNcaRavUuymJhlTGgfHgSxdRFTFrdMHhRVBYVZudeVYtGkuqKlTYaBMPoTWkSQp.pkg	d4fc1bf39f6d596c5884e04405556de7	EP1004-BLES01807_00-AVGRANDTHE000017			102400	
BLES01807	EU	Michael 3 Avatar	http://zeus.dl.playstation.net/cdn/EP1004/BLES01807_00/TmHLeSatYIyJkqKTBJebaXWaHPHlNuGgIrctBeDiiMmFRrqsoBCKnhJqMzXBycZj.pkg	13b7f935243dea12aff49a05850d374b	EP1004-BLES01807_00-AVGRANDTHE000018			102400	
BLES01807	EU	Cash and Carry: By Sea Avatar	http://zeus.dl.playstation.net/cdn/EP1004/BLES01807_00/CRnMqTmVGZYFoZpXsIDlLnWkmuqgqQDtflskUXyFOFastjBPLFgphkNNvValfZES.pkg	029fdc2718ece23b02a75eb0104e0a7f	EP1004-BLES01807_00-AVGRANDTHE000019			102400	
BLES00229	EU	UNKNOWN TITLE	http://zeus.dl.playstation.net/cdn/EP1017/BLES00229_00/wqHnLSJUqqvgawJMQtPpLYHLPJDSdNbdEfrFZGiVWynKvylQvrwdDTwhVOaATobI.pkg	MISSING	EP1017-BLES00229_00-AVGRANDTHE000001			102400	
BLES00229	EU	Brucie Kibbutz	http://zeus.dl.playstation.net/cdn/EP1017/BLES00229_00/NqCNJVLqpbZbXlXzgGtDpMNwacKQKEngHqZevhJTDuFguGUUHkKSBWRQqSkpTNUP.pkg	11e3eb6d564f244cfcf1bb2052dc23ee	EP1017-BLES00229_00-AVGRANDTHE000002			102400	
BLES00229	EU	Dimitri Rascalov	http://zeus.dl.playstation.net/cdn/EP1017/BLES00229_00/uXdXoEJSWPGnDwznOSSUVCiutkhMdxXoVvoFoiMUnABAsMxhEspzDTgjNhMtfwzM.pkg	90a9ab6ead5260797a743aaf1a386152	EP1017-BLES00229_00-AVGRANDTHE000003			102400	
BLES00229	EU	Joni	http://zeus.dl.playstation.net/cdn/EP1017/BLES00229_00/pDleQOYUBgeVEIKSHMdgCVkHQpXIlVTTjgCjmTfwXmIgHvdUflEtHPCeiyEOTvTJ.pkg	0ae45fd63e5da35bc58b567d100b4575	EP1017-BLES00229_00-AVGRANDTHE000007			102400	
BLES00229	EU	Mikhail Faustin	http://zeus.dl.playstation.net/cdn/EP1017/BLES00229_00/nHmDfkoHuhHAYOKClKXYigVCCRudvyTaPwbawKEhgCMPzshwrXIQNGtgeWVbFiZK.pkg	ea83c63cdaf36ee769b81dda63afcc0c	EP1017-BLES00229_00-AVGRANDTHE000004			102400	
BLES00229	EU	Playboy X	http://zeus.dl.playstation.net/cdn/EP1017/BLES00229_00/JqMprVbgYfHaGESRNKlVirtvNHDhvhvqSswJPQgNtemTpdeINdpfilxNQbHvByuU.pkg	a0e9338f10351d8fad7e80ccbd511d1e	EP1017-BLES00229_00-AVGRANDTHE000006			102400	
BLES00229	EU	Young Lady	http://zeus.dl.playstation.net/cdn/EP1017/BLES00229_00/izmVzERwVMeQQntMSOMQmleIxAvIPtsYLNAqlOzLDoyrnKIDQblYIKrwAhCByAek.pkg	ce9895a4d175c4db073bff813e5f8aed	EP1017-BLES00229_00-AVGRANDTHE000008			102400	
BLES00229	EU	UNKNOWN TITLE	http://zeus.dl.playstation.net/cdn/EP1017/BLES00229_00/WoYFUOOXKfHsjBazyaxecNHvSYPPGtHUnihxIpDtNdbfgegCoIKmXjahqEDaLBTo.pkg	MISSING	EP1017-BLES00229_00-AVGRANDTHE000009			102400	
BLES00229	EU	Johnny Klebitz	http://zeus.dl.playstation.net/cdn/EP1017/BLES00229_00/PLrZsSNqHzoUlEHnMaoXiTRvBHecaUwzhZRxQfDtqyzESkHNKqcEHZZkfsfTFqyE.pkg	9d73310c4b09f28c54936bba46449e4c	EP1017-BLES00229_00-AVGRANDTHE000010			102400	
BLES00229	EU	Vladimir Glebov	http://zeus.dl.playstation.net/cdn/EP1017/BLES00229_00/UkgmlZmotBUcYWsRHGLamuulmxfwdvyBxdduBgrYTmeRcuVUWPdBdeDXXqHwfdFW.pkg	3d9d2080b8e9fb42189fd888eca21882	EP1017-BLES00229_00-AVGRANDTHE000011			102400	
BLES00229	EU	Yusuf Amir	http://zeus.dl.playstation.net/cdn/EP1017/BLES00229_00/qzhuteOiwuFknVBeANiuTMQXtLBeQvAXRLndMvKAWzJuMHVvwwVzztajBivbUYMW.pkg	8db689ddc392a58f29773b6a4f6c3a97	EP1017-BLES00229_00-AVGRANDTHE000012			102400	
BLES00229	EU	Tony Prince	http://zeus.dl.playstation.net/cdn/EP1017/BLES00229_00/rwYymaIyVSbMKlqpRsqaAaDKNKJaQLGPeCLhbUwgmKArtDesfZijdAzunhunhmzl.pkg	8d426cdc3ca7419043be7a006c25cbd3	EP1017-BLES00229_00-AVGRANDTHE000013			102400	
BLES00229	EU	Mori Kibbutz	http://zeus.dl.playstation.net/cdn/EP1017/BLES00229_00/EMknSjnlAgPRaMurimktiOQRIZoPgomlyKximtSoEbXMFWMdTTttXPHVVnVKknHk.pkg	263a5ff5e81f42d5bd22b26f9fb38ec5	EP1017-BLES00229_00-AVGRANDTHE000014			102400	
BLES00229	EU	Malc	http://zeus.dl.playstation.net/cdn/EP1017/BLES00229_00/LWhKzkiudTJztWiREbSELYFXFrghlwWHRsqwUEAWSsKaWCUXMcfBtTibnQteWzxE.pkg	60758328817436c7493e3464547d8130	EP1017-BLES00229_00-AVGRANDTHE000015			102400	
BLES00229	EU	Luis Lopez Bouncer	http://zeus.dl.playstation.net/cdn/EP1017/BLES00229_00/haIcdrCAcNUTZmBdJmTMrqGgxIYYXkCcPRsiLiwnDYHUgGjDQaPouJUrgxIImClh.pkg	2b4ef43ec7aa7f20764fbae8ed455b5a	EP1017-BLES00229_00-AVGRANDTHE000016			102400	
BLES00229	EU	Lost and Damned Logo	http://zeus.dl.playstation.net/cdn/EP1017/BLES00229_00/zLNbhbdbvACLQVvjDgvvRkJUhYNUhwZubsCVGjfgWgyizVTVkIvMSaPVrwRFRBsC.pkg	cceb2376171acf75bb6ca9752786a172	EP1017-BLES00229_00-AVGRANDTHE000017			102400	
BLES00229	EU	Gracie Ancelotti	http://zeus.dl.playstation.net/cdn/EP1017/BLES00229_00/dXlRmdYwXkeXWQbdOeQHWrcBaKUkljYQNFPGcuWImyfOSkAlJrCqaPBZrjggwKpg.pkg	5420057768a0f040914a0ab8126e61b7	EP1017-BLES00229_00-AVGRANDTHE000018			102400	
BLES00229	EU	Billy Grey	http://zeus.dl.playstation.net/cdn/EP1017/BLES00229_00/ityFJvoIeuLBPDgVthWbxWeFuuRKJnuHXGrafJnucMnWzwhOeHIakagFCQDMUuPt.pkg	206c9b8c6627a3c4c3a37b3bbecd9e30	EP1017-BLES00229_00-AVGRANDTHE000019			102400	
BLES00229	EU	Ashley Butler	http://zeus.dl.playstation.net/cdn/EP1017/BLES00229_00/ULKWbedTXuzAcHipqlWvWQdzxXsqdLIYbaZtxKEitjTfMQZDQJlJyiWDIqolXrvJ.pkg	1f25120ef11725803cbf79c2c873ea6a	EP1017-BLES00229_00-AVGRANDTHE000020			102400	
BCES00509	EU	Doughnut Drake Avatar	http://zeus.dl.playstation.net/cdn/EP9000/BCES00509_00/7LvUV7O9waeWsYDHthva4Q6IAfqJWSVjjMYk05hYmfmD0M6U52FFpCKUAi37nqDK.pkg	9bab9f9795b85b4e68becc2a95e9a911	EP9000-BCES00509_00-AVAU2ATDNUTDRAKE			105792	
BCES00141	EU	Great Blue Avatar	http://zeus.dl.playstation.net/cdn/EP9000/BCES00141_00/PvT7aYLugXDD0dpQiv2rHuu6itXjBptAlKOyeA55LrpmVQA4rAqmlWiCrk8Nectug1J2TloqVj4sg2BCDaLFEI1HXNmj7BtfnQYfO.pkg	8d90d3d31193700d24e41b8cc64ed0df	EP9000-BCES00141_00-AVLITTLEBI000008			102400	
BLES00948	EU	DEAD RISING™ 2 Fat Lady Zombie Avatar	http://zeus.dl.playstation.net/cdn/EP0102/BLES00948_00/EcQBVVhXpulVksWypMpcmsBkAUnvhvUgVVrcyMDKuvRCCWAUNWJOuzdNtPxzkabc.pkg	7efce167adc5f03d2bd5e564532331f2	EP0102-BLES00948_00-AVDEADRISI000002			102400	
BLES00948	EU	DEAD RISING™ 2 Zombie Cop Avatar	http://zeus.dl.playstation.net/cdn/EP0102/BLES00948_00/KQjSHcJMUUZjWuAHSsYDIxUVrfhZdPirCjyjUNRRcXyMwRSzOGLRQDnAaaqzVFwf.pkg	a51bdd5a6f9ddeb6b3ca47a45b6eefce	EP0102-BLES00948_00-AVDEADRISI000003			102400	
BLES01788	EU	Hyperdimension Neptunia Victory: Purple Sister	http://zeus.dl.playstation.net/cdn/EP1063/BLES01788_00/bOKntxHTYuZeNDZbBNGYrLyKjDwdSgTyehHrdAeDDEHLgjACesBGIBplVsnkdCbV.pkg	0b605ceb198284bc591cffc81c15ce77	EP1063-BLES01788_00-AVHYPERDIM000004			102400	
BLES01788	EU	Hyperdimension Neptunia Victory: Plutia	http://zeus.dl.playstation.net/cdn/EP1063/BLES01788_00/NQxAswYUCrhVTiCaNuJtTdPahRsMnPrNvsusMYvrRtfYOAPghWmQjzTVrZPzsqrz.pkg	588a1e63885a0d47b5e3e878d60f1df5	EP1063-BLES01788_00-AVHYPERDIM000005			102400	
BLES01788	EU	Hyperdimension Neptunia Victory: Compa	http://zeus.dl.playstation.net/cdn/EP1063/BLES01788_00/uEPxPBBcZzpzRjoQAXSRDwkwCsiWQPgSsSRxMeAasjgZjNkbdScIBcXfTtGEnXMH.pkg	31ec2437bade33ee618533d9efe2404f	EP1063-BLES01788_00-AVHYPERDIM000009			102400	
BLES01788	EU	Hyperdimension Neptunia Victory: Peashy Avatar	http://zeus.dl.playstation.net/cdn/EP1063/BLES01788_00/TkXnbntCXtsAcTBwgmbbZyOZcCdAPWiFNqqDbhTjbpnMrPVRDlajTuCFPNFoNvXR.pkg	828b07d4b2e8481de4765bf53c5f194e	EP1063-BLES01788_00-AVHYPERDIM000010			102400	
BLES01788	EU	Hyperdimension Neptunia Victory: Croire Avatar	http://zeus.dl.playstation.net/cdn/EP1063/BLES01788_00/erENFEtQUAZXjOlZRbywlSTXiYSFNHvVJZznhoRRdGUeJTqsElkqYNUBIYDBZWIp.pkg	ef2198302f617e4babf52782519e40d6	EP1063-BLES01788_00-AVHYPERDIM000013			110288	
BLES01788	EU	Hyperdimension Neptunia Victory: Abnes Avatar	http://zeus.dl.playstation.net/cdn/EP1063/BLES01788_00/FeShZWzWsGbDERAYcjCNfHvAMjHHqgZfzUhLzssLHuHTBpCoopAEVePIhjMmOlkM.pkg	207faffea0962d771c5c307d6fd3f705	EP1063-BLES01788_00-AVHYPERDIM000015			102400	
BLES01788	EU	Hyperdimension Neptunia Victory: Arfoire Avatar	http://zeus.dl.playstation.net/cdn/EP1063/BLES01788_00/NOLqoQsSjhgACiooxLjgNrjeSjHPsWzWBzeetTSGOBnRmmVHrSzbgqWtyZkOTDkn.pkg	5239e37cbc1453089e397720ac3c963b	EP1063-BLES01788_00-AVHYPERDIM000016			105008	
BLES01788	EU	Hyperdimension Neptunia Victory: Mr. Badd Avatar	http://zeus.dl.playstation.net/cdn/EP1063/BLES01788_00/wITIcbVSQVFaNKNjoXPswbcOBGYuOmFlULMoKpDJfzolzsfbBrTeezzryDXkVcev.pkg	553af294a78951593b45ee8fb399e8e4	EP1063-BLES01788_00-AVHYPERDIM000017			102400	
BLES01788	EU	Hyperdimension Neptunia Victory: Vert v2 Avatar	http://zeus.dl.playstation.net/cdn/EP1063/BLES01788_00/tyteTVDmmiEoLCDrSKVUBSSpgKBbAXlbvZZCiWLIzmbTtYfHFROJhgcpLVxKrsLE.pkg	6d6ac93174a4cf0154cbb728b979b730	EP1063-BLES01788_00-AVHYPERDIM000021			102400	
BLES01788	EU	Hyperdimension Neptunia Victory: Green Heart v2 Avatar	http://zeus.dl.playstation.net/cdn/EP1063/BLES01788_00/vYUqSbOhBmJyCLYYCVcPAFWjmDSVcHcwWcnHvzSwpyJwmQaibLOjkNFNqlknddhG.pkg	76bc9f01fc35f0bcb43f3e0524430085	EP1063-BLES01788_00-AVHYPERDIM000022			108704	
NPEB00185	EU	2002 Enzo Ferrari Avatar	http://zeus.dl.playstation.net/cdn/EP4037/NPEB00185_00/kaRmIxNqsdWrAoaoAtjNkASxVKJvvyBfXVfjrfzGdbBVaiLZjJWtRPUpTCYgrMID.pkg	12980ee3564447a30db6df2e0a2a8b7d	EP4037-NPEB00185_00-AVFERRARIT000010			102400	
NPUA80160	US	UNKNOWN TITLE	http://zeus.dl.playstation.net/cdn/UP9000/NPUA80160_00/GuyDaaKTwgSBaSzygKjUjeCCsFpekPnBGzCmFsKMAMFMZJqhQbHYHFkJujlrsdbxKUuknULTJjDSdcsphYtWTfBjeZiJSUrZdfkXu.pkg	MISSING	UP9000-NPUA80160_00-AVAPJEGARDEN0001			102400	
BLES01723	EU	Mugen Souls: Dees	http://zeus.dl.playstation.net/cdn/EP1063/BLES01723_00/TsDNXwqpUbopzSRZfjQWffHYfbTXktrmJiWUhKgRgisVzstUzsvIXwBzCPXfKdTY.pkg	6075f1d8f738200b1bee3fcdd1bb680d	EP1063-BLES01723_00-AVMUGENSOU000013			102400	
NPEB01082	EU	Legasista: Alto Avatars	http://zeus.dl.playstation.net/cdn/EP1063/NPEB01082_00/nmEJhNsDaaWSWDHmHzWdQcVDtZdrLfDcREjzEJZlMMJMbMrXwXBUuctqnHPRXChe.pkg	4211f413e7a30ab5dfd36aa753e1fd66	EP1063-NPEB01082_00-AVLEGASIST000001			102400	
NPEB01082	EU	Legasista: Dungeon Avatars	http://zeus.dl.playstation.net/cdn/EP1063/NPEB01082_00/UuREopccNADxFJCbJNgLAybfgyReMWkCKYICoLVRvrfrCLEuFigBZLjsPYcbHWwa.pkg	86bdc5fd26368d558ac4653ac88a0111	EP1063-NPEB01082_00-AVLEGASIST000002			102400	
NPEB01082	EU	Legasista: Leina Avatars	http://zeus.dl.playstation.net/cdn/EP1063/NPEB01082_00/TBgwjDetpJdrNvtnKiBHfEcswSaXmBWzSyjeVbAcpTIJLsibnPNsjLBYSCiQddAj.pkg	f7949b5049fe6f5c523898a4f0bc615f	EP1063-NPEB01082_00-AVLEGASIST000003			121760	
NPEB01082	EU	Legasista: Mari Avatars	http://zeus.dl.playstation.net/cdn/EP1063/NPEB01082_00/OhfBDphTyRfxHsUvDIrPLgdmkTkMlvPwHwMMHnGzdnuWbzXqGxOzISANfakmpZim.pkg	69fe7e4449ae6d8999a98fded7009a58	EP1063-NPEB01082_00-AVLEGASIST000004			102400	
NPEB01082	EU	Legasista: Melize Avatar	http://zeus.dl.playstation.net/cdn/EP1063/NPEB01082_00/UcFspfkNaoJPeIYMhNUcXGgdRHChQmkdEmWtTQqCvklHLPuGeeXRbXPHqYmLeBaN.pkg	c682767a45de682c930a2750be58cbaa	EP1063-NPEB01082_00-AVLEGASIST000005			102400	
NPEB01082	EU	Legasista: Mimily Avatar	http://zeus.dl.playstation.net/cdn/EP1063/NPEB01082_00/mikWGkdCrcljKnHbpAvESgfxMZbKRJRTPJpKjrmcBtPrmLvowyEJBdvWJJMOUcXN.pkg	49a42a0d4be9a8f1c78d2c4edd8f5416	EP1063-NPEB01082_00-AVLEGASIST000006			122368	
NPEB01082	EU	Legasista: Shout Avatar	http://zeus.dl.playstation.net/cdn/EP1063/NPEB01082_00/HBdzZLOVWRazyeiwxuutLhOfSwnzvhygTHsCtNoVRPdmkDADpPArcHbyVWBnmsTE.pkg	fed802396e9566b77049b65339a299d3	EP1063-NPEB01082_00-AVLEGASIST000007			102400	
NPEB01082	EU	Legasista: Sprout Avatar	http://zeus.dl.playstation.net/cdn/EP1063/NPEB01082_00/EDrfZmbwJGaIxTcfpQDQWJMWykhDcDdQmsdUHWlxKiZWOyVqMUZGyDtShFCSvzgI.pkg	696d8b8fd5fe762d61d2825610e79148	EP1063-NPEB01082_00-AVLEGASIST000008			102400	
NPEB01082	EU	Legasista: Volks Avatar	http://zeus.dl.playstation.net/cdn/EP1063/NPEB01082_00/zPsqSafiUzKksjlIIRBCRCVuWBVyKqeUFXsdHbDbGnGuZFVxSnpyCppxmQrSvbAA.pkg	85773cdba396e7a70c3740fc5ee78209	EP1063-NPEB01082_00-AVLEGASIST000009			111072	
NPEB00525	EU	Absolute Supercars 12 : 2006 Pagani Zonda F Avatar	http://zeus.dl.playstation.net/cdn/EP4037/NPEB00525_00/umKBxeUBMMwzzddxTRENXUefnXGuhMqtGWIUNjcrxcjJDxcbFaWJjDWIcJyKxRdQ.pkg	e3dc5f4613c169ce95bd13d8b06cb562	EP4037-NPEB00525_00-AVABSOLUTE000070			102400	
NPEB02124	EU	Saturn Avatar	http://zeus.dl.playstation.net/cdn/EP4507/NPEB02124_00/EP4507-NPEB02124_00-AVVIRTUALB001314_bg_1_27d503185726617d953530f9b19e54466f0afc33.pkg	36c15ed55d2040ccc7434c16e0f8185c	EP4507-NPEB02124_00-AVVIRTUALB001314			102400	
BCES00141	EU	LittleBigPlanet Sky Avatar	http://zeus.dl.playstation.net/cdn/EP9000/BCES00141_00/2Yh5MBekkrt2Iit1vXqdMQOyUTpxXjSxvoDQ7R2plKgR1F1X6wTuEX3OTITw3Al0vrvS4AQ3qL9wOeTt5WDJfHk5kEJjVX0OAj2FV.pkg	570f05acb8785f1b580c71a0d1a4cba6	EP9000-BCES00141_00-AVLITTLEBI000004			102400	
NPEA00366	EU	MALICIOUS™ Avatar 1	http://zeus.dl.playstation.net/cdn/EP9000/NPEA00366_00/ngGYKyhFVfTfnGjqqTdLIBQteXMOnNsqbABInnpDsYeWtBxzDSzeuAHEfwibysHu.pkg	2d754f765fa7d6d69e0587e746b6b30b	EP9000-NPEA00366_00-AVAMALICIOUS0001			102400	
NPEA00366	EU	MALICIOUS™ Avatar 2	http://zeus.dl.playstation.net/cdn/EP9000/NPEA00366_00/lsscCOBEYOLqFUvTmQFxEVBhUAGbKqnTQKyNhAtvltVEpJKMCxwmSZDHEPianczZ.pkg	6a62fe02c4c0489124f55328a5103c0b	EP9000-NPEA00366_00-AVAMALICIOUS0002			102400	
NPEA00366	EU	MALICIOUS™ Avatar 4	http://zeus.dl.playstation.net/cdn/EP9000/NPEA00366_00/SucsEFJpCsXeKLpiOYgKiTiYZOiSUzABTGfmyQWXddxVLJyhoZioaDvvrZQPMqGw.pkg	1e0248aeafaa973c52554ae7b61f31cb	EP9000-NPEA00366_00-AVAMALICIOUS0004			102400	
NPEA00366	EU	MALICIOUS™ Avatar 7	http://zeus.dl.playstation.net/cdn/EP9000/NPEA00366_00/GHlQkTWFvgbqzPoYuvqprGHvlStDUximvaeSuMqcnJaglblZxvBsfgJIdhDfJhhg.pkg	ed3d675c5d884b4e838df7fe9eafe41e	EP9000-NPEA00366_00-AVAMALICIOUS0007			102400	
NPEA00366	EU	MALICIOUS™ Avatar 5	http://zeus.dl.playstation.net/cdn/EP9000/NPEA00366_00/VxfSiDKKIUkPWyGBMZKBSyiXAKNNaEVKDYmmVubVqewFxHNOKzsIyXdPaDMdAkMG.pkg	56daa19cdb959ab30baf388401dd2622	EP9000-NPEA00366_00-AVAMALICIOUS0005			102400	
NPEA00366	EU	MALICIOUS™ Avatar 6	http://zeus.dl.playstation.net/cdn/EP9000/NPEA00366_00/HzXOJahYpJvTdqcRhHKmCZNFihZGjvbKhRieIuqnPMdIVmLFhhmTsLnKNcDOJHDg.pkg	2160af994dfb46b3c016483e02c62b40	EP9000-NPEA00366_00-AVAMALICIOUS0006			102400	
NPEA00366	EU	MALICIOUS™ Avatar 8	http://zeus.dl.playstation.net/cdn/EP9000/NPEA00366_00/bEbvGlbnglSktGkOEeGVMYVkvfvoLKyKjpLzzoNxGPlPKKcnPkeqCYetFcdilUKA.pkg	8a7a582197fa183b2ad401354e4419c9	EP9000-NPEA00366_00-AVAMALICIOUS0008			102400	
NPEA00366	EU	MALICIOUS™ Avatar 9	http://zeus.dl.playstation.net/cdn/EP9000/NPEA00366_00/RXMCbpmyoNHgPCEsdpAEmrpdZoaNSGslBiGyqEckIQwpGxQlwZnSivLFIcwCoonC.pkg	2ddd5beae2dd811d2367f3fc0f271d6f	EP9000-NPEA00366_00-AVAMALICIOUS0009			102400	
NPEA00366	EU	MALICIOUS™ Avatar 10	http://zeus.dl.playstation.net/cdn/EP9000/NPEA00366_00/gvZwDovOJDtJhskbaRJYNwyAfmIAZdMsiWyjamUzWnmcgrSNlPvPiqiTFbwwDNUU.pkg	9a5eaacc01ce5b56856970c3a32a0b42	EP9000-NPEA00366_00-AVAMALICIOUS0010			102400	
NPEA00366	EU	MALICIOUS™ Avatar 11	http://zeus.dl.playstation.net/cdn/EP9000/NPEA00366_00/hzyxummXOOpEhZNrClvbbDgRhFwopuOJGbUertdFrOTRUFkLfOahjBdCnIEmgjWI.pkg	7c5cac760c1e09d4cc5d9229c72c9472	EP9000-NPEA00366_00-AVAMALICIOUS0011			102400	
NPEA00366	EU	MALICIOUS™ Avatar 12	http://zeus.dl.playstation.net/cdn/EP9000/NPEA00366_00/OTiDIsFJrtubbhSjzShGxveFsHaOPYRnPAuQflotWszuFKftGUTymRpkeWaxFbMP.pkg	5b75932af7b72e942745e590ba12cf97	EP9000-NPEA00366_00-AVAMALICIOUS0012			102400	
NPEA00366	EU	MALICIOUS™ Avatar 13	http://zeus.dl.playstation.net/cdn/EP9000/NPEA00366_00/XHaSLUgHHuAxdsPnRGSsdQfnlEbvXYsyaSmtatjeUIxFHPlOybmiRXFYSvCchscc.pkg	7e00c93e157575953223dec59f146811	EP9000-NPEA00366_00-AVAMALICIOUS0013			102400	
NPEA00366	EU	MALICIOUS™ Avatar 14	http://zeus.dl.playstation.net/cdn/EP9000/NPEA00366_00/rXkfEEuOznzFkKLKWfnvjCINbUssPvpIEyTIfalbGxzuuyvlCbvKqQkDkfzWwWKh.pkg	2d5cccb142a14a2866cfb44ea0959cee	EP9000-NPEA00366_00-AVAMALICIOUS0014			102400	
NPEA00366	EU	MALICIOUS™ Avatar 15	http://zeus.dl.playstation.net/cdn/EP9000/NPEA00366_00/bAIhReUeIvJFvBZqNWneATDEeIdUVAgYqsOglFNBOAjtzmukMgILTUkWnPmFnCAE.pkg	213c8455ceab794bf6d166b988649f9d	EP9000-NPEA00366_00-AVAMALICIOUS0015			102400	
NPEA00366	EU	MALICIOUS™ Avatar 16	http://zeus.dl.playstation.net/cdn/EP9000/NPEA00366_00/XuvtKPiaOwSRoCkuEvFFxOyoPPFEmrLqNzIwtcaJdammFezWwnqOrlTYEORvbvWP.pkg	f77a0f4cb8a109729a93f14c78c70116	EP9000-NPEA00366_00-AVAMALICIOUS0016			102400	
NPEA00366	EU	MALICIOUS™ Avatar 18	http://zeus.dl.playstation.net/cdn/EP9000/NPEA00366_00/BhSjkGKSZabIOuwpESjLPoQAYzyaekDsuWGjigWcsabZEDpRVlMdXoavRErUeeXc.pkg	56b9de1db70f992e5693c890e55bb543	EP9000-NPEA00366_00-AVAMALICIOUS0018			102400	
NPEA00366	EU	MALICIOUS™ Avatar 17	http://zeus.dl.playstation.net/cdn/EP9000/NPEA00366_00/LFEhpglKWrPfWvuigcpbhkNlOMSUjVDzAdrckwaMqWygVZXBhcxvmCaakNNHuAqO.pkg	7e1f419f7dac407e6263c4c3dc3dc2eb	EP9000-NPEA00366_00-AVAMALICIOUS0017			106624	
NPEA00366	EU	MALICIOUS™ Avatar 19	http://zeus.dl.playstation.net/cdn/EP9000/NPEA00366_00/wEZKiNtrilDGkkjbXmXEikNfgaYPSmfBlIZYwfDQTwxcLRjgTGkOSRmPklJiTdDo.pkg	9d0346f0c4232ceb4bb11363d3409a85	EP9000-NPEA00366_00-AVAMALICIOUS0019			102400	
NPEA00366	EU	MALICIOUS™ Avatar 20	http://zeus.dl.playstation.net/cdn/EP9000/NPEA00366_00/osupgEqKBdcDCUWzxuPvUDyeZLvypGVcKubUwnPcMrQlXAzGYfWeXgaVGDwPpMje.pkg	a16e963085b284e6a075f0e8dabfae23	EP9000-NPEA00366_00-AVAMALICIOUS0020			102400	
NPEA00366	EU	MALICIOUS™ Avatar 21	http://zeus.dl.playstation.net/cdn/EP9000/NPEA00366_00/ToVlnEtEJGcTGgcEOFiePRbOeQsJMTnbyxDrVYUrmOzIvmZauMZXcodnTwJxjHgk.pkg	dc53f99f86dd5a3dd45d1bf6e4474ad8	EP9000-NPEA00366_00-AVAMALICIOUS0021			102400	
NPEA00366	EU	MALICIOUS™ Avatar 22	http://zeus.dl.playstation.net/cdn/EP9000/NPEA00366_00/fboiJgRdOHWWnsOhxZgzseEeWCUkBDuLgKLcaYGZyaUkYAbodNPszeVaCqTvhJhC.pkg	1c4a32d9e50df209a5a4257d1eca8498	EP9000-NPEA00366_00-AVAMALICIOUS0022			102400	
NPEA00366	EU	MALICIOUS™ Avatar 23	http://zeus.dl.playstation.net/cdn/EP9000/NPEA00366_00/qeACvdYDknEYAhKJhiiBYsyDdAruZMaoDJWevjUjmGtWAnQlgAiehhHQJQFUYAwV.pkg	a6d4eca1a4b7dfaec0c5b77002dfa6b5	EP9000-NPEA00366_00-AVAMALICIOUS0023			102400	
NPEA00366	EU	MALICIOUS™ Avatar 24	http://zeus.dl.playstation.net/cdn/EP9000/NPEA00366_00/VxjAqEqlJTvWiukAyejpfhHFOcfUTpAmXEFylrzctHvaGgrcBAhvnbKpbJvCuTny.pkg	b4a540b98ea82b93f90c64fac6471a76	EP9000-NPEA00366_00-AVAMALICIOUS0024			102400	
NPEA00366	EU	MALICIOUS™ Avatar 25	http://zeus.dl.playstation.net/cdn/EP9000/NPEA00366_00/GlVQwjvWptDUjMeFinFPLsHLyMFkgmMdhTIrpcwoYjjJnqHEQSPxCiIhwGcVYqTZ.pkg	609c9d4397ec7489c984941ff71429b4	EP9000-NPEA00366_00-AVAMALICIOUS0025			102400	
NPHP00134	ASIA	SUDOKU by Nikoli V XMB™ Premium Avatar Tanto	http://zeus.dl.playstation.net/cdn/HP0571/NPHP00134_00/NmtcwduCMUORbrqwcgiDzBwMXsjLEQTDUCdRWjzWOZlMzuQBJzDOQucZLOEssHEQGhfbdXDulhPOhFODdGyYJYBxUjblSNeJHAILk.pkg	a19351e131d69bccde3570c84be658da	HP0571-NPHP00134_00-AVATARHAM0000004			102400	
NPHP00134	ASIA	SUDOKU by Nikoli V XMB™ Premium Avatar Mū	http://zeus.dl.playstation.net/cdn/HP0571/NPHP00134_00/rHKBCCxgHnNivfchcWFwDoyMKhIBTqidzhoPStnKUhphHQQejhvmmWXDmAwTKNqeuAunsGApDutuvcJdaQlGeoujUfMIrFCtYZlMS.pkg	7c99037b13b678890f9b52ede2760c2f	HP0571-NPHP00134_00-AVATARHAM0000008			102400	
NPJB00599	JP	『P4U2』DL版購入特典アバター「足立」	http://zeus.dl.playstation.net/cdn/JP0005/NPJB00599_00/SPXvqRRKOlAjeEFKOlJAyJNGblzYZSdcmhVexvYNCotycxcGIjniPBYzsXdJIONs.pkg	29689ce6653abffec4fd2e7519fdce6b	JP0005-NPJB00599_00-AVATAR1407U2B021			102400	
NPJB00599	JP	『P4U2』DL版購入特典アバター「マリー」	http://zeus.dl.playstation.net/cdn/JP0005/NPJB00599_00/MMmESPIiYnadYXdPLPLLKZmnQpgGjWFaYbAqevRwPixsJybhmtmDWfLHTYMDWswO.pkg	bc12dade459bf1588b2825430ce87c17	JP0005-NPJB00599_00-AVATAR1407U2B022			105680	
NPJB00599	JP	『P4U2』DL版購入特典アバター「マーガレット」	http://zeus.dl.playstation.net/cdn/JP0005/NPJB00599_00/jLbuIpBhaTWsDDEBhzieMowJCnCKkZMLrFmwykpcRHCBeGutXNAvwDqreHeszDBZ.pkg	80c3e60076b455906ffc4d66e152754f	JP0005-NPJB00599_00-AVATAR1407U2B023			108400	
NPJB00599	JP	『P4U2』DL版購入特典アバター「菜々子」	http://zeus.dl.playstation.net/cdn/JP0005/NPJB00599_00/bVUqxlRdmyHdhxiGNrwpSBjlLTaXCXghAiZVjtKEvIiWcQcLPJPYQBNPtahmhWzi.pkg	b61a576895e2f77a4d7cfa6175fe0474	JP0005-NPJB00599_00-AVATAR1407U2B024			110048	
NPJB00599	JP	『P4U2』DL版購入特典アバター「クマB」	http://zeus.dl.playstation.net/cdn/JP0005/NPJB00599_00/FBxvIqeyWTBWEFMnffGjndHmVDAqLysgbaIkxosDFgBsScCEEigujDTbIqUoZEsY.pkg	bbe4de1a24386999e10579c8703d1925	JP0005-NPJB00599_00-AVATAR1407U2B025			102400	
NPJB00599	JP	『P4U2』DL版購入特典アバター「風花」	http://zeus.dl.playstation.net/cdn/JP0005/NPJB00599_00/hJHQpUIbsyKwPCIokvfYhPYVuBqyvxIakzsbctIQZgCcRtLWlLWBVwupEYyIebOL.pkg	c05514c4702223dc687d2b31d877a3e9	JP0005-NPJB00599_00-AVATAR1407U2B026			102400	
NPJR80036	JP	『BAYONETTA』アバター ベヨネッタ	http://zeus.dl.playstation.net/cdn/JP0177/NPJR80036_00/xFzviHUoGViEjrdrEAVYGMEKhjznqttdigewQrTDHDVOtguIIDZsZekTOFCfvgpTcxANXLArPKXZSrndCDioTZbPhyGwjXImDAexl.pkg	8fcc54210399e008f14596acbc62db10	JP0177-NPJR80036_00-BAYONETTA0AVA001			102400	
NPJR80036	JP	『BAYONETTA』アバター ジャンヌ	http://zeus.dl.playstation.net/cdn/JP0177/NPJR80036_00/YnSykuQqmaPPmfzUPembpLRgfeoEVvxIkIgMVPfEqNcmTynbxynydneQWmktRbpqnlLwtYqtviGcDOOnkRAohmBPfyknviIgnVSAk.pkg	ed7145ac300b05d861e1e9f7934bf3af	JP0177-NPJR80036_00-BAYONETTA0AVA002			102400	
NPJR80036	JP	『BAYONETTA』アバター コマ人形ジャンヌ	http://zeus.dl.playstation.net/cdn/JP0177/NPJR80036_00/nGMhRswqeJukFwcSchUgvTpsOmcKzEfGSzqSXyGNvNIbNWgRiAcoiutUFVpMLUsCaiLgxNylQAAYGjsExnuhjqfhneCTJtZkXeiqT.pkg	4722b69b9cca3038d56684b950dc2b33	JP0177-NPJR80036_00-BAYONETTA0AVA008			102400	
NPJR80036	JP	『BAYONETTA』アバター ロダン	http://zeus.dl.playstation.net/cdn/JP0177/NPJR80036_00/bBBCYbvBiwNrnkvndpVMlYXJDrLifHZToBuHeGdblxChyLASZYpWewoBmECrvBRDBrtylJnKwWeudlndBHWpAgSaxzzrHAHXDVSdJ.pkg	8c12d1352ff51ecaa8fc6b1f523bd3f4	JP0177-NPJR80036_00-BAYONETTA0AVA003			102400	
NPJR80036	JP	『BAYONETTA』アバター エンツォ	http://zeus.dl.playstation.net/cdn/JP0177/NPJR80036_00/MIfjOhZOstpHCmFJmWULvQNZduhWHcYnavPpOJRxxuNbmdFQXhPyBBNhWLLawCgxEyYGvdBOLrOrsGHtRTwzJfdFHyTNvZpWxPlDw.pkg	4167d2a9bec2f3fba7c78d7561b121d4	JP0177-NPJR80036_00-BAYONETTA0AVA004			102400	
NPJR80036	JP	『BAYONETTA』アバター セレッサ	http://zeus.dl.playstation.net/cdn/JP0177/NPJR80036_00/kqGdEJqabJKIjljHkXAvVuUWeIGWvGZBGVdrIENdnFNxqJlDbcuzWjwWdlEOBadeKVTReJPKihXTxiitLaRUlxxkCQhlTJyQOAbUf.pkg	11f9594cb97ce97a3a218bfa943f1ba4	JP0177-NPJR80036_00-BAYONETTA0AVA006			112864	
NPJR80036	JP	『BAYONETTA』アバター コマ人形ベヨネッタ	http://zeus.dl.playstation.net/cdn/JP0177/NPJR80036_00/QhTomTtffJDwIQSryhQWcuumOisjoExzcKzgdECbjLRlqetocfMWUAnFxTRxHWbWNqRRpYGMLOXKgEcTKTBwAJyUYBsPMJVhyYliU.pkg	15eeb9e41b30b6a79b93eb861193d8c3	JP0177-NPJR80036_00-BAYONETTA0AVA007			102400	
NPJR80036	JP	『BAYONETTA』アバター ルカ	http://zeus.dl.playstation.net/cdn/JP0177/NPJR80036_00/wNApaTmzsYhEFMhRXzOKAwMOrtxsoKeqwsDbIffHGziaJVOjZHADSXPCHlhMgRHBowViivhxxJdjDNJcQqEKHaqFYxzOfxRnrOLkZ.pkg	171bda43ed52b8ee2cf0f9ab717da5c3	JP0177-NPJR80036_00-BAYONETTA0AVA005			108160	
NPUB31445	US	Skullgirls - Cerebella Avatar	http://zeus.dl.playstation.net/cdn/UP2032/NPUB31445_00/ClGCCRVHsBbjdlmAgIGDzcYqZLdulvXhyEAHMMeJVutBDqyKbkadDrQKzvqxkVlh.pkg	044a095fb1df018ab8d0e3254621967d	UP2032-NPUB31445_00-UASKULLGIR000002			102400	
BLES00517	EU	UNKNOWN TITLE	http://zeus.dl.playstation.net/cdn/EP0082/BLES00517_00/BnEvRREtyGTUVjUcJtoVlwOvFyvfhjmVmjMNLrbzKmPlhiBncjQFFUNKVumpudWb.pkg	MISSING	EP0082-BLES00517_00-AVJUSTCAUS000009			102400	
BLES00942	EU	UNKNOWN TITLE	http://zeus.dl.playstation.net/cdn/EP1004/BLES00942_00/eCbjeriIbYnabeoyZZnLUBRdGDiGyPMaInIAHNFTZpdahlwsZMdqbuzijnpiHXvS.pkg	MISSING	EP1004-BLES00942_00-AVMAXPAYNE000001			124960	
BLES00942	EU	UNKNOWN TITLE	http://zeus.dl.playstation.net/cdn/EP1004/BLES00942_00/bSOpnePhcqkvbNZGEWoBnUJsqCedAWiguPMwWKSVoWVGAMpwgqXlWXNoaPEiFzsr.pkg	MISSING	EP1004-BLES00942_00-AVMAXPAYNE000005			124384	
BLES00942	EU	UNKNOWN TITLE	http://zeus.dl.playstation.net/cdn/EP1004/BLES00942_00/fEAMvTGOUTkONugtRrHlDqJKUvDIRTuMydKOOFcHMdJwgLTlnFxLsXOMUzJmIsOc.pkg	MISSING	EP1004-BLES00942_00-AVMAXPAYNE000008			102400	
BLES01698	EU	DmC Dante Avatar 2	http://zeus.dl.playstation.net/cdn/EP0102/BLES01698_00/QKQhwXTRlmjnPhOkjgUkNPPCJlVSDBBgklOGGpKVxTSEpUEbZMUjFYLpJxTzmsBi.pkg	MISSING	EP0102-BLES01698_00-AVDMCDEVIL000002			102400	
NPEB00384	EU	Stay Puft Marshmallow Man	http://zeus.dl.playstation.net/cdn/EP0182/NPEB00384_00/guRDRMPcANSfjYZzmbaVkeCBxJIrVTTOBTqQWrXkNHIfyvNVDMfcQCrMLiKLgYvb.pkg	MISSING	EP0182-NPEB00384_00-AVGHOSTBUS000004			102400	
BLES01987	EU	The Witch and the Hundred Knight: Metallia Avatar	http://zeus.dl.playstation.net/cdn/EP1063/BLES01987_00/blexPOPNqrkZnMmkXqcYNCBvyVkvBchVyCHdmnGAgmhNOdrsEvaBzjzVPlKQKjWu.pkg	MISSING	EP1063-BLES01987_00-AVTHEWITCH000001			102400	
NPEB02125	EU	Kati Avatar	http://zeus.dl.playstation.net/cdn/EP1063/NPEB02125_00/EP1063-NPEB02125_00-AVAKIBASTR000001_bg_1_bbca88da4abdcf2aa391f2c30e7ba8691f261a78.pkg	MISSING	EP1063-NPEB02125_00-AVAKIBASTR000001			102400	
NPEB00525	EU	Absolute Supercars 11 : 2006 Pagani Zonda F Avatar	http://zeus.dl.playstation.net/cdn/EP4037/NPEB00525_00/jhxfWxpAiGHtPJWebAAJTdwoeiOzmjBpsIJEIxGbYfOZjeDqFHuaJvDZkYHyicOx.pkg	MISSING	EP4037-NPEB00525_00-AVABSOLUTE000069			102400	
NPEB00525	EU	13 : 2008 Bugatti EB16-4 Veyron Avatar	http://zeus.dl.playstation.net/cdn/EP4037/NPEB00525_00/RTfJPrbDaaNJiKHxjQSBjhKODfjDKmOwiVXgTWTPsncIotyZwroWGbUVAKZdmwJU.pkg	MISSING	EP4037-NPEB00525_00-AVABSOLUTE000075			102400	
NPEB02325	EU	Deception IV TNP - Millennia Avatar	http://zeus.dl.playstation.net/cdn/EP4108/NPEB02325_00/EP4108-NPEB02325_00-AVDECEPTIO000001_bg_1_a241bb186d9b85b0a42082cd4dcc4208f0776b26.pkg	MISSING	EP4108-NPEB02325_00-AVDECEPTIO000001			102400	
NPEB02325	EU	Deception IV TNP - Reina Avatar	http://zeus.dl.playstation.net/cdn/EP4108/NPEB02325_00/EP4108-NPEB02325_00-AVDECEPTIO000002_bg_1_29d7e9176649a20f6f59c56eada5189a90c43beb.pkg	MISSING	EP4108-NPEB02325_00-AVDECEPTIO000002			102400	
NPEB02325	EU	Deception IV TNP - Laegrinna Avatar	http://zeus.dl.playstation.net/cdn/EP4108/NPEB02325_00/EP4108-NPEB02325_00-AVDECEPTIO000003_bg_1_430375de2fc763bfa43e3d1565f31b55cd6080b2.pkg	MISSING	EP4108-NPEB02325_00-AVDECEPTIO000003			102400	
NPEB02325	EU	Deception IV TNP - Allura Avatar	http://zeus.dl.playstation.net/cdn/EP4108/NPEB02325_00/EP4108-NPEB02325_00-AVDECEPTIO000004_bg_1_c1465a96eb76e20631af5fda8423f25cf19c53a8.pkg	MISSING	EP4108-NPEB02325_00-AVDECEPTIO000004			102400	
NPEB02325	EU	Deception IV TNP - Velguirie Avatar	http://zeus.dl.playstation.net/cdn/EP4108/NPEB02325_00/EP4108-NPEB02325_00-AVDECEPTIO000005_bg_1_83a03cc975b998ae2b4361140dafedbfc602e8e7.pkg	MISSING	EP4108-NPEB02325_00-AVDECEPTIO000005			102400	
NPEB02325	EU	Deception IV TNP - Ephemera Avatar	http://zeus.dl.playstation.net/cdn/EP4108/NPEB02325_00/EP4108-NPEB02325_00-AVDECEPTIO000006_bg_1_24ea57b02b1fe5f52fcc702137162ad9562cb0ff.pkg	MISSING	EP4108-NPEB02325_00-AVDECEPTIO000006			102400	
NPEB00281	EU	Joe Danger Avatar	http://zeus.dl.playstation.net/cdn/EP4142/NPEB00281_00/qrC6lIh6b7LE0xLqnX5dtO52YDkCUoRJ7frnIeI2oBLFCBWyBMuqHJbY3YVfjn7v.pkg	MISSING	EP4142-NPEB00281_00-AVFIRSTPLA000001			102400	
NPEB00298	EU	Monkey Island Retro Guybrush Avatar	http://zeus.dl.playstation.net/cdn/EP4142/NPEB00298_00/Ph135DeLiKaxVMFEGmK8PBkEV1DJ8tQy1vy0mDEywD1qRDWQYIhXm21NepVws5Sw.pkg	MISSING	EP4142-NPEB00298_00-AVFIRSTPLA000001			102400	
NPEB00298	EU	Monkey Island Guybrush Avatar	http://zeus.dl.playstation.net/cdn/EP4142/NPEB00298_00/P75j9BAgMXsPnTsCyNdsfch2SwhejMrUptSnSlyawdSJU3pMfF4WCvVn8tJ37eLa.pkg	MISSING	EP4142-NPEB00298_00-AVFIRSTPLA000002			102400	
NPEB00298	EU	Monkey Island LeChuck Avatar	http://zeus.dl.playstation.net/cdn/EP4142/NPEB00298_00/ZRGksLEmFJfQUjImTCjHnmEqXKHJtiAGaUvjFZQARFBIsktgsOyaoELNbwOBVtnR.pkg	MISSING	EP4142-NPEB00298_00-AVFIRSTPLA000004			102400	
NPEB00298	EU	Monkey Island LeChuck’s Revenge Avatar	http://zeus.dl.playstation.net/cdn/EP4142/NPEB00298_00/XrHFDWLZuEolFNmfZfTsLGppnFPxazifSutgMAufllEvnlhxiwdiwTgntpvGPhpa.pkg	MISSING	EP4142-NPEB00298_00-AVFIRSTPLA000005			102400	
NPEB00325	EU	Landit Bandit Babe Avatar	http://zeus.dl.playstation.net/cdn/EP4142/NPEB00325_00/qtGDLtiVXBFVylCbAflhuTjSJhpkZxTPLuvXbAAtfIAqTMdbGCoKVaFNQwmCnGkd.pkg	MISSING	EP4142-NPEB00325_00-AVFIRSTPLA000001			102400	
NPEB00325	EU	Landit Bandit Baron Avatar	http://zeus.dl.playstation.net/cdn/EP4142/NPEB00325_00/mlX7uigop92Ma5mcLiVQhINaYBNicwkdH3IKsODu0TuNU48X6KGbrd6jYmMtlD3p.pkg	MISSING	EP4142-NPEB00325_00-AVFIRSTPLA000002			102400	
NPEB00325	EU	Landit Bandit Marley Avatar	http://zeus.dl.playstation.net/cdn/EP4142/NPEB00325_00/dlTPtM8j7fxHmXAxtDjP9Hefe7nviFoiLvDEtBpDiLXmso81sCC2R5toLLU2pa88.pkg	MISSING	EP4142-NPEB00325_00-AVFIRSTPLA000007			102400	
NPEB00325	EU	Landit Bandit Squid Avatar	http://zeus.dl.playstation.net/cdn/EP4142/NPEB00325_00/bCMFpLOB1CWXqAhCqN2orx6aOQ0yNFGsf0pbsEg9U5ySDt5BH5eu1hEKsSTot5x7.pkg	MISSING	EP4142-NPEB00325_00-AVFIRSTPLA000008			102400	
NPEB00325	EU	Swords & Soldiers Child Emperor Avatar	http://zeus.dl.playstation.net/cdn/EP4142/NPEB00325_00/yiIFaovipZpseYEILsfiVlLnvfSGCqpNZmVukGYaclmpLFmhjHCUNFuuwXPlWDHw.pkg	MISSING	EP4142-NPEB00325_00-AVFIRSTPLA000009			102400	
NPEB00325	EU	Swords & Soldiers Swordsman Avatar	http://zeus.dl.playstation.net/cdn/EP4142/NPEB00325_00/stdHLIZyVyVwRxwSftbkOFsXPJKjKtsBzNUCIIkmmShjpVxZIsUeiaNwjAXbyAnn.pkg	MISSING	EP4142-NPEB00325_00-AVFIRSTPLA000017			102400	
NPEB00474	EU	Avatar Bunnies of War-Comm v3	http://zeus.dl.playstation.net/cdn/EP4312/NPEB00474_00/rNkyhGIMvyljCLqFQfOPNHXJqbpiwDBxbLEfmpghQavppbDWJPLDKskdwOJbxprD.pkg	MISSING	EP4312-NPEB00474_00-AVSMOBILET000659			120880	
NPEB00474	EU	Avatar Bunnies of War-BL v3	http://zeus.dl.playstation.net/cdn/EP4312/NPEB00474_00/tFdIDWBdZjutkSSnjRoWionHnAQOKOaAcrwPsnunSQiOSJKHkYxhrqgRHrhDAaIu.pkg	MISSING	EP4312-NPEB00474_00-AVSMOBILET000662			115600	
NPEB00474	EU	Avatar Akako Ekittie	http://zeus.dl.playstation.net/cdn/EP4312/NPEB00474_00/ABhOgxkTEbtMSKdBrJXZdeyuXdrQIZmahzrVAkSlhukNqfPixWqCxRlmEQKvPaPr.pkg	MISSING	EP4312-NPEB00474_00-AVSMOBILET001067			109168	
NPEB02107	EU	Cat Eyes Avatar 1	http://zeus.dl.playstation.net/cdn/EP4498/NPEB02107_00/YVEyKHpakWwBwOmGfhyhklazBpeaxgwaowmdwSBeiegIAEUlQKDqEzvGWLuhVldi.pkg	MISSING	EP4498-NPEB02107_00-AVTANTRUMT000001			131328	
BCES00483	EU	Rock Chick Pet Avatar	http://zeus.dl.playstation.net/cdn/EP9000/BCES00483_00/xnMBeWuQdFLcAgXzxgfJxuEPSPwfEwHYJLDHxonkvyjDgbZkXYsjotmwNYQeRkKb.pkg	MISSING	EP9000-BCES00483_00-AVAEYEPEROCKCHIC			102400	
BCES00483	EU	Music Pet DJ Avatar	http://zeus.dl.playstation.net/cdn/EP9000/BCES00483_00/k7SMwBQYG0ODP9gyt0Ui7uWctqdkXSACgV1XQDkHBHIv86vK335GTYeEQCPpBlFNvFn55Un5quyG2NklcBObuRV2q79ltF4tIov5y.pkg	0b53151a11a9df9d79080b2926e47504	EP9000-BCES00483_00-AVAEYEPETMUSICDJ			102400	
NPEB00130	EU	Anime: Olé Avatar 1	http://zeus.dl.playstation.net/cdn/ET0001/NPEB00130_00/udQqVetJRgCFGdBLOUmqDBoivSJcnXpuNBkDDKrBvROpfWwmhxSOOOTXBKBzVAPx.pkg	MISSING	ET0001-NPEB00130_00-AVDISRUPTI001217			102400	
BLUS30836	US	Rayman® Origins Rayman Avatar	http://zeus.dl.playstation.net/cdn/UP0001/BLUS30836_00/QnbQzpSPQvuvdsZKuBZEmrdAwAHJhkjbBKtlOXXchKxHMDrNOiKnNgNztqGVfcaFmqgCoDlDLTtrFXdkduBWcAUWyKKxQmpsxnEmZ.pkg	MISSING	UP0001-BLUS30836_00-AVARAYORAYMAN000			102400	
BCUS98164	US	Heavy Rain® Origami Dog Avatar	http://zeus.dl.playstation.net/cdn/UP9000/BCUS98164_00/3C49BO2B5HrviVn2lTspbn44f8kLrfnDDP2knRgqAK1UQwBgQIbbyM1INTolpukooeHoA4DrrR2BSMFlAgnh2fPJdTwKKS5cM1SVI.pkg	MISSING	UP9000-BCUS98164_00-AVAHEAVYRAINODOG			102400	
BCUS98174	US	The Last Of Us™ Ellie Avatar 1	http://zeus.dl.playstation.net/cdn/UP9000/BCUS98174_00/FhVVGRlEbSzwzXzmMMFXaiFgtPdnckpEVFyycAvdBBsWGinDTXxTOfEvEHFRjOGjnmYWJYOhgpZBqjxathdXauJrcFtZybPBaQnyU.pkg	MISSING	UP9000-BCUS98174_00-AVATLOUELLIEAVA1			102400	
BCUS98242	US	MotorStorm® Helmet Avatar	http://zeus.dl.playstation.net/cdn/UP9000/BCUS98242_00/dCRynwXQgaBvVlsNgectptSIcQidfAaIZIvCfVrQckshHwLWXbGXRnDtmPUOaPdrABRVYCFkZqNsSiSbZOyEDcPyCfZETgCVrKZMk.pkg	MISSING	UP9000-BCUS98242_00-AVAMOTOAPVIP0000			102400	
BCUS98295	US	MLB® 12 The Show™ Minnesota Twins Avatar	http://zeus.dl.playstation.net/cdn/UP9000/BCUS98295_00/ZlNzXobJwFBacDxnIYCyMloRlLMGWXgfibnSeghDLAcpAvfmKTlbQOlCWTsYuDhWQRUyMjubeeJtMtDeBDSCovSCdeqsPvXOyXncC.pkg	MISSING	UP9000-BCUS98295_00-AVAMLB12TWINS000			104144	
BLUS30847	US	METAL GEAR SOLID 3 Eva Avatar	http://zeus.dl.playstation.net/cdn/UP0101/BLUS30847_00/lJjqeaNSfYglCTzhcLKAmKUdZmrKlaeBAoovaNLjckLkPayZlWskgoEJWnZldRuwcZCbLVoARfMiFjhQQmfzTnqsYZRekRTjbzccy.pkg	MISSING	UP0101-BLUS30847_00-AVAMGS3EVA000000			118224	
BLUS30847	US	METAL GEAR SOLID 3 The Boss Avatar	http://zeus.dl.playstation.net/cdn/UP0101/BLUS30847_00/nTnxWcHySBQDNLtQGXXWLhJWSJjCwqoAbqzcNBGRzGqiAyuoIjjWskEFRzokoAJTJzXLmWlJkMJqcRyKTryPqsdVIthGJbZhGoVPU.pkg	MISSING	UP0101-BLUS30847_00-AVAMGS3THEBOSS00			120752	
BLUS30557	US	Max Payne®3 Max Payne #2 Avatar	http://zeus.dl.playstation.net/cdn/UP1004/BLUS30557_00/nlvnsliECvVZmKXDZXLweatFcXqjlrdkPIJGxPlljvjkwftvcOpgNsjcARrocakA.pkg	MISSING	UP1004-BLUS30557_00-AVAMP3MAXPAYNE02			121984	
BLUS30418	US	Red Dead Redemption Scarlet Lady Avatar	http://zeus.dl.playstation.net/cdn/UP1004/BLUS30418_00/FRKHzDIucCQxchlAgyyjMcRliuNjxHXOxAMxbsdLTPCQHOYlwiCclvkyGYvjcemv.pkg	MISSING	UP1004-BLUS30418_00-AVAREDDEADSCARLE			102400	
BLUS30127	US	Grand Theft Auto® IV Lollipop Girl Avatar	http://zeus.dl.playstation.net/cdn/UP1017/BLUS30127_00/xgDPohLKxhrzQlnzbxTmJVtXseMHAIxNwCCahcyEaHPSratpZuWbVDiVaVSvwcFJXnEliuWKHDHRYLkADZZtHosbwuxLzIIhKUaaU.pkg	MISSING	UP1017-BLUS30127_00-AVAGTAIVLOLLIPOP			102400	
BCES01007	EU	Helghast Engineer Avatar	http://zeus.dl.playstation.net/cdn/EP9000/BCES01007_00/pxoZLBmYibBwpswtIaXAcpTWIXFdfHIIaMZgfZBwsmLcJUVyPSHgwiNsRGxXKVlf.pkg	a5b66d81cd3144a964054d7e8eb0c753	EP9000-BCES01007_00-AVAKZ3HELGENGINE			102400	
BCES01007	EU	Helghast Tactician Avatar	http://zeus.dl.playstation.net/cdn/EP9000/BCES01007_00/xRvmpCAphaEWCWMACDgJzgySnfMCjLjhpMowlbeJZsbuzyukTvovuoAcaPUyjqya.pkg	0f5c059f72cfef786c12c62d3f7da7e4	EP9000-BCES01007_00-AVAKZ3HELGINFILT			102400	
BCES01007	EU	Helghast Marksman Avatar	http://zeus.dl.playstation.net/cdn/EP9000/BCES01007_00/pGkDpBrLRkMSHKRpxwDdHvNFTaKgmzvbEDdwVMkIqXnFFNYlQKdAwViqJMRTWIjZ.pkg	6a5bc81abc2f89a0dbd7da06dd81a857	EP9000-BCES01007_00-AVAKZ3HELGMARKSM			102400	
BCES01007	EU	Helghast Medic Avatar	http://zeus.dl.playstation.net/cdn/EP9000/BCES01007_00/sjLlHUBChJpaLERVNczhRbAXXhasykPhiwDOsjIpSLDcFFhbNUpouJvKCdEFeGLh.pkg	137db2149dcfd19b527f5123be34c6e3	EP9000-BCES01007_00-AVAKZ3HELGMEDICC			102400	
BCES01007	EU	Helghast Infiltrator Avatar	http://zeus.dl.playstation.net/cdn/EP9000/BCES01007_00/oYLXSaHdJVXEvRtugVltjkNaXmqoOWbGEzkpKscmVNrVJYOFgMWndyUIaiouCewo.pkg	a3b364777fff6b6ceea70c2e334e6bcb	EP9000-BCES01007_00-AVAKZ3HELGTACTIC			102400	
BCES01007	EU	ISA Engineer Avatar	http://zeus.dl.playstation.net/cdn/EP9000/BCES01007_00/opONrzxRIkMnfWyGQiBilSGcbwPLjKaUIJYFRFBRTFhMSlHPIKvFuUsRxDdiDczB.pkg	ab87755475fc0e6e5f1866eb99dc1040	EP9000-BCES01007_00-AVAKZ3ISAENGINEE			102400	
BCES01007	EU	ISA Tactician Avatar	http://zeus.dl.playstation.net/cdn/EP9000/BCES01007_00/VfTPUoXZxtIiiCToAmFnMGlcTYLenmyndvudzcpMZuyJrRSruTFfZBcsFnUzuqRS.pkg	3dd05b156f63d8de3803df956c8b036b	EP9000-BCES01007_00-AVAKZ3ISAINFILTR			102400	
BCES01007	EU	ISA Marksman Avatar	http://zeus.dl.playstation.net/cdn/EP9000/BCES01007_00/veMKGNamyRXzKNPqntVDefKJyUTNBQnJbXDuMUoyFfnXEfauueJFZSuEJKTICRUQ.pkg	31831cadca643f66457a0f8577998279	EP9000-BCES01007_00-AVAKZ3ISAMARKSMA			102400	
BCES01007	EU	ISA Medic Avatar	http://zeus.dl.playstation.net/cdn/EP9000/BCES01007_00/UpidEVMRBITEybjbHGOQKPghwEbaHfhJsatbrjwTYtNrVgabsskkUkYryBAVHlBs.pkg	48cf95126e0c612c9c09e99ef22117e0	EP9000-BCES01007_00-AVAKZ3ISAMEDICCC			102400	
BCES01007	EU	ISA Infiltrator Avatar	http://zeus.dl.playstation.net/cdn/EP9000/BCES01007_00/sLWvqkSvPFrPFfEatzioKTbwSJTzgkvUHRhWNnVWeZiiboCwirGFPcTPyAMGZnns.pkg	0f4a694fbe8688d341525398955516fb	EP9000-BCES01007_00-AVAKZ3ISATACTICI			102400	
NPJB00383	JP	UNKNOWN TITLE	http://zeus.dl.playstation.net/cdn/JP0365/NPJB00383_00/zytYcrhPJORCNNPbRtbsQLsthjLppLtkmSRjQPhJkxRxIlovrNUvHoQwyFlJbUaN.pkg	MISSING	JP0365-NPJB00383_00-AVATAR1307000001			102400	
NPJB00383	JP	UNKNOWN TITLE	http://zeus.dl.playstation.net/cdn/JP0365/NPJB00383_00/rREXxrqRBogVSQTxTQUBrDnmEYVcsVmqcRthVshxDQnfRTSHEuqmBeKsRsOWyCjE.pkg	MISSING	JP0365-NPJB00383_00-AVATAR1307000002			102400	
NPJB00383	JP	UNKNOWN TITLE	http://zeus.dl.playstation.net/cdn/JP0365/NPJB00383_00/UawHHIUyhlPilrZNepeuaxXOWjghqJggAsDraPHyYAHYNvqfXLNwPonolZaCarnz.pkg	MISSING	JP0365-NPJB00383_00-AVATAR1307000003			102400	
NPJB00383	JP	UNKNOWN TITLE	http://zeus.dl.playstation.net/cdn/JP0365/NPJB00383_00/ixjIwsVlNEpmeHSPEIpwjFcMKGxuqUgrjyDtAcgbFgUothwWnuPpHPABLqGhflTD.pkg	MISSING	JP0365-NPJB00383_00-AVATAR1307000004			102400	
NPJB00383	JP	UNKNOWN TITLE	http://zeus.dl.playstation.net/cdn/JP0365/NPJB00383_00/FpXBeNFvKNCGXfYtOuVmybAPJwoSuOyafKXpYlaLkFGbCfbGCITVNdMSlXywfcZW.pkg	MISSING	JP0365-NPJB00383_00-AVATAR1307000005			102400	
NPJB00383	JP	UNKNOWN TITLE	http://zeus.dl.playstation.net/cdn/JP0365/NPJB00383_00/nCIoIQXvdfELRvaLblKoKtRlxnVrzCTAnGsFxaReiAaDRMyoQgaNkgOQrADQztdF.pkg	MISSING	JP0365-NPJB00383_00-AVATAR1307000006			102400	
NPJB00383	JP	UNKNOWN TITLE	http://zeus.dl.playstation.net/cdn/JP0365/NPJB00383_00/hnGAGNYdAgFShUABfliDRvOotutaCkXEVxPeHpQAwUOpfCHGypyDqhRAlrdSxvJa.pkg	MISSING	JP0365-NPJB00383_00-AVATAR1307000007			102400	
NPJB00383	JP	UNKNOWN TITLE	http://zeus.dl.playstation.net/cdn/JP0365/NPJB00383_00/ljlTAcFtIuGxJjLVKCLsggwiGhKwwJuKZXPHxbKHrskaTewZnlnSsToeZXnxNvmd.pkg	MISSING	JP0365-NPJB00383_00-AVATAR1307000008			102400	
NPJQ00040	JP	UNKNOWN TITLE	http://zeus.dl.playstation.net/cdn/JP9003/NPJQ00040_00/LzbJKABvnVbuIwyrAasCBdviRLNJBCtAoyrllSzYgyOwMsBXlKPtdYHGBCdxnuhS.pkg	MISSING	JP9003-NPJQ00040_00-AVATAR1304BARA01			102400	
NPJQ00040	JP	UNKNOWN TITLE	http://zeus.dl.playstation.net/cdn/JP9003/NPJQ00040_00/AtlNErwIbZQRWMwzPJkVxTMayUQGappHkwRuJODkzSnDXmrvqCAdKVCHFmUUViCw.pkg	MISSING	JP9003-NPJQ00040_00-AVATAR1304BARA02			102400	
NPJQ00040	JP	UNKNOWN TITLE	http://zeus.dl.playstation.net/cdn/JP9003/NPJQ00040_00/VSfxWPjorTBpuxvwHRilzhyFRztsRBJZdVUzciyoRRKJlmuwugVmERKHTqqHeVxb.pkg	MISSING	JP9003-NPJQ00040_00-AVATAR1304BARA03			102400	
NPJQ00040	JP	UNKNOWN TITLE	http://zeus.dl.playstation.net/cdn/JP9003/NPJQ00040_00/nSlfgLAFoYKqmCDxadlKQFgxFhKBzGJUZqLPsdBrcfQXikcldLZmWEbhsApUSuiF.pkg	MISSING	JP9003-NPJQ00040_00-AVATAR1304BARA04			102400	
NPJQ00040	JP	UNKNOWN TITLE	http://zeus.dl.playstation.net/cdn/JP9003/NPJQ00040_00/ElevqrVZSiDtQMJHcqaKYrYpncExOUpjkFUqTnFrBwxCoZvHPDrMyoDpWDaGmYIL.pkg	MISSING	JP9003-NPJQ00040_00-AVATAR1304BARA05			102400	
NPJQ00040	JP	UNKNOWN TITLE	http://zeus.dl.playstation.net/cdn/JP9003/NPJQ00040_00/TCcukYfGROHmGTSWBPXNddQiaPDiJfqPJyIRjMpZBgqqZygRarEXqIrkyEaKuVUS.pkg	MISSING	JP9003-NPJQ00040_00-AVATAR1304BARA06			102400	
NPJQ00040	JP	UNKNOWN TITLE	http://zeus.dl.playstation.net/cdn/JP9003/NPJQ00040_00/WKAewJOHNYaTEETHMCHksKEIjqtLJuFlcmxiRUJvsYxhAfxtHAUAVUehBDLZvdHq.pkg	MISSING	JP9003-NPJQ00040_00-AVATAR1304BARA07			102400	
NPJQ00040	JP	UNKNOWN TITLE	http://zeus.dl.playstation.net/cdn/JP9003/NPJQ00040_00/FtcGxaUPMRblkjmLtPDMEkbSBNxnIEJKHmkMQxnHjrEQNzBGuUTlBAYwQBPndcnN.pkg	MISSING	JP9003-NPJQ00040_00-AVATAR1304BARA08			102400	
NPJQ00040	JP	UNKNOWN TITLE	http://zeus.dl.playstation.net/cdn/JP9003/NPJQ00040_00/SIXqdpmtCrpMTSmLprWnCJcZGthvionQoPBIxhHrNFMVqpZVvoRkZXdHFJGPmMHU.pkg	MISSING	JP9003-NPJQ00040_00-AVATAR1304BARA09			102400	
NPJQ00040	JP	UNKNOWN TITLE	http://zeus.dl.playstation.net/cdn/JP9003/NPJQ00040_00/obbzSbeSIzvdzESPEASzPVcQPIWPcoUmaZMtXTEQVlXLbJvcNCRDuXglNrObDHva.pkg	MISSING	JP9003-NPJQ00040_00-AVATAR1304BARA10			102400	
NPJQ00040	JP	UNKNOWN TITLE	http://zeus.dl.playstation.net/cdn/JP9003/NPJQ00040_00/AQSwPZaxotQAJPXZznGGaBmUeYeiPfFiPJENNcVPveysllmnbrMtjUoXimolWCXQ.pkg	MISSING	JP9003-NPJQ00040_00-AVATAR1304BARA11			102400	
NPJQ00040	JP	UNKNOWN TITLE	http://zeus.dl.playstation.net/cdn/JP9003/NPJQ00040_00/ytbHuzHHtZBdYMqIuncbdncryfqEJWIdDkWHuqnaVBApPuuFVMXLzCARZTssxEvx.pkg	MISSING	JP9003-NPJQ00040_00-AVATAR1304BARA12			102400	
NPJQ00040	JP	UNKNOWN TITLE	http://zeus.dl.playstation.net/cdn/JP9003/NPJQ00040_00/mKtcseaOdePqcuyIFpbUpXesuajWRQErcDCYEuZanSWySLlKWCAcxuUqvgULJjhR.pkg	MISSING	JP9003-NPJQ00040_00-AVATAR1304BARA13			102400	
BLUS30521	US	UNKNOWN TITLE	http://zeus.dl.playstation.net/cdn/UP0001/BLUS30521_00/GIBpOjRsifPaNvLLxtyVwqyVAvkVJsXuXsdbYVYQtEqsItOqNWLwFQtUdvORkfuCwNNOWDINSyjsvzudamQJqQdOQtzdkDMuVoSPO.pkg	MISSING	UP0001-BLUS30521_00-AVAGTFSGHOSTLOGO			102400	
BLUS30434	US	UNKNOWN TITLE	http://zeus.dl.playstation.net/cdn/UP0102/BLUS30434_00/uzAaRLgSIOUtcvQkGSIaZZMJjLjDNuIrYJJOHfUDwKywRmYyyJvrTqHhnntnLAivDubaaUHvMbPDWfDXwIBLDlecHgiaiJdqTKuNK.pkg	MISSING	UP0102-BLUS30434_00-AVALP2BAIZTENCAL			102400	
BLUS30434	US	UNKNOWN TITLE	http://zeus.dl.playstation.net/cdn/UP0102/BLUS30434_00/RQvFiAahKwHBEuhMhDbQubtuiilJZVlSyzkaZIvgWlKFTbNRvvNQKdJZDdnCQeYVUxsbGKFZzjccVloZHCOYvSpNQFHYiGxOFEgnp.pkg	MISSING	UP0102-BLUS30434_00-AVALP2BUGRANCHER			109936	
BLUS30434	US	UNKNOWN TITLE	http://zeus.dl.playstation.net/cdn/UP0102/BLUS30434_00/GogwomkYJmIwqCOZESeClnDVNRMUtyqRgiVOkKXkPMgpOqBKOXHzGkOlUJpduqLDLmVqKsfYAPGQBJTLyqWCojJYlHREAZXvxwLqs.pkg	MISSING	UP0102-BLUS30434_00-AVALP2CYCKOPS000			102400	
BLUS30434	US	UNKNOWN TITLE	http://zeus.dl.playstation.net/cdn/UP0102/BLUS30434_00/JAOodljqvQShLjxEvodJuzDSmLcUtYVXBBqXsBOuBDAhktUopwYRjnNjkVajMPImIqcwSjSegXgWMFIjHhzXmvqyZkeaLzbYhHykm.pkg	MISSING	UP0102-BLUS30434_00-AVALP2GAF15DDRIO			102400	
BLUS30434	US	UNKNOWN TITLE	http://zeus.dl.playstation.net/cdn/UP0102/BLUS30434_00/OXZpaEIGRvCyAjZKkAcrJnJyGcYBJxsyYWXYBivlppTSwnNLgLNIeZGMHorBlWtpqXXKtqNCUXtMmahMEdnqJxEzGItluusfxFkUh.pkg	MISSING	UP0102-BLUS30434_00-AVALP2GAH42BSBLE			102400	
BLUS30434	US	UNKNOWN TITLE	http://zeus.dl.playstation.net/cdn/UP0102/BLUS30434_00/KnJzBAzLDqEAKPOffsLEzKKUkmZqyETmOkSVOKBjnVYCIHwwcYvxoHQHkOCCuBGozpnUxmWsfcZtPUQXHjvrmDCPZROMtQiVGpuhT.pkg	MISSING	UP0102-BLUS30434_00-AVALP2GAN34WBROC			102400	
BLUS30434	US	UNKNOWN TITLE	http://zeus.dl.playstation.net/cdn/UP0102/BLUS30434_00/eYDuFZPhCKKILqnxrsNyOpZruQeaePgPmVWMRCoHLKAQGnUOxMGTtJlYduOCCsPNIEfIzdyPopQuBPUOGDGcOVCVEqvqcOOagyoZx.pkg	MISSING	UP0102-BLUS30434_00-AVALP2GTF11DSNOW			102400	
BLUS30434	US	UNKNOWN TITLE	http://zeus.dl.playstation.net/cdn/UP0102/BLUS30434_00/eNElqkobblStecdWkDoNWNHhEWWDLHVvEtfpWoPefoDxBozzcaPCDURsQIeQsbrMTRzjdsVcZHQVKlgWFrkSrRkDKrAZRGusIcXfi.pkg	MISSING	UP0102-BLUS30434_00-AVALP2PTX140RHAR			102400	
BLUS30434	US	UNKNOWN TITLE	http://zeus.dl.playstation.net/cdn/UP0102/BLUS30434_00/kfAAjDZRXMdAVhEBdubGqFFxYOcnEnPmqEAFIXkCYjhbdxkAiUeTQJAYGcXUOSNQJbcHpFDlazFlebaVwuNEhHQSOtPwwRRjgsgar.pkg	MISSING	UP0102-BLUS30434_00-AVALP2VAGABUNDO0			102400	
BLUS30434	US	UNKNOWN TITLE	http://zeus.dl.playstation.net/cdn/UP0102/BLUS30434_00/soPbOWanfOZviYdaWkvPdvMXBRHrRHlajbSVOytDlGBHduAwbzmIfBeSpvMbtvpDQHvwZjlLIPFtZmupQMVYFbqnNGkZoArdmBRxC.pkg	MISSING	UP0102-BLUS30434_00-AVALP2SEANEVECSR			142336	
BLUS30434	US	UNKNOWN TITLE	http://zeus.dl.playstation.net/cdn/UP0102/BLUS30434_00/eIjDxSBZEbsraOCOhiKgKZCgxqREBMuVXCplFZwtLzbfAGRCNyqGYVkrGBGaPiMGiEkbNCHOhjMnrCDWMFZXUVKjJzKzIgcVcLTWk.pkg	MISSING	UP0102-BLUS30434_00-AVALTP2CARPETBAG			114960	
BLUS30434	US	UNKNOWN TITLE	http://zeus.dl.playstation.net/cdn/UP0102/BLUS30434_00/EujcUoNvbBloPJyVdTAibWVtmfnVTcnaONOPTGYoeHMXWutuXCioUWyEWAQBAFzaiOZTzeMORNLMaUzqJnhdYSvYUdUqHHwUbCOei.pkg	MISSING	UP0102-BLUS30434_00-AVALTP2EXNEVECSO			112112	
BLUS30434	US	UNKNOWN TITLE	http://zeus.dl.playstation.net/cdn/UP0102/BLUS30434_00/hkGVrPPOvyciSHdntAUSmVdNzMefDXwlNxYdKkgzkmRACvRbgaasNslNpQMJUDhqdkLeWXZGBmVyqNHNGfZuXLlybVOyGNMiJvMjv.pkg	MISSING	UP0102-BLUS30434_00-AVALTP2CRIMSONPR			130752	
BLUS30434	US	UNKNOWN TITLE	http://zeus.dl.playstation.net/cdn/UP0102/BLUS30434_00/VFzTULHVcRwpFNNVAVnPvKSkyqMDZlsRBiDrbBJlHGKOVmRYXfrjuYLzVzRgLNgMevJsyWXdBubRDLmWUDTZJxjmtVjpprCnHIwiK.pkg	MISSING	UP0102-BLUS30434_00-AVALTP2GAH41BSLB			102400	
BLUS30434	US	UNKNOWN TITLE	http://zeus.dl.playstation.net/cdn/UP0102/BLUS30434_00/rGeltfnnBQvlgvtBPNlgITpUDteruEuqQXhiapxYKWdPdkVwNwExuNljoPsDzrvKSlTXofIAQwfhpLrPIdyDIPsDRtsyJmfldTTHx.pkg	MISSING	UP0102-BLUS30434_00-AVALTP2GAN37XSEE			102400	
BLUS30434	US	UNKNOWN TITLE	http://zeus.dl.playstation.net/cdn/UP0102/BLUS30434_00/OxPHnxBKDBwBdDanGRhriHJPhIoRKfwPHlAAIadxvbjyswrWPrEytGZEqBxMrfmksbWUqGfIslbUQrbiyXDqDNJCnUmAlpsJKuMOD.pkg	MISSING	UP0102-BLUS30434_00-AVALTP2GAN3AMTRI			102400	
BLUS30434	US	UNKNOWN TITLE	http://zeus.dl.playstation.net/cdn/UP0102/BLUS30434_00/KfpwUomamOGHmTLVBjMGAPtqCGlFFndGNQTUGcYgHWeLBHZAoYmAcTBmFtKHwtikNQmgRSLpZznZjSUyFLTJTFcUWHWoNVKVaHaPZ.pkg	MISSING	UP0102-BLUS30434_00-AVALTP2GORDIANT0			102400	
BLUS30434	US	UNKNOWN TITLE	http://zeus.dl.playstation.net/cdn/UP0102/BLUS30434_00/HszaEMmrwTQsSfkMYReAcspTRHNoDHXwmKOgrRFyVIhfOHmeZipWfoMKUKZVIFlNRqVeUbpGcluNTiSFbQFKUipBJPRWuppOClzCa.pkg	MISSING	UP0102-BLUS30434_00-AVALTP2GTB22FAZE			102400	
BLUS30434	US	UNKNOWN TITLE	http://zeus.dl.playstation.net/cdn/UP0102/BLUS30434_00/WmKtsioOcBksTfKXxjUZyzmoQXlCwbgguXfoiRukKVwWtpVZpInJujjpQTSmYktZtvkraNtCJMOAaYEJcXcHaCLZwKrfyRSrCXzsf.pkg	MISSING	UP0102-BLUS30434_00-AVALTP2PARAJELLO			102400	
BLUS30434	US	UNKNOWN TITLE	http://zeus.dl.playstation.net/cdn/UP0102/BLUS30434_00/XNAihcXhpLeIcGoASGGfcAIvdKDagxgRgeuLfFGWrptAoVfnxigrvKxuBhnYHljouprcGDJrGrtkGRXynIULGJWDXuWXwhWobEEYs.pkg	MISSING	UP0102-BLUS30434_00-AVALTP2PTX140RHB			102400	
BLUS30723	US	UNKNOWN TITLE	http://zeus.dl.playstation.net/cdn/UP0102/BLUS30723_00/PqWYssWDEGSZgZtNGimPBljxhvwhoEtdrNGtpOAHMPbPpuhLiqkPfWQSSwglBycN.pkg	MISSING	UP0102-BLUS30723_00-UADMCDEVIL000001			102400	
BLUS30723	US	UNKNOWN TITLE	http://zeus.dl.playstation.net/cdn/UP0102/BLUS30723_00/njyvrbQoqkUqsYXDFRyumJlmVrcnMDoRkTSUpIlLrRNtXgsttlldyVpbZuwITeus.pkg	MISSING	UP0102-BLUS30723_00-UADMCDEVIL000002			102400	
BLUS30723	US	UNKNOWN TITLE	http://zeus.dl.playstation.net/cdn/UP0102/BLUS30723_00/AkNbAAiymUAzIvNdyqmBimbNwUReZbiwhPzCLKtynGppXAPovoKIyAxHZYgknzVt.pkg	MISSING	UP0102-BLUS30723_00-UADMCDEVIL000003			102400	
BLUS30723	US	UNKNOWN TITLE	http://zeus.dl.playstation.net/cdn/UP0102/BLUS30723_00/cQJoveYCDphyqMlIbDhfMswHYmHJnKhaIYPlqErtBCtjKEfqNwoppjmkiYvzvBUj.pkg	MISSING	UP0102-BLUS30723_00-UADMCDEVIL000004			119424	
BLUS30723	US	UNKNOWN TITLE	http://zeus.dl.playstation.net/cdn/UP0102/BLUS30723_00/RThZQZeyADvuUDSFcmVZNlpkwjKOXdbyJaPTrbkUKLjkPPBMehmFxwElzAnJGifg.pkg	MISSING	UP0102-BLUS30723_00-UADMCDEVIL000005			102400	
BLUS30723	US	UNKNOWN TITLE	http://zeus.dl.playstation.net/cdn/UP0102/BLUS30723_00/LpUBNDOqSKNUZVMUKISIymPyNvEvkeUkZrHjhlMCMmwYrwapDkRASYWZmZoytLgX.pkg	MISSING	UP0102-BLUS30723_00-UADMCDEVIL000006			102400	
BLUS30723	US	UNKNOWN TITLE	http://zeus.dl.playstation.net/cdn/UP0102/BLUS30723_00/CtvTuIXTFzeoEmawKVuTcHlbcJgobKlrrKjSbjqllGhdziIAlGgAWDMPiduqVfKY.pkg	MISSING	UP0102-BLUS30723_00-UADMCDEVIL000007			102400	
BLUS30723	US	UNKNOWN TITLE	http://zeus.dl.playstation.net/cdn/UP0102/BLUS30723_00/zQgthAjWxImesZTOTzNAcSBmWvubySexEVjaMxGBUaELGIjrZnukecjOgDuvaiwD.pkg	MISSING	UP0102-BLUS30723_00-UADMCDEVIL000008			102400	
BLUS30723	US	UNKNOWN TITLE	http://zeus.dl.playstation.net/cdn/UP0102/BLUS30723_00/RNhqQjazQhasIHazbxHihSApgtJEZEiWtoQdkiPDDbHstcmElvLGhjyOVTrqAdOA.pkg	MISSING	UP0102-BLUS30723_00-UADMCDEVIL000009			102400	
BLUS30723	US	UNKNOWN TITLE	http://zeus.dl.playstation.net/cdn/UP0102/BLUS30723_00/VFcoNHMpkItswIyEoNTqJJbuLpaExgIQliCnyxdNUmuPsbTpGzOQTsAIwIqDxnJt.pkg	MISSING	UP0102-BLUS30723_00-UADMCDEVIL000010			102400	
BLUS31012	US	UNKNOWN TITLE	http://zeus.dl.playstation.net/cdn/UP0102/BLUS31012_00/BwKhnjnNpMkRyIjtqgpRHiOfftmYolBfgDNQBBZVmvCgjqWgizUTmooTVzIptqJG.pkg	MISSING	UP0102-BLUS31012_00-UAREMEMBER000001			102400	
BLUS30855	US	UNKNOWN TITLE	http://zeus.dl.playstation.net/cdn/UP0102/BLUS30855_00/mRTPjEHyJQpBdSDvdBKUWkijAHZvTahjFrMOkcnlzQWrGASRXzrecVYFBRrmWBatWmgjhccmWNLZOnblKFNRkpeYLDoOxzlNjEgyf.pkg	MISSING	UP0102-BLUS30855_00-AVARE6LEON000000			102400	
BLUS31012	US	UNKNOWN TITLE	http://zeus.dl.playstation.net/cdn/UP0102/BLUS31012_00/WycnlhHBJWjUtjoSaROeTqxCmcotbLBApVhlcyFQPdzFFvEByVtyQjjLTbCObxkV.pkg	MISSING	UP0102-BLUS31012_00-UAREMEMBER000002			109248	
BLUS31012	US	UNKNOWN TITLE	http://zeus.dl.playstation.net/cdn/UP0102/BLUS31012_00/EwkWznAcwoiVHPctjEclYaQBQQvZdMoydSyhxkljIaSDWzoqpJAXzzoRRiDMZmrS.pkg	MISSING	UP0102-BLUS31012_00-UAREMEMBER000003			102400	
BLUS31012	US	UNKNOWN TITLE	http://zeus.dl.playstation.net/cdn/UP0102/BLUS31012_00/ugXLxVPIYuKrpeIMNAffrnXhpHnwRntLwkQaFUtWQepGxUtmscDwvkStnGNRAnLd.pkg	MISSING	UP0102-BLUS31012_00-UAREMEMBER000004			102400	
BLUS31012	US	UNKNOWN TITLE	http://zeus.dl.playstation.net/cdn/UP0102/BLUS31012_00/UfgacIZOrupikQyKTYSMutOhYkxbRkEdhHDfmTMyCdyewUvDDomIfbUyCyUkpmWQ.pkg	MISSING	UP0102-BLUS31012_00-UAREMEMBER000005			102400	
BLUS31012	US	UNKNOWN TITLE	http://zeus.dl.playstation.net/cdn/UP0102/BLUS31012_00/udkkqhdnqmGjGNrKzHNIORitvcUSemUpjfYrPkefOSlYuasJazAVOSTJQYLqFQOn.pkg	MISSING	UP0102-BLUS31012_00-UAREMEMBER000006			104384	
BLUS31012	US	UNKNOWN TITLE	http://zeus.dl.playstation.net/cdn/UP0102/BLUS31012_00/VssoaICutPKSaiGkMKVHOPVrMTxKGHecAuiNSmJpoRAluNSanODtpnQEsPYjQJpu.pkg	MISSING	UP0102-BLUS31012_00-UAREMEMBER000007			102400	
BLUS31012	US	UNKNOWN TITLE	http://zeus.dl.playstation.net/cdn/UP0102/BLUS31012_00/OuEMZNSzUMGWDgiURwHVhuEwFWntzqjZKykjpcSQnulwCibfITsQXuzWBpPpktIa.pkg	MISSING	UP0102-BLUS31012_00-UAREMEMBER000009			102768	
BLUS31012	US	UNKNOWN TITLE	http://zeus.dl.playstation.net/cdn/UP0102/BLUS31012_00/pEoDpODCENiEcaEguzbziduACtUJJNESbHmGyglwlDwmLuohjcNJxGZiLWHntwlL.pkg	MISSING	UP0102-BLUS31012_00-UAREMEMBER000008			102400	
NPEB01320	EU	UNKNOWN TITLE	http://zeus.dl.playstation.net/cdn/EP4067/NPEB01320_00/WspXcrzurWPkghegkEZBwYLPyXGGexhHQesfnpckdTgDTkZUPZlJkevMUUPSVuTY.pkg	MISSING	EP4067-NPEB01320_00-AVPOPULUSM000345			102400	
NPEB00414	EU	UNKNOWN TITLE	http://zeus.dl.playstation.net/cdn/EP4037/NPEB00414_00/qMmSfLdpDuzVhZyHLqEftpFhkIgCVCkOfjWeNPmkvnEFgCxxUeSLZxJpzOWgUIgd.pkg	MISSING	EP4037-NPEB00414_00-AVPUTTYSQU000022			102400	
NPEZ00220	EU	UNKNOWN TITLE	http://zeus.dl.playstation.net/cdn/EP4037/NPEZ00220_00/UnCGYQJVNSRhabUxoewTRMoDGPGiIXNTyrPQtttPJBzYBBWQCSygPGtgHNYWeIRG.pkg	MISSING	EP4037-NPEZ00220_00-AVPUTTYSQU000002			102400	
NPEB01320	EU	UNKNOWN TITLE	http://zeus.dl.playstation.net/cdn/EP4067/NPEB01320_00/fYhPajtuGfQqpKcHNMeZnxADLKWgIqFBmoBNTAOuKGNUdhwJWnstkQCLqApykTMu.pkg	MISSING	EP4067-NPEB01320_00-AVPOPULUSM000379			102400	
NPEB01320	EU	UNKNOWN TITLE	http://zeus.dl.playstation.net/cdn/EP4067/NPEB01320_00/QnQAQprkTTXImQVltWqwWbGnkTbvbvXKmQKVNiFcxCsGZNOgAbprSKJbeQdMZzIb.pkg	MISSING	EP4067-NPEB01320_00-AVPOPULUSM000868			102400	
NPEB01320	EU	UNKNOWN TITLE	http://zeus.dl.playstation.net/cdn/EP4067/NPEB01320_00/vGStykJnLBrhjfnzwNkZeyqboUXRLcgsUUFIyMJqPJKentyuVPITlsZUcuynZOSM.pkg	MISSING	EP4067-NPEB01320_00-AVPOPULUSM000876			102400	
NPEB01320	EU	UNKNOWN TITLE	http://zeus.dl.playstation.net/cdn/EP4067/NPEB01320_00/ZBKPQvxKeFWMYAyBOeTwKPVMfgSVEDoZDMmBnsnOYvxutKMTugIYzecJskRPYljc.pkg	MISSING	EP4067-NPEB01320_00-AVPOPULUSM000802			102400	
NPEB01320	EU	UNKNOWN TITLE	http://zeus.dl.playstation.net/cdn/EP4067/NPEB01320_00/HeqgwKtRqOHVuXuCEgcmyQevyaHjXWntsZfwUdExVckYXDXHCzaJXMMDDGoBPaEF.pkg	MISSING	EP4067-NPEB01320_00-AVPOPULUSM000933			102400	
NPEB01320	EU	UNKNOWN TITLE	http://zeus.dl.playstation.net/cdn/EP4067/NPEB01320_00/cQiBeCTWdvKHwjAhdiWZMJrYciHgIllZBfCXhRoIeTRNLWLktZDFmVejLBZdMzeK.pkg	MISSING	EP4067-NPEB01320_00-AVPOPULUSM001365			102400	
NPEB01320	EU	UNKNOWN TITLE	http://zeus.dl.playstation.net/cdn/EP4067/NPEB01320_00/XGjzyaGDTkrTkeqhyisiDkQDVwTkjRnUhTyNuwgoofREhyLudFskwjdjAsSkmAFm.pkg	MISSING	EP4067-NPEB01320_00-AVPOPULUSM001509			102400	
BCES01585	EU	UNKNOWN TITLE	http://zeus.dl.playstation.net/cdn/EP9000/BCES01585_00/XOOoRLlsSvvRCbEbqZOshdGEQIdOJuMNmpcmzcqDrrhhTpjSMUYmFLZYsUjNPxBI.pkg	MISSING	EP9000-BCES01585_00-UALOUSELLIELEFTB			102400	
NPEB00130	EU	UNKNOWN TITLE	http://zeus.dl.playstation.net/cdn/ET0001/NPEB00130_00/sQscqrNbmUyweaRcGFJjEKaufTyXZkIMuGcgwWKXZuVmGuzIhaIacaYmICzjcLbV.pkg	MISSING	ET0001-NPEB00130_00-AVDISRUPTI000074			102400	
NPEB00130	EU	UNKNOWN TITLE	http://zeus.dl.playstation.net/cdn/ET0001/NPEB00130_00/mhJJbKPKFgWCSLwoJOoRFXZdUTUOUmTQWQCriniMoJiUtRacSZfyxAoQXnzjawpm.pkg	MISSING	ET0001-NPEB00130_00-AVDISRUPTI000205			102400	
NPEB00130	EU	UNKNOWN TITLE	http://zeus.dl.playstation.net/cdn/ET0001/NPEB00130_00/UvlcYkbPpiXYoAaaVMTUfBeYnyMsYatrYNxAjYIRqnZsLWmRyVcvaqcYIdBAGkFp.pkg	MISSING	ET0001-NPEB00130_00-AVDISRUPTI000236			102400	
NPJH50631	JP	UNKNOWN TITLE	http://zeus.dl.playstation.net/cdn/JP0365/NPJH50631_00/hSlrQNcDTzYrFgxWJdcoEHljZYYTuczpUatgZSvonVnjOexFjtPFFcYreWsOEtoUORtBnbTPZunmMPAQzUSIGJgaUTHXhLrjcXijP.pkg	MISSING	JP0365-NPJH50631_00-AVATARI000000012			125424	
NPUB30648	US	UNKNOWN TITLE	http://zeus.dl.playstation.net/cdn/UP0102/NPUB30648_00/kAylasDzmrYuffCtgAGjXanVNDWMATejNIbSuBEovJXrYkmqvywEXFFTzDgnGvtNsWWACZODtbEkUuyDQTvwTuQZcmQDpHIYDcADR.pkg	MISSING	UP0102-NPUB30648_00-AVAREDCLEONMEMRY			102400	
NPUB30649	US	UNKNOWN TITLE	http://zeus.dl.playstation.net/cdn/UP0102/NPUB30649_00/uGZdCSaQUbJWjswuPyQOxVAOPofzBleIfWbEtUkbTNhPrcJnAAHcqDATsteLZSZN.pkg	MISSING	UP0102-NPUB30649_00-UASUPERSTR000002			102400	
NPUB30649	US	UNKNOWN TITLE	http://zeus.dl.playstation.net/cdn/UP0102/NPUB30649_00/leaQJKRVjpTeZMQcTmKUKVKUsoZKnQZPenzwAVRKpndYUdoumNgVTLtwuCAnacmd.pkg	MISSING	UP0102-NPUB30649_00-UASUPERSTR000004			102400	
NPUB30649	US	UNKNOWN TITLE	http://zeus.dl.playstation.net/cdn/UP0102/NPUB30649_00/hcbtblcbdrLhkygcyHxMfkbbqcPKWJOcSRbYdgjPnzaeXjqMncWLoCkzAXYLKiWO.pkg	MISSING	UP0102-NPUB30649_00-UASUPERSTR000005			102400	
NPUB30649	US	UNKNOWN TITLE	http://zeus.dl.playstation.net/cdn/UP0102/NPUB30649_00/wXKQdTlYtDJkudmvAeVuJPdPShcLSyqfkSvyFyNDOCQKhJScQeCzdJXZlLqXDUDR.pkg	MISSING	UP0102-NPUB30649_00-UASUPERSTR000006			102400	
NPUB30649	US	UNKNOWN TITLE	http://zeus.dl.playstation.net/cdn/UP0102/NPUB30649_00/gpKRWYXRrNdgyokVhhHDAOBYeHsldPPDEXQoraNTAyxbNfMTazLuZRgztSZigbex.pkg	MISSING	UP0102-NPUB30649_00-UASUPERSTR000007			102400	
NPUB30649	US	UNKNOWN TITLE	http://zeus.dl.playstation.net/cdn/UP0102/NPUB30649_00/KCkbWxAEOtWlvchgVPRnjggiEDLWyNWmLNCxsdLoQDVtiMCgPUxchnblkKNDBNcu.pkg	MISSING	UP0102-NPUB30649_00-UASUPERSTR000008			102400	
NPUB30649	US	UNKNOWN TITLE	http://zeus.dl.playstation.net/cdn/UP0102/NPUB30649_00/yZAeBmOQzFIFeqbYWQmHKKAqSJnIvkbMkcWeawecgjpcQaIBIKvriuIMFKjCKSeG.pkg	MISSING	UP0102-NPUB30649_00-UASUPERSTR000009			102400	
NPUB30649	US	UNKNOWN TITLE	http://zeus.dl.playstation.net/cdn/UP0102/NPUB30649_00/jpmdQZqxcACNxVDLjiBfOHmutkRXchthApaATEsBsDABpGEKjgcGaIidAklmtsrI.pkg	MISSING	UP0102-NPUB30649_00-UASUPERSTR000010			102400	
NPUP10013	US	UNKNOWN TITLE	http://zeus.dl.playstation.net/cdn/UP0102/NPUP10013_00/thsCkXVTOwyMKSaZJVGxRxXXptazrrjfmezVOAYOZZguqvgdCAWiKqmJBJMOKVDWvKqVqvoMCDSyTzKFWyVyiSxlILdssiPyduZuh.pkg	MISSING	UP0102-NPUP10013_00-AVAPFAKUMA000000			102400	
NPUP10013	US	UNKNOWN TITLE	http://zeus.dl.playstation.net/cdn/UP0102/NPUP10013_00/eMriugjYyuUQgrBcbIlenclKfoUfisUnbFmzLLKXkHKQBOLFRTgbAnkmxsxfzrGGbOCfUYeKkIHQgfwjXfHIdLaiNgFIGrmzgjgVV.pkg	MISSING	UP0102-NPUP10013_00-AVAPFAKUMA200000			102400	
NPUP10013	US	UNKNOWN TITLE	http://zeus.dl.playstation.net/cdn/UP0102/NPUP10013_00/diDaxYYFFpnPSwWbmTeRacOLwsMoBhiWwuyBHHNnSKOKOMRvoOobDiWmxRMrhYWNAyGSmWSMecHsRoXwjxalKOGsjzHlnPByrwizY.pkg	MISSING	UP0102-NPUP10013_00-AVAPFAKUMAFRONTS			102400	
NPUP10013	US	UNKNOWN TITLE	http://zeus.dl.playstation.net/cdn/UP0102/NPUP10013_00/euxGiMYfKGgVQEqWbpEtNQbpjEwOdnODTqUpYSqGbQDNdFpJQczstYUyONlzVwkAuXlGQYxdVMSSibeMtBRWiznafqUkvQIlHFSPg.pkg	MISSING	UP0102-NPUP10013_00-AVAPFAKUMASWIMMG			102400	
NPUP10013	US	UNKNOWN TITLE	http://zeus.dl.playstation.net/cdn/UP0102/NPUP10013_00/YsQTnXLrlqVvchjZZZtgBTeaUpPUavbMNTtObIpnYXlkgdIHrxheVnBQWNTnLiKmSIwDrPgWisGThHxziWClnJKAbkLCASOgqXzVP.pkg	MISSING	UP0102-NPUP10013_00-AVAPFAKUMAWARRIO			102400	
NPUP10013	US	UNKNOWN TITLE	http://zeus.dl.playstation.net/cdn/UP0102/NPUP10013_00/ZXPumMdHPvOSgUOoWHBnwesPWJuXgLfpsRmsPKavmqTUiKikXfyhTemmMexAfdwKFBpuLyEpomkWhsodXtwBRIINORbqPnNBzgkyV.pkg	MISSING	UP0102-NPUP10013_00-AVAPFAKUMAWORKER			102400	
NPUP10013	US	UNKNOWN TITLE	http://zeus.dl.playstation.net/cdn/UP0102/NPUP10013_00/GVlklwjpmCmVdttYNTZtZnRrgRICfXCeNQPaQtjWiMPkoRVACirUZAFwuuFjWDiUvSqdYMzwmZKhHPaQzGdHjtEOOnjxzbCEsRIpR.pkg	MISSING	UP0102-NPUP10013_00-AVAPFCHUNLI00000			102400	
NPUP10013	US	UNKNOWN TITLE	http://zeus.dl.playstation.net/cdn/UP0102/NPUP10013_00/zKLPHkTQrJFdumZqowyHoAIhpzZZqEkajNtUrTQjCKcpVnjoByddkBYCLLuefBQfMwBkhWjbxbfdUeNLzbjlClegxFigZtrARczWZ.pkg	MISSING	UP0102-NPUP10013_00-AVAPFCHUNLI20000			102400	
NPUP10013	US	UNKNOWN TITLE	http://zeus.dl.playstation.net/cdn/UP0102/NPUP10013_00/LhQKEQumVRbPONkEMdxApIagWjZVvvWILPKSXIdtOQSHjVkTQYNldCReDYXSqKwAChAnllOqzFokDqAQgWwyjcpRBdcPCQamTyvXJ.pkg	MISSING	UP0102-NPUP10013_00-AVAPFDAN00000000			102400	
NPUP10013	US	UNKNOWN TITLE	http://zeus.dl.playstation.net/cdn/UP0102/NPUP10013_00/cwcaITtIkVMliaxoSqQUoUBrbdLomMZzxonXCqwoiYRzHKIcydYgzUCTksuruOitXqAaEfvfpZcIaIUVMCSJAhPxhqqCmHXiDixyy.pkg	MISSING	UP0102-NPUP10013_00-AVAPFDAN20000000			102400	
NPUP10013	US	UNKNOWN TITLE	http://zeus.dl.playstation.net/cdn/UP0102/NPUP10013_00/iZStNdSHvEtnLmKVJKUOslQXqLxcTytiswYRJgfrcpAJAoqLDhCmVBxHBmWawEANtoyyQjKfGhOdjghgHkgnMpkalmYvEqfUiKPfk.pkg	MISSING	UP0102-NPUP10013_00-AVAPFFELICIA0000			102400	
NPUP10013	US	UNKNOWN TITLE	http://zeus.dl.playstation.net/cdn/UP0102/NPUP10013_00/YuqjCaoSvstLQWstaowEDDrOiyIUyjOqKYgpjWSEjiOQkHxokKVyITMTIaLXodvFiGQlIrDedSNWLdvJHztYUhxZsbIYZbOovsbme.pkg	MISSING	UP0102-NPUP10013_00-AVAPFFELICIA2000			102400	
NPUP10013	US	UNKNOWN TITLE	http://zeus.dl.playstation.net/cdn/UP0102/NPUP10013_00/ZIyngdpVgZGGlwEpMKrjjGtwwaHmwgFBvZPgnBauUURmpFMPAseEFtcLieImWUzqdkMuFetBuEVXZTwjzOBQTrZTvYfpakOKiNkdH.pkg	MISSING	UP0102-NPUP10013_00-AVAPFFELICIAANAK			102400	
NPUP10013	US	UNKNOWN TITLE	http://zeus.dl.playstation.net/cdn/UP0102/NPUP10013_00/BgflTvAbnaLGeDWTsdJJUGudPuarDtsFBrIhhDxpxhKZbjgoErWBKaJiKuCqDELjtYBXiaVzFHbjAkWtRsOoCzfpfZuxgDvuiGLBC.pkg	MISSING	UP0102-NPUP10013_00-AVAPFFELICIADANC			102400	
NPUP10013	US	UNKNOWN TITLE	http://zeus.dl.playstation.net/cdn/UP0102/NPUP10013_00/lSmoEdqRcFQIClXcnxivJuBDedLJERLyXNnZWOjbKfFovXPXdcMdURYXtRhzfESeIQHeDZKXQcyIOoIemJOjJKZDYBsoJjWyoUTEn.pkg	MISSING	UP0102-NPUP10013_00-AVAPFFELICIAGHOS			102400	
NPUP10013	US	UNKNOWN TITLE	http://zeus.dl.playstation.net/cdn/UP0102/NPUP10013_00/OnIbLgTWZfuMRMmiLtUodFyPimLKWCoSidwwbGWTcUnLYSenZCgOfuUriMWXbjnOXftuarFeFDmRivkmAwsORCHzWdSOUUHQiozGW.pkg	MISSING	UP0102-NPUP10013_00-AVAPFFELICIAHATS			102400	
NPUP10013	US	UNKNOWN TITLE	http://zeus.dl.playstation.net/cdn/UP0102/NPUP10013_00/hJrPryLEagLhtbCRcDUikXykNSADQCUmOBdNNqAuilIwApwymUbZmhTVRIoZgEALrmfCxLRtpSnaBuybdokXTHFEFuZYukYDRrMlD.pkg	MISSING	UP0102-NPUP10013_00-AVAPFFELICIAMEGA			102400	
NPUP10013	US	UNKNOWN TITLE	http://zeus.dl.playstation.net/cdn/UP0102/NPUP10013_00/tzTVpfRwatILKArUSHSFwmYDvhluMZxPxXDWAYJAdoXCKXlisWbiklVvrwedyJajeTNwLZhIYZMVMoiVrqAehNMcIrHySjOimXcNA.pkg	MISSING	UP0102-NPUP10013_00-AVAPFFELICIAMEOW			102400	
NPUP10013	US	UNKNOWN TITLE	http://zeus.dl.playstation.net/cdn/UP0102/NPUP10013_00/tNFVyQWKfUsAEfNdKjydSfHOjkOsWJBhqWRKvZVyTorIPmECNIFnjwjKOuKFxJagrBvINgbYowKJREfhVsSxDMLfCKbPOAkOIplFg.pkg	MISSING	UP0102-NPUP10013_00-AVAPFFELICIARIKU			102400	
NPUP10013	US	UNKNOWN TITLE	http://zeus.dl.playstation.net/cdn/UP0102/NPUP10013_00/rbaPjPgUvecEwuVuBKwSdqTlwssIQIpBDEyhgNcnNTfvLRqyOgSmNosYkcpCFltyQKeUvGCglScxFTgsnEskWpvMcgpXEfLyfOvOF.pkg	MISSING	UP0102-NPUP10013_00-AVAPFFELICIASASQ			102400	
NPUP10013	US	UNKNOWN TITLE	http://zeus.dl.playstation.net/cdn/UP0102/NPUP10013_00/sujvSgPoemySUSkASSHsDxDERKWvSwIxXGXvACpcQKcDhMiUfHpzJzOCKwHIlWcGuWgfDJSDzEACdCmKrKHTOdVZhRryccDkNprzV.pkg	MISSING	UP0102-NPUP10013_00-AVAPFFELICIATALB			102400	
NPUP10013	US	UNKNOWN TITLE	http://zeus.dl.playstation.net/cdn/UP0102/NPUP10013_00/nTUaslSjjPLuxjWjeCuhiKOteVkaIMSEsUoCtDGXoIJHCIRZbSusNpWXIwAvnEYVXBJaOIFYtWpJTyAZprjtshuQCrNluTROLGxEk.pkg	MISSING	UP0102-NPUP10013_00-AVAPFHSIENKO0000			102400	
NPUP10013	US	UNKNOWN TITLE	http://zeus.dl.playstation.net/cdn/UP0102/NPUP10013_00/MgXCxQbLhqOqcbMYdWONAKYwtUGTocYOdZkaORKHEOoqefPuQEJRbMQNFQGgjirVswfQpYmVRTWhwpMuTTnXxyZMiswxPVVJpGeaC.pkg	MISSING	UP0102-NPUP10013_00-AVAPFHSIENKO2000			102400	
NPUP10013	US	UNKNOWN TITLE	http://zeus.dl.playstation.net/cdn/UP0102/NPUP10013_00/TvWxVrHgkLvbLqdjjRthGYpcxvogtBGHkbrrHYeSgoAzlRliAsuNmiOctsXoFUOhuDrzsVzDUsURGaRqyuxgznsXTdMSYBMHlerck.pkg	MISSING	UP0102-NPUP10013_00-AVAPFIBUKI000000			102400	
NPUP10013	US	UNKNOWN TITLE	http://zeus.dl.playstation.net/cdn/UP0102/NPUP10013_00/jgjAQBkKdHGPCyhTwmGQjcWpDfcBgWrfnRsmfkGpbvXJhqkXMWhtMmxhIgTfIyTtZUKNAeYlsqIUspoLAySWfhdqJdRaNcSyjXhTX.pkg	MISSING	UP0102-NPUP10013_00-AVAPFIBUKI200000			102400	
NPUP10013	US	UNKNOWN TITLE	http://zeus.dl.playstation.net/cdn/UP0102/NPUP10013_00/rfVjzXygMVrWmbwLYbVzaiRklkvUDkqOCfHKMMgBWGNPMXAlrTgjdjEfDdkFefFHLZiuJQDAFzOIXgUbQdVQDgHFvxoUxIUoMBPbt.pkg	MISSING	UP0102-NPUP10013_00-AVAPFKEN00000000			102400	
NPUP10013	US	UNKNOWN TITLE	http://zeus.dl.playstation.net/cdn/UP0102/NPUP10013_00/qJUGMTiJZTsnAvOmklUBiHxFTzdNdwejCPnFSGZLSTMgofIlWxBjTgHGFsMmeenTiSmMglkqYzwmBWrrePzFkxqXAqQEgBEVbYOmi.pkg	MISSING	UP0102-NPUP10013_00-AVAPFKEN20000000			102400	
NPUP10013	US	UNKNOWN TITLE	http://zeus.dl.playstation.net/cdn/UP0102/NPUP10013_00/GdjBdecHsuUbVwENewJhcjxnrDlkDtyiwvNutAuRdjucftexLQJToyDwNexeREKhqcPiAVLKDvztxgsalsgfJhvOMFFrjjKOYBADZ.pkg	MISSING	UP0102-NPUP10013_00-AVAPFKENHORSE000			102400	
NPUP10013	US	UNKNOWN TITLE	http://zeus.dl.playstation.net/cdn/UP0102/NPUP10013_00/lvSeatzXvhqaUucXBNATsotBWoCNLdiSElhRgMadZoMKrTtyxGPAZYxlFANLBqLNUVJVcKkekwLfctdIinfRqnjIRyvwUMSkhulQW.pkg	MISSING	UP0102-NPUP10013_00-AVAPFKENKICKING0			102400	
NPUP10013	US	UNKNOWN TITLE	http://zeus.dl.playstation.net/cdn/UP0102/NPUP10013_00/lpXNdvZpcOUGzEMZqwrYPOdTQItjacdUDxfPlGHBZdTbvzUjmmOUrfXHlOsTWkQmewoENbOnVATevNyWmhcJGEDFrToUmAqblPQcG.pkg	MISSING	UP0102-NPUP10013_00-AVAPFKENSOCCER00			102400	
NPUP10013	US	UNKNOWN TITLE	http://zeus.dl.playstation.net/cdn/UP0102/NPUP10013_00/oYTxUKLlPJrWXRbaQGxbVMtOhInjQYSLOoNLBbRtOacbKdFEJiJmgueTbNWOQrDLzuKAkOHYkrRHAubWbLCdtsMouiojVWrmAZlFz.pkg	MISSING	UP0102-NPUP10013_00-AVAPFMORRIGAN000			102400	
NPUP10013	US	UNKNOWN TITLE	http://zeus.dl.playstation.net/cdn/UP0102/NPUP10013_00/MopdUmfYCBjEfKJAcwsfXxwpcKqUjXCuWHwOimgiBLCrhgdimTKRPuhiaFKzTxGvhZaERVxHmOJIdZgyaIAQDzKUCouXoHtfHRiFS.pkg	MISSING	UP0102-NPUP10013_00-AVAPFMORRIGAN200			102400	
NPUP10013	US	UNKNOWN TITLE	http://zeus.dl.playstation.net/cdn/UP0102/NPUP10013_00/KnKGXNUqTPhJCLaufgBuouItZnnNrGKnmprPPxCizPnqRSpsRBvJsSXMgJRZvNAYGrOzlOfVmljoIyNhRQsjuJaetAIOFLLFFrejT.pkg	MISSING	UP0102-NPUP10013_00-AVAPFMORRIGANYUK			102400	
NPUP10013	US	UNKNOWN TITLE	http://zeus.dl.playstation.net/cdn/UP0102/NPUP10013_00/veYNIyMIGzIeLrLOesioDwemQdyYBSOPzdmeJJRNltaHFWDjfNfbJxUDkYAMlQrzqGQhVpIAwyTKYiXuVvmAnmtQuKOeefltOwWkq.pkg	MISSING	UP0102-NPUP10013_00-AVAPFMORRIGNGOLF			102400	
NPUP10013	US	UNKNOWN TITLE	http://zeus.dl.playstation.net/cdn/UP0102/NPUP10013_00/CGeqsvdMvuzzKuymtAuFBZjQxdSGSuxKcISkzBbBtkDSVnhsuaXHLwFYhmkAjhXphGdDhVuKkkSVKVixraSYlZTgNWADfJYoegMXz.pkg	MISSING	UP0102-NPUP10013_00-AVAPFMORRIGNMAID			102400	
NPUP10013	US	UNKNOWN TITLE	http://zeus.dl.playstation.net/cdn/UP0102/NPUP10013_00/cRxaYxkMtfetAQwhHHIAcQGOgwgpNPdqzTPdrkoZmqlRvLWscQjLIllqhmtrUtpIjYvDottzRJKeNmbubwjbDzFNjPrsinjDmmDle.pkg	MISSING	UP0102-NPUP10013_00-AVAPFMORRIGNNURS			102400	
NPUP10013	US	UNKNOWN TITLE	http://zeus.dl.playstation.net/cdn/UP0102/NPUP10013_00/oyBaVuCEbmHUgBqCwJykBlHpvPZDhVYIzUcqjuKWFZPHzRkAKbBNvZPpxNuRqKLOftetnzpyZeTHIDQfuCaSRdToZBuLUWffpiRtS.pkg	MISSING	UP0102-NPUP10013_00-AVAPFMORRIGNWAIT			102400	
NPUP10013	US	UNKNOWN TITLE	http://zeus.dl.playstation.net/cdn/UP0102/NPUP10013_00/NdrEHBLSQEnmprZfUwjKfekkYdyNadCxScGOdJTNUlDAQkvtokZRGGgMbkgSLqSVGUxKXkhKJlJnPtzPbHNDXimwFYctOUNzXZpdS.pkg	MISSING	UP0102-NPUP10013_00-AVAPFRYU20000000			102400	
NPUP10013	US	UNKNOWN TITLE	http://zeus.dl.playstation.net/cdn/UP0102/NPUP10013_00/pOLqMqmtpOyWFOnPHQMabzQvPXnDjAqdaOODWXogHLqlwfnaQYfiBLVRGBmHtLHFsddoqwloallHWfnSKJRKRwUbyMamxtPxbmWdV.pkg	MISSING	UP0102-NPUP10013_00-AVAPFRYU00000000			102400	
NPUP10013	US	UNKNOWN TITLE	http://zeus.dl.playstation.net/cdn/UP0102/NPUP10013_00/npfNaGQHQUBzjaLAReeJcFVxrHKQtdxcnwbTrigUdXbDUBTuyZmSWGqBzCTYuvbgJEvsNhUcuffadUVGTdhRLjAdSLHerffcbmFdc.pkg	MISSING	UP0102-NPUP10013_00-AVAPFNURSEMORRIG			102400	
NPUP10013	US	UNKNOWN TITLE	http://zeus.dl.playstation.net/cdn/UP0102/NPUP10013_00/tBkddKJYUizCqUeSZzpjUMRVSmpYHZShMygkcqYJKVPKxdXRayWXfhEpIKnKXcIOXyGkQxnNFcPrLzRcuCTGfJqEQhoOKjCXbslPw.pkg	MISSING	UP0102-NPUP10013_00-AVAPFRYUOVRPUNCH			102400	
NPUP10013	US	UNKNOWN TITLE	http://zeus.dl.playstation.net/cdn/UP0102/NPUP10013_00/nLizPMJKIBIaUEOssGdrpvYIcPUOGDXiKsOBCHxiGTGkiTXxsYxlcqpVkvZvPhQfLubotNsrCAlsTArvBLVMSerxpXsSpMXPhcVNu.pkg	MISSING	UP0102-NPUP10013_00-AVAPFRYUSANDKICK			102400	
NPUP10013	US	UNKNOWN TITLE	http://zeus.dl.playstation.net/cdn/UP0102/NPUP10013_00/sZsllAzDFogBUMNMwPmcWxcxxtuhabwhTspZDVUBgrijjFDcFVJuBEKYWKGuwUmYdJtWvPslSdKhCLBOOXHdqPGKmopRSMbxcmuJN.pkg	MISSING	UP0102-NPUP10013_00-AVAPFSAKURA00000			102400	
NPUP10013	US	UNKNOWN TITLE	http://zeus.dl.playstation.net/cdn/UP0102/NPUP10013_00/HkKUtTYZLylqgMeTroooOKhEeGYdPLXZSXrFdGcrbrrXZLMaVtbRUfPsZzUHQLDBwrNrkgSGCVDEJCtVwyIBFtkroYjQuZdnJtwgH.pkg	MISSING	UP0102-NPUP10013_00-AVAPFSAKURA20000			102400	
NPUP10013	US	UNKNOWN TITLE	http://zeus.dl.playstation.net/cdn/UP0102/NPUP10013_00/mYpvahAjcQuPCYLlaEZfCwKfJsHsAHDKSDKelbPQJnDczqrOsTsBEdqvKAiFRzpdsVQigYJotGtqeWKjxgySTGvxSJTAwdOHigBgV.pkg	MISSING	UP0102-NPUP10013_00-AVAPFSAKURABUNNY			102400	
NPUP10013	US	UNKNOWN TITLE	http://zeus.dl.playstation.net/cdn/UP0102/NPUP10013_00/vNTcdYHwYfCndAcRwOzQgRVAWgxivjUykWainZXIwGaFkJzuSDlUdEdcwESonUinREapYPxlwYMtOGnoRUkHKcHqIXvngtZTkyKoo.pkg	MISSING	UP0102-NPUP10013_00-AVAPFSAKURASTAFF			102400	
NPUP10013	US	UNKNOWN TITLE	http://zeus.dl.playstation.net/cdn/UP0102/NPUP10013_00/MahGHgTtWJnzwhegfrIMCqguJxUioTjWvxbEdUQzFkFjDkGyWZFIydXQXjlTWUSHlKfUIjETDSQIcNyOkFglEnVwraMvSPZFYFTCc.pkg	MISSING	UP0102-NPUP10013_00-AVAPFSAKURASWIMM			102400	
NPUP10013	US	UNKNOWN TITLE	http://zeus.dl.playstation.net/cdn/UP0102/NPUP10013_00/ZFUePjPHMAapgQxabIXeXOTiouoWNidpQyoCnmzxDEnAErumsAEWwmbbtnddKclDqUjLCHAdrzpjgEMbhLpsZlQRwRDidVjXIhdVl.pkg	MISSING	UP0102-NPUP10013_00-AVAPFSAKURATENNS			102400	
NPUP10013	US	UNKNOWN TITLE	http://zeus.dl.playstation.net/cdn/UP0102/NPUP10013_00/vgwanIqhBxqGjFiwarGtdMJBEXxakBeBPSoPvUrSSbEFpZqDxTBcDKmDcuMekpIlsCNfHJjglFYiBvMXDqiyOUvjRzhnmfsfLftvS.pkg	MISSING	UP0102-NPUP10013_00-AVAPFTESSA000000			102400	
NPUP10013	US	UNKNOWN TITLE	http://zeus.dl.playstation.net/cdn/UP0102/NPUP10013_00/jUJmuISrsyQHBsKyfCtJTGoLioyWjybEowkBXBoHUaDhoNWugkxWtNvsVNnxJrasLdNsxKAwkUAXaYECtobDSnrUhHNgKafthrOlK.pkg	MISSING	UP0102-NPUP10013_00-AVAPFTESSA200000			102400	
NPUP10013	US	UNKNOWN TITLE	http://zeus.dl.playstation.net/cdn/UP0102/NPUP10013_00/ssSAarlGakaIbAajTUehndmBjIlqCoAJjFVHpdSmovCoyBeHkwMbiVxEIfLpzwNqCYHQuOpGiBHmJVuaKZXhFHLxqZpoBRjJmBeYx.pkg	MISSING	UP0102-NPUP10013_00-AVAPFZANGIEF0000			102400	
NPUP10013	US	UNKNOWN TITLE	http://zeus.dl.playstation.net/cdn/UP0102/NPUP10013_00/oABJqnTAMYtdWlHVUEEUqbDrPoVDbgoKGgkaVlDntNoZyWHnXCHhYznyeyyVWAUKvuoWhpheEMLOWGtMcRFETKGMhuqWXHsKbikZs.pkg	MISSING	UP0102-NPUP10013_00-AVAPFZANGIEF2000			102400	
ULUS10091	US	UNKNOWN TITLE	http://zeus.dl.playstation.net/cdn/UP0102/ULUS10091_00/QeBTneTJjMiZuwWFPMUOpTBpuXtXXkFnzTfHKIDfHaguWKXqdDovPldEQCZLKNhwAVRESxKtfLjIOuqvTgQoXIftgFhiyLVjZdJGi.pkg	MISSING	UP0102-ULUS10091_00-AVAMMPUBOMBERMAN			102400	
ULUS10091	US	UNKNOWN TITLE	http://zeus.dl.playstation.net/cdn/UP0102/ULUS10091_00/PrDWyXqMWmSGDztVkhIAtfUnAAYMSiVQucccxuqVkavBBgQaibBgegMiNBTVGOIBzUuXrckNmJhCHQbaNvTCuKkEBPOLTZfvhVsPj.pkg	MISSING	UP0102-ULUS10091_00-AVAMMPUDRLIGHT00			102400	
ULUS10091	US	UNKNOWN TITLE	http://zeus.dl.playstation.net/cdn/UP0102/ULUS10091_00/xblNIAwuYFHAGohkDVmmJmrfNyEopQlWUrHuivbDbPiwuyxufkWAxZwqZoUVdLWKocBplkoNIVeDpAATgzfkNEugHhePqLeAIqOoK.pkg	MISSING	UP0102-ULUS10091_00-AVAMMPUDRWILY000			102400	
ULUS10091	US	UNKNOWN TITLE	http://zeus.dl.playstation.net/cdn/UP0102/ULUS10091_00/AcPzvPSKWYglawkbTGHOagIQdkfoqndaabnPWfafMoxaftopQuLAEkRpPGZCTCstwPIOotswPCMnXUJdxAJRxmztWgFUKwPIXSxzy.pkg	MISSING	UP0102-ULUS10091_00-AVAMMPUELECMAN00			102400	
ULUS10091	US	UNKNOWN TITLE	http://zeus.dl.playstation.net/cdn/UP0102/ULUS10091_00/yzOJGbgFionGciTGwxIETyxELwiYQnexNszVmYZTjiaWQSPqTDJnbdbOeZVmhOeMczZkbAMsPIushVTKYjUqEwgUpldQVLclrBZNd.pkg	MISSING	UP0102-ULUS10091_00-AVAMMPUFIREMAN00			102400	
ULUS10091	US	UNKNOWN TITLE	http://zeus.dl.playstation.net/cdn/UP0102/ULUS10091_00/ItqISsjMbpFTCgeVlVcFAgbJLNvFsoLZKLSlZylqhBVzJEtdOmgiWjMWUGApUXoGzlLoWpUOCgUydydrUvAiNJrSTuTHxbahECkTO.pkg	MISSING	UP0102-ULUS10091_00-AVAMMPUGUTSMAN00			102400	
ULUS10091	US	UNKNOWN TITLE	http://zeus.dl.playstation.net/cdn/UP0102/ULUS10091_00/xFpTSrcFNClSeKLTiPRXdxXBXrIbXeAABRPpsSHqbLdTZUvSUDQOKrfcnHRONiVdgEjfXlBdFuTJJENrZjsrgAwEANZtSOaThnIJn.pkg	MISSING	UP0102-ULUS10091_00-AVAMMPUICEMAN000			102400	
ULUS10091	US	UNKNOWN TITLE	http://zeus.dl.playstation.net/cdn/UP0102/ULUS10091_00/iWEQzarHDsBRxZtVcLrKxcHmlhDKHblFSbiGvAaVApzJjbUGrfDIPVxgOUHnFgINbuEcxFAjLBaBvDoxHeIwdkcvHDpvwFqvsfNEy.pkg	MISSING	UP0102-ULUS10091_00-AVAMMPUOILMAN000			102400	
ULUS10091	US	UNKNOWN TITLE	http://zeus.dl.playstation.net/cdn/UP0102/ULUS10091_00/HFvauwfmeanPvrRfBovsSdyayaFkgSjDVrdPUpeWPvMoQnkRbZBFJBbfsCryPVquzfUrgoSewqKvngIbqGyDePnRCdviOlZvlsDqA.pkg	MISSING	UP0102-ULUS10091_00-AVAMMPUROLL00000			102400	
ULUS10091	US	UNKNOWN TITLE	http://zeus.dl.playstation.net/cdn/UP0102/ULUS10091_00/TeLBAbaQWduAkvdbLiJhfMFxekPJcqzPpZQqINlrLvMljyZiWJRPDTNCcpqTOvgyXZhNuSTzaFGkOOPDWKxdiYCacwblKCpKWCRpt.pkg	MISSING	UP0102-ULUS10091_00-AVAMMPUTIMEMAN00			102400	
ULUS10091	US	UNKNOWN TITLE	http://zeus.dl.playstation.net/cdn/UP0102/ULUS10091_00/JkmqIsppJtvgWfazfGDiQkdwsdtGDobiJUEuWSkxjoslOLiWVtWcATNpvtepreqIwpDIHpIFVUzrHbuLrkGexiigAVvwmTXlorJRl.pkg	MISSING	UP0102-ULUS10091_00-AVAMMPUYELLOWDEV			102400	
ULUS10391	US	UNKNOWN TITLE	http://zeus.dl.playstation.net/cdn/UP0102/ULUS10391_00/aGRqwgMvluwHpjzfToyvhijgdhoQMupwliMjCMpJbcMKlOluxXdASgdmtxqZIcNGjnaXrmCYVHrErNFumLZuTnpOzcuSIhWwpbkkg.pkg	MISSING	UP0102-ULUS10391_00-AVAMHFUBBQICON00			102400	
ULUS10391	US	UNKNOWN TITLE	http://zeus.dl.playstation.net/cdn/UP0102/ULUS10391_00/RbNusKuOMYtAPecqXUoKKOrrBPlJpcAzgzcHSjkrojVYxdladXrRLCHgHLdsqKBPekKwPwVBGcGKENliKFHjXopQFYjlZGrzEjcwt.pkg	MISSING	UP0102-ULUS10391_00-AVAMHFUBOMB00000			102400	
ULUS10391	US	UNKNOWN TITLE	http://zeus.dl.playstation.net/cdn/UP0102/ULUS10391_00/jOYrKwxmTUhmqvLFsONNObicIyHSZtmZFIyvofdwTCCEvNcsplfsHdnaNovWfBYazeZbKRjtIOpFRQUuXeQTvtvhnVKcVIKMoVXaB.pkg	MISSING	UP0102-ULUS10391_00-AVAMHFUBOW000000			102400	
ULUS10391	US	UNKNOWN TITLE	http://zeus.dl.playstation.net/cdn/UP0102/ULUS10391_00/bjkBQVTsuvWmfmgIVuIwFdFXPVNEwCVZqBJYrYWUcIjUjgPQitNIgFbQWrWXJLNoZqvlNqQOmrqbItIRLshsbQiTMNQuLdqWnrZpA.pkg	MISSING	UP0102-ULUS10391_00-AVAMHFUDUALSWORD			102400	
ULUS10391	US	UNKNOWN TITLE	http://zeus.dl.playstation.net/cdn/UP0102/ULUS10391_00/ekvjuHEORfoXvpNIMhwkukKbtyutzxbwhLLUViXHkykEAnvushMTWkyDxyhRIEJSFWqnEvXKrdCBQFVFaeaRMyDVjCEBIIuqPaRWA.pkg	MISSING	UP0102-ULUS10391_00-AVAMHFUEGGDROP00			102400	
ULUS10391	US	UNKNOWN TITLE	http://zeus.dl.playstation.net/cdn/UP0102/ULUS10391_00/aSkzVfRmiGwPlTOajwDwcJRrEnzWlimPLIgjpTMTYrPyROGDfspnGkqIyTJhVjyigynPcjlwocxikDYXLKUvfLimkombYCkYtUwcQ.pkg	MISSING	UP0102-ULUS10391_00-AVAMHFUFELVINEBO			102400	
ULUS10391	US	UNKNOWN TITLE	http://zeus.dl.playstation.net/cdn/UP0102/ULUS10391_00/WDZxAoJfhbztYtLbmsuJhlnmNRdwMgfoBGUGGnZlJrauSWIzGeWDwbrgRxVrvNqahHbFKnpaSnuSOSKIEgBGtqxCDhTTyfKVNhJJS.pkg	MISSING	UP0102-ULUS10391_00-AVAMHFUFELYNEACO			102400	
ULUS10391	US	UNKNOWN TITLE	http://zeus.dl.playstation.net/cdn/UP0102/ULUS10391_00/ESVvWpLoeZkNAKEfEwnUQaKmQbtUuuqPoYXRzNNukTblYKjbXNOlJJUPnubVBZwDQoegvimANeaTKXpnNmitUzYWvpqotRnZaJwjy.pkg	MISSING	UP0102-ULUS10391_00-AVAMHFUGREATSWOR			102400	
ULUS10391	US	UNKNOWN TITLE	http://zeus.dl.playstation.net/cdn/UP0102/ULUS10391_00/YnpPgDluRSVXtdcAHTrVOdABJiyTfhTslIhCrssAfyxUpivaYlrLWUOzkiQySTSohngGVEgLsRXJolMnUybFCQFtguBJXJFtoMFgQ.pkg	MISSING	UP0102-ULUS10391_00-AVAMHFUFELYNEGAS			102400	
ULUS10391	US	UNKNOWN TITLE	http://zeus.dl.playstation.net/cdn/UP0102/ULUS10391_00/FuyuhWuqUTzIiDWECgXBdaFrFpAFjouKCKyGOcDRKZRTcuPSpZoLUFZEUgMClVKFxhcHNBujTDxXpkTcqAkfIudwPwsZiwzYRPzDI.pkg	MISSING	UP0102-ULUS10391_00-AVAMHFUGUILDSTAM			102400	
ULUS10391	US	UNKNOWN TITLE	http://zeus.dl.playstation.net/cdn/UP0102/ULUS10391_00/uwgCGMmtbHpywPbXYvHZdvxfIiCkqLVEELzePbfLIWQeeYYYmftTYKCqHizhSgUTfuhMvhYRPcErwGYmDHOnuRnYnwGgalkqKIOLB.pkg	MISSING	UP0102-ULUS10391_00-AVAMHFUGUNLANCE0			102400	
ULUS10391	US	UNKNOWN TITLE	http://zeus.dl.playstation.net/cdn/UP0102/ULUS10391_00/jqcAQvfwVvAekQGzCUOcgKZdWoAPHOvzURoyUNcJlPWEneDgOtRWiLLviCFVqKGaJeSMkvXBwcwFwBBbqjEnCQUxNKnJTuWaxNTvc.pkg	MISSING	UP0102-ULUS10391_00-AVAMHFUHAMMER000			102400	
ULUS10391	US	UNKNOWN TITLE	http://zeus.dl.playstation.net/cdn/UP0102/ULUS10391_00/EwxCsXIqKBknooipBMVRQZDsUieTyDtyhvfthAeMbGZhjZOkxHvaHpJhTGSkRItCxzDztULXHkQWZPZQHsPnqMaOPaVXXJcrmnxQA.pkg	MISSING	UP0102-ULUS10391_00-AVAMHFUHEAVYBOWG			102400	
ULUS10391	US	UNKNOWN TITLE	http://zeus.dl.playstation.net/cdn/UP0102/ULUS10391_00/DzKoCHQCGjzOYWYdHBCuGCUzxVFbmleRRZZuzdxVVCfvWlWFjBwDmzRErJGcMGHYRPylgwWGjOMmelTrGKCYnMzrUztraIOIWzhAm.pkg	MISSING	UP0102-ULUS10391_00-AVAMHFUHERMITAUR			102400	
ULUS10391	US	UNKNOWN TITLE	http://zeus.dl.playstation.net/cdn/UP0102/ULUS10391_00/TLbMByzknhKoxpVndhEwRLnuAetDzfpxUrPupOXMWSEFNgvaGoPghuKgpIGMGZjPgrjtEFLTaooLzYoeFhgmNCuPBMjHkTblrlyvh.pkg	MISSING	UP0102-ULUS10391_00-AVAMHFUHUNTER000			136512	
ULUS10391	US	UNKNOWN TITLE	http://zeus.dl.playstation.net/cdn/UP0102/ULUS10391_00/IGYSgVcNbPyFVsAmWaWSCGKKndoTMTGWMmFnrpeXRIaUqocxNQKtADiEriGOFdROaJmIqFnrlcwmcnLHKiRYiziCaobLjWSyrPoFp.pkg	MISSING	UP0102-ULUS10391_00-AVAMHFUHUNTING00			102400	
ULUS10391	US	UNKNOWN TITLE	http://zeus.dl.playstation.net/cdn/UP0102/ULUS10391_00/xrdNBqsreHNjOowYqyrrzJZvCYpvKXOiTrIRGTrNELGeCsWmHaEpBUIfVfOpCyBmyyhksVnuxPcIgPomLuisuTcsNyJYZItuTDcMb.pkg	MISSING	UP0102-ULUS10391_00-AVAMHFUKHEZUICON			102400	
ULUS10391	US	UNKNOWN TITLE	http://zeus.dl.playstation.net/cdn/UP0102/ULUS10391_00/lXyduKVmHMQktAGPcftAUbjCVPYCYazjHBnGIaBKoCZLzdUMQrKuIYRkXKZAwYNrTKNzXBxOyUvGUIOiQPgKqZdeBocXbhQcnGxkd.pkg	MISSING	UP0102-ULUS10391_00-AVAMHFUKIRINARMR			102400	
ULUS10391	US	UNKNOWN TITLE	http://zeus.dl.playstation.net/cdn/UP0102/ULUS10391_00/hfEpQHDQXBltiGhzjHzoDZOwNATtcvjOnUgohdcvOCEHswqzIEmZUyUbESALdTcueGbpwjGAoHvSjLKGHYGtqCVaItJrqVZmZmesy.pkg	MISSING	UP0102-ULUS10391_00-AVAMHFUKUTKU0000			102400	
ULUS10391	US	UNKNOWN TITLE	http://zeus.dl.playstation.net/cdn/UP0102/ULUS10391_00/DdyVWkIObCEWSdiLhCIQENeBGWdAGUDEBJSYvlDrLuMPnQXLrynRZvpijeDrVaMEmFgsBGuFRKIONCaOODzrsvMjkdqEwVhitUUkZ.pkg	MISSING	UP0102-ULUS10391_00-AVAMHFULIGHTBOWG			102400	
ULUS10391	US	UNKNOWN TITLE	http://zeus.dl.playstation.net/cdn/UP0102/ULUS10391_00/tUBResinlvaFujYYRZgknkYuAKoNlppduGPBjyXrvXapqJeTSCmuDhMiQuotlOxJpWgxKWMgEkhdCwPsbvdzclBcaXmDrDYWxcGIm.pkg	MISSING	UP0102-ULUS10391_00-AVAMHFUKUTKUICON			102400	
ULUS10391	US	UNKNOWN TITLE	http://zeus.dl.playstation.net/cdn/UP0102/ULUS10391_00/yaeDUdIxFJDdQsYMEVSlvwKTvITVLmORPNgZTuykeyJVFAtfZCSdZfZSzdRTcqUfbEtKLolvGbQrewIWiXaswskRnaAezWVIkFgsX.pkg	MISSING	UP0102-ULUS10391_00-AVAMHFULONGSWORD			102400	
ULUS10391	US	UNKNOWN TITLE	http://zeus.dl.playstation.net/cdn/UP0102/ULUS10391_00/GEBpanjoMfTViIvjqHIfZPmGxKxOgUgkeBRMVZgORYsWiOwfYdiIuvXxQQghOYtMNkEfqcpipYnHbYlUJMFjmJEtUHFoloTKMsBQy.pkg	MISSING	UP0102-ULUS10391_00-AVAMHFUMONSTERPT			102400	
ULUS10391	US	UNKNOWN TITLE	http://zeus.dl.playstation.net/cdn/UP0102/ULUS10391_00/EfMEyvXYsVUYtRKYZcYshDacFQWreTnHQIXdpokeMgTbhLqzgidxQXNPmNtmDkapxqLZJWUpmewekRpNXMpYDOVKFSltpXEXSGQTX.pkg	MISSING	UP0102-ULUS10391_00-AVAMHFUNARGACUA0			117056	
ULUS10391	US	UNKNOWN TITLE	http://zeus.dl.playstation.net/cdn/UP0102/ULUS10391_00/IzgAdDoXomqJIdBhfOFFfyGCYFiFKwEqLQHLVPgbmjXvniPHhiETbcyyLOObwRwIDYEePePAQecWqqhAsDqQSmzteGvfFEpzruMCo.pkg	MISSING	UP0102-ULUS10391_00-AVAMHFUNARGACUGA			102400	
ULUS10391	US	UNKNOWN TITLE	http://zeus.dl.playstation.net/cdn/UP0102/ULUS10391_00/gFuUSukNGObLwizTGLJdUjeZNayNLveRHsuNgCuAUfrzWMeiVKJJKOwQbBVCCqOdLLNFLdKhXMtnrKxtyrgYgTnfwveOLpQRBKwSd.pkg	MISSING	UP0102-ULUS10391_00-AVAMHFUPOOGIEMEM			102400	
ULUS10391	US	UNKNOWN TITLE	http://zeus.dl.playstation.net/cdn/UP0102/ULUS10391_00/NIWAmjJwnEqlDUcKllXCXNnBHRRqRngQKOlfvXMmCZORxfcsjRvtWmWatWsjIQuQeBCwaYhJGArZzLoRcTVXCpDMRBsXfVkwSqXMi.pkg	MISSING	UP0102-ULUS10391_00-AVAMHFUPOTIONICO			102400	
ULUS10391	US	UNKNOWN TITLE	http://zeus.dl.playstation.net/cdn/UP0102/ULUS10391_00/KDckeEMQsmtRcXjVZapnmrcwQEmrUKYFxaXGVXkXqZqMWOuuBHkLbsObBDurITFqsvIgAhrqxnZUoHVSsMTdSMLtpugYptqObYoZS.pkg	MISSING	UP0102-ULUS10391_00-AVAMHFURAJANGICO			102400	
ULUS10391	US	UNKNOWN TITLE	http://zeus.dl.playstation.net/cdn/UP0102/ULUS10391_00/whrQgsOPhwBVPCockqPmcycObwOiVlkhgotnMJrofkUQuwTeVAPchFzUiBuXenbWbZtjvZRYEXazvIJQFathISSdBOygJUrsYjqei.pkg	MISSING	UP0102-ULUS10391_00-AVAMHFURATHALAZU			135712	
ULUS10391	US	UNKNOWN TITLE	http://zeus.dl.playstation.net/cdn/UP0102/ULUS10391_00/EDXGaXcCQBzQBnsoRUZbuRyocllhoXljLfvuXOvpqfoMQCdSsHFPuvAPqwbLznCWdNXBZLIXnhiFPKpARrUcBCAzyHvMGXJcQBlhY.pkg	MISSING	UP0102-ULUS10391_00-AVAMHFURATHALOS0			109440	
ULUS10391	US	UNKNOWN TITLE	http://zeus.dl.playstation.net/cdn/UP0102/ULUS10391_00/eTCdSaxqJMfZkeRzrZxVLxHKQpGPqEZKLwOALRCqFUXSNnQBIDEVIzZLEDowQGAMKihqHPMUCQEamBdnmQZIauyqymxkWEfBsYWZf.pkg	MISSING	UP0102-ULUS10391_00-AVAMHFURATHALOSI			102400	
ULUS10391	US	UNKNOWN TITLE	http://zeus.dl.playstation.net/cdn/UP0102/ULUS10391_00/WTFDMftjMzvKFeJgvxLgcObrUACUtGLWygnVutjMcekJOHQkvwVCdGbDtbrUSVWFFPomCdiKaQMtGiLxbgOKUoUFcLjBTBchDCGON.pkg	MISSING	UP0102-ULUS10391_00-AVAMHFURATHIAN00			102400	
ULUS10391	US	UNKNOWN TITLE	http://zeus.dl.playstation.net/cdn/UP0102/ULUS10391_00/fgHUlyQKkYoWvxrXxWWuNTxsllJBUrEDJQeYdVrClFCCodAYwzBeBixfygEZKhjkVHonntKlCPEjWFtobTIvVXkoGLGhDFMIJTotF.pkg	MISSING	UP0102-ULUS10391_00-AVAMHFUSWORDSHIE			102400	
ULUS10391	US	UNKNOWN TITLE	http://zeus.dl.playstation.net/cdn/UP0102/ULUS10391_00/RsvwZqkWbSGbLkiODZXNUlEiVZsECtzOooNWFKHjHQaFlAHTHXeMoDDsiiQMJSVsIcuhzLWySnjVFObnhKdNwbVDhNdXTloaOjTKl.pkg	MISSING	UP0102-ULUS10391_00-AVAMHFUTIGREX000			126592	
ULUS10391	US	UNKNOWN TITLE	http://zeus.dl.playstation.net/cdn/UP0102/ULUS10391_00/pfhgDpnYuwAMhFXTRdjEWieYzfmGAjHPEtjVoegiqmDHjloVPyLHDQcFZrjEbqQEfpkRZqKUjvenFvPZUqzalvMsNzVLkvSThfyQa.pkg	MISSING	UP0102-ULUS10391_00-AVAMHFUTIGREXICO			102400	
ULUS10391	US	UNKNOWN TITLE	http://zeus.dl.playstation.net/cdn/UP0102/ULUS10391_00/txLfvCKYKlCqTwNLGKgyLJPrVyCruiYxvRZdGfwWBaxEeFRCxcbnIFMQPahKGUEVbEZqbNuqzVnxzTlUzTKKxKWXIsISIoUikTSYi.pkg	MISSING	UP0102-ULUS10391_00-AVAMHFUWELLSTEAK			102400	
BLUS30643	US	UNKNOWN TITLE	http://zeus.dl.playstation.net/cdn/UP0177/BLUS30643_00/TZjrYsYnHTckPZlrHsmmeltYVYoGRbxOOUbYZsQZZmoiknRtMvluPALWalhrMsEPkfWCNXVKVubdXZxVVFftABohGJZfxZHKMtaxF.pkg	MISSING	UP0177-BLUS30643_00-AVAYZ4KAZUMA0000			102400	
BLUS30522	US	UNKNOWN TITLE	http://zeus.dl.playstation.net/cdn/UP1018/BLUS30522_00/zGunUurxpnhANHIFtNcRNusFIlnXxXyaPNtDHiFUWJbKkonNOLmXlJhWlmDtVyXtHNjcmFWzCoJpsZFCwLnYuCKqFkYjrNIjibqzr.pkg	MISSING	UP1018-BLUS30522_00-AVAMORTALKBLOGO0			102400	
BLUS30522	US	UNKNOWN TITLE	http://zeus.dl.playstation.net/cdn/UP1018/BLUS30522_00/NTilmlEFStOqxFAMCyxtJlcnzhIHLYmSfDdMkZApWfeSQOuwgVRXJdIYayvXsbPKWSgSIJNFAQCARRAeYOwTqMXucsNEiKlWmmZew.pkg	MISSING	UP1018-BLUS30522_00-AVAMORTALKBSCORP			113072	
BLUS30522	US	UNKNOWN TITLE	http://zeus.dl.playstation.net/cdn/UP1018/BLUS30522_00/mfhFYqyyEBbcdhctbcJWfhpKwlKnTxCoUBLuzmcjRDZFTyBTyNekLwZeyxDndzjVRWqNIptOGPuRBxSduAEbiduJWPNUILSOPmrPI.pkg	MISSING	UP1018-BLUS30522_00-AVAMORTALKBSUBZE			102400	
BLUS30727	US	UNKNOWN TITLE	http://zeus.dl.playstation.net/cdn/UP1063/BLUS30727_00/aMLMbMizdthANxNJLIIdUUiTDlEcdppvnjQBQUxJnKzEfmHOGvPSwwgSfVHQXwVFiCPMbkwBcvuuumgcZEghWQzpXSGKpvVhBVhyV.pkg	MISSING	UP1063-BLUS30727_00-AVADISG4LLAHARL0			102400	
BLUS30727	US	UNKNOWN TITLE	http://zeus.dl.playstation.net/cdn/UP1063/BLUS30727_00/LvNFmpCsRQkRycGVnoESJeMoyFAeRgnIZgCLmYPDRzGMpOvmbLRyGnGzXpzIqKnQ.pkg	MISSING	UP1063-BLUS30727_00-UADISGAEA4000016			102400	
ULUS10561	US	UNKNOWN TITLE	http://zeus.dl.playstation.net/cdn/UP1063/ULUS10561_00/IuSrBzvmUJVqYpJVvchcVPmRxXhUFVUaigpWacSqEHdtCrIxFEKdtsiLKdoldjwuusNPPPwufEKkwOJiliNGmXxIvhRtBHfRJgqIk.pkg	MISSING	UP1063-ULUS10561_00-AVAP2ASAGI000000			102400	
NPUB30435	US	UNKNOWN TITLE	http://zeus.dl.playstation.net/cdn/UP4096/NPUB30435_00/zfsceebPOsTQUHMEMtzKXZPFLttYfXCRCMEdkAdgOaHdaEWPSUrlDLMVWLZmkkTyEQPQVFTrpTMHCDKvfRXtrXPlCgScfDAwvnMKt.pkg	MISSING	UP4096-NPUB30435_00-AVALCPBELLAFUNZI			102400	
NPUB30435	US	UNKNOWN TITLE	http://zeus.dl.playstation.net/cdn/UP4096/NPUB30435_00/oPOgjKaeBHdAlifAxwFRVcwuAABiVlOwsJlxEAyAHQMHROBfYVsxxPBFibNktpqALLBWTwNzoanelNhReyEEJXPeubQJflcGzZVGo.pkg	MISSING	UP4096-NPUB30435_00-AVALCPAPETVCREW2			102400	
NPUB30435	US	UNKNOWN TITLE	http://zeus.dl.playstation.net/cdn/UP4096/NPUB30435_00/KXxsZRaJuljqOjhnpUwwskxkpSSUNIWSxbMerkjpLHjyuxvhdrOxZaxKBwQYvlxpcKJKMsUKKSuOhyvdYGmwsDjtDJJYBNppuLroa.pkg	MISSING	UP4096-NPUB30435_00-AVALCPBILLYFUNZI			102400	
NPUB30435	US	UNKNOWN TITLE	http://zeus.dl.playstation.net/cdn/UP4096/NPUB30435_00/TgplmPhibEaRHuIBPpZnHnmQeGkNZBVXGeKeSeRaLqVhfwLvJPOUrwasohKnGOuWpPTpPFZhKwvzsPyQCZrieEYPgmTLKQvufzQnZ.pkg	MISSING	UP4096-NPUB30435_00-AVALCPGRANNYFUNZ			102400	
NPUB30435	US	UNKNOWN TITLE	http://zeus.dl.playstation.net/cdn/UP4096/NPUB30435_00/PZoUezSrvfFBocdiiEoQBbFTvMmmtdkXiwWblCqwJkzaUNWnLLMzhqTtYvqIYoVebjsyCkYRCDViLnObvCfZtuOoRRjMzriEhBzoM.pkg	MISSING	UP4096-NPUB30435_00-AVALCPFUNZAUR000			102400	
NPUB30435	US	UNKNOWN TITLE	http://zeus.dl.playstation.net/cdn/UP4096/NPUB30435_00/xHIWPptAMLqjxrfuwzaAndaMqjTPCvMVwXBrZuFMGCjBRYVKIITACgEKndiuMDsOFBsxUoJQTbKoDpEvQMyRrFCUUFxDdgjtrUXvb.pkg	MISSING	UP4096-NPUB30435_00-AVALCPGUSPACHO10			102400	
NPUB30435	US	UNKNOWN TITLE	http://zeus.dl.playstation.net/cdn/UP4096/NPUB30435_00/DSSdLMeGLzhCWzMhtoEkYtNmrXadYomdzzptPHNnDDaNSsRTyXinMnubtqMdksyAHCLTlVarPpfEjSWtRcXGDiVSiXaYbiCjWJHwX.pkg	MISSING	UP4096-NPUB30435_00-AVALCPGUSPACHO20			102400	
NPUB30435	US	UNKNOWN TITLE	http://zeus.dl.playstation.net/cdn/UP4096/NPUB30435_00/ymMlpFvSMVihDnaRmFhFEKWyxopkCpbIifgFFPlgoMqzOAhuUcIuavzjGKfORLclygDKvAGEzseQXNIPgBLFTrTsdSEfplPlejZMP.pkg	MISSING	UP4096-NPUB30435_00-AVALCPPAPAFUNZIN			102400	
BLUS30690	US	UNKNOWN TITLE	http://zeus.dl.playstation.net/cdn/UP4108/BLUS30690_00/aYsvKufqIKMRmtnunMOYIrnVaraswOZlAiIyJHATiCMORbNCjLfSoMdbsTykooXKmxqhnaqAmXSmjDycbVycosdDXZxsEjEyFzVnj.pkg	MISSING	UP4108-BLUS30690_00-AVADW7CAOCAO0000			104608	
NPUB30435	US	UNKNOWN TITLE	http://zeus.dl.playstation.net/cdn/UP4096/NPUB30435_00/UIqDYjtppDEbgLQRjclQroJuIizPDTOEqeaDKlYdwuunyEPjlmZdUbveXDzLCPLwOLSzkrrFujVDnTROwMZYmjZcxVhTfNojBqMwR.pkg	MISSING	UP4096-NPUB30435_00-AVALCPMAMAFUNZIN			102400	
BLUS30690	US	UNKNOWN TITLE	http://zeus.dl.playstation.net/cdn/UP4108/BLUS30690_00/ezsWKxZgeoXFrPAJTdYYCOUxoYeAnUMKxTEdPPLbuubOGNbwedwpqkuucKXlFFHGHxdEwzIGXDFdqAHMlWWuPOOXoPsrHbaelHsFK.pkg	MISSING	UP4108-BLUS30690_00-AVADW7CAIWENJI00			102400	
BLUS30690	US	UNKNOWN TITLE	http://zeus.dl.playstation.net/cdn/UP4108/BLUS30690_00/CZdHNHseAPIsYYkhcmeqoUiesBdwXZAqgTNITZuNNDdZlBYrydECyVgYZXkCUZQWseNWGbcrvEvspIhTYfNanCMAOPlGlXjmAyjnT.pkg	MISSING	UP4108-BLUS30690_00-AVADW7DENGAI0000			104416	
BLUS30690	US	UNKNOWN TITLE	http://zeus.dl.playstation.net/cdn/UP4108/BLUS30690_00/OTeHWgQcihHQcrEQFRgheTGkofQYnOkMEuDkCtaojXEdgFVZKPbTiUiWpNIZkJTFOtApUaoRVRAAEqmZdOVWmYNicZBaiTvCEXdUd.pkg	MISSING	UP4108-BLUS30690_00-AVADW7GANNING000			119504	
BLUS30690	US	UNKNOWN TITLE	http://zeus.dl.playstation.net/cdn/UP4108/BLUS30690_00/yPYotQOHfeTeWRuBZHLdMFENFHHfuFSBwDZsDmCnJJHFOQhjebQWjVFKuBXbhvhicevcTnzLgtVpjNfyGUfDqyHDVidLnbdcBnAqN.pkg	MISSING	UP4108-BLUS30690_00-AVADW7LIUBEI0000			109168	
BLUS30690	US	UNKNOWN TITLE	http://zeus.dl.playstation.net/cdn/UP4108/BLUS30690_00/oYLWnszCWPGvWIMYlrtnjyzRucoNbaMGMKWNtfZRznrdYqsdKroZEQwCnuXsIFlTmBxVrGKmlMzQIlggEygnuPmBBkrUYUTCdrXKP.pkg	MISSING	UP4108-BLUS30690_00-AVADW7HUANGZHONG			123504	
BLUS30690	US	UNKNOWN TITLE	http://zeus.dl.playstation.net/cdn/UP4108/BLUS30690_00/FUEQVxJMwtiIBSGVZRUCQLWIQDczYInVpNLoShjSTphdIaQjSoFrgnjzqfrfGBWcWfPzmUlcJyGzwMHqWUbGdLAgfbQWxxqGXaHnu.pkg	MISSING	UP4108-BLUS30690_00-AVADW7SHANGXIANG			107536	
BLUS30690	US	UNKNOWN TITLE	http://zeus.dl.playstation.net/cdn/UP4108/BLUS30690_00/XwOCsJZUQsMmdPaCVfEkHPAmfiUFBygqzcnsDftvjODVVbuPJxlmrRsJpsLuPLAqhZHUyqvycOotZDOFhifKRDvirVYWiSMRlhqNq.pkg	MISSING	UP4108-BLUS30690_00-AVADW7MACHAO0000			120272	
BLUS30690	US	UNKNOWN TITLE	http://zeus.dl.playstation.net/cdn/UP4108/BLUS30690_00/DaslOCWRWOkezFhkbLiiUYhPhENodMjDstegkZWzsuOHJoMaoBvBONtDKBixIocGQxUuOlDNtTNxVJsLaYPpEjDOqTwmDzJDdfKHn.pkg	MISSING	UP4108-BLUS30690_00-AVADW7LUMENG0000			116224	
BLUS30690	US	UNKNOWN TITLE	http://zeus.dl.playstation.net/cdn/UP4108/BLUS30690_00/SnMoPgUHXnbtUDDxoNboxdHvZXwJFlMVdXtBDEHHSjCBnWNBOqUggzYuXuNhZPLKyYjJtszZXMWgpgOhunBWCpAatxHvygHgFFMym.pkg	MISSING	UP4108-BLUS30690_00-AVADW7SIMAZHAO00			107136	
BLUS30690	US	UNKNOWN TITLE	http://zeus.dl.playstation.net/cdn/UP4108/BLUS30690_00/nAtdexubDhrIVIotxuILoWYuTVpgaNGhbboVvoaudBalwYzRQuFRCXFCPPBxwwtsHeWnfwnyhgKVZJEuWbojrpKrMCIQuxMFGcOfl.pkg	MISSING	UP4108-BLUS30690_00-AVADW7SUNJIAN000			111728	
BLUS30690	US	UNKNOWN TITLE	http://zeus.dl.playstation.net/cdn/UP4108/BLUS30690_00/IFzJQQazySGyAsAuIELUsSgrbtgXMuybPdDJxZKFvHHcwBqcotYGRNJxwGfRnIoOnwQdYYeRUYBCNjrfzPDhWTESipRHNUTZqrWbk.pkg	MISSING	UP4108-BLUS30690_00-AVADW7TAISHICI00			103216	
BLUS30690	US	UNKNOWN TITLE	http://zeus.dl.playstation.net/cdn/UP4108/BLUS30690_00/BwXHDmhLENALIHrtCZyeTEtudblrzRHDsAbMZCXdzaMysoVIrVCnnIFIukYvZJDCrzhmouAkBNhejtnMmFpsKLqJhRlcbWLlQBLpm.pkg	MISSING	UP4108-BLUS30690_00-AVADW7WANGYUANJI			104368	
BLUS30690	US	UNKNOWN TITLE	http://zeus.dl.playstation.net/cdn/UP4108/BLUS30690_00/uToNjAAQVfmCYmpILNyitJQqSsnqhfyViCVkUXzOrXiMFLkdyVCNGRfdWWNTgSMpWermOnyUxISHHhqiTWrdWvBqcXgbmHHzDuwSN.pkg	MISSING	UP4108-BLUS30690_00-AVADW7XIAHOUYUAN			102400	
BLUS30690	US	UNKNOWN TITLE	http://zeus.dl.playstation.net/cdn/UP4108/BLUS30690_00/inezdSavpaHiElrDhyptQmwHHHqfCGMryMbyXdWYQbrfioFjZWWFnZBrcgNmpwPUGvJXNDOqirtuiYNMQRDpvPehApCKPGVDgsCzp.pkg	MISSING	UP4108-BLUS30690_00-AVADW7XUZHU00000			102400	
BLUS30690	US	UNKNOWN TITLE	http://zeus.dl.playstation.net/cdn/UP4108/BLUS30690_00/CwlxYZCrmzkyotbvqLXAeMOlQbJFLvBtKtSinTFNxhZMcUCQmusOqLZCWhtiJkDaPpvLjeOuJEiHJybjXKuRclPguYyISwNdyTLkU.pkg	MISSING	UP4108-BLUS30690_00-AVADW7XUHUANG000			102400	
BLUS30690	US	UNKNOWN TITLE	http://zeus.dl.playstation.net/cdn/UP4108/BLUS30690_00/NcuzXwisUUaoafkKemLobQNjhAAvkCtGtaAoQOhpyblbVrkPCkbVSXVBHROsgtpgLULGbKGytHfDffCzxUFnGEAIIbFQqmHDInhFr.pkg	MISSING	UP4108-BLUS30690_00-AVADW7XINGCAI000			108640	
BLUS30690	US	UNKNOWN TITLE	http://zeus.dl.playstation.net/cdn/UP4108/BLUS30690_00/qKTjCIuAmBUmmPYxfzBiLtzuxedfLPvMCSTyLoyMJUwsKBqeVwELLLyQKCDIYzZcJzvVpUiszuOGyBkJhEokTBjHWxGCiUeyTZLEW.pkg	MISSING	UP4108-BLUS30690_00-AVADW7ZHONGHUI00			114160	
BLUS30690	US	UNKNOWN TITLE	http://zeus.dl.playstation.net/cdn/UP4108/BLUS30690_00/URaRYQjOLJjYfbAyizSMnfUnNAEItNBzDiurlUcXxgqlhBKTPYOqXWqvyIjddZuLxgiLkdtprcdfPZZblpQjMwbRklvTQpxuMKuYh.pkg	MISSING	UP4108-BLUS30690_00-AVADW7ZHUGEDAN00			102400	
BLUS30690	US	UNKNOWN TITLE	http://zeus.dl.playstation.net/cdn/UP4108/BLUS30690_00/pUtUXbiSLUNcivUMWJAvLHeRBAbIdBtpjxtqHKHAQpDxjLWCpEsZrHEQtufXqjWCSUNnvQvIejCPIkaOSBZaOsfzSQOtkujDqxTxf.pkg	MISSING	UP4108-BLUS30690_00-AVADW7ZHUGELIANG			102400	
NPUB30708	US	UNKNOWN TITLE	http://zeus.dl.playstation.net/cdn/UP4108/NPUB30708_00/iGPldCInDdJAfbTWsbjgqHiqBeBmJuPdfYWhTZKdPINMwXosPBNHmZUoerasdPIPZCFyxSXJNQXnykBDPOsXfmKRkIfhlCdArvxWA.pkg	MISSING	UP4108-NPUB30708_00-AVAWO3BENKEI0000			134144	
NPUB30708	US	UNKNOWN TITLE	http://zeus.dl.playstation.net/cdn/UP4108/NPUB30708_00/aVhMaqUJvqrnuwWihboiByHTovajJoXwekiLcviCjCjHwgZwlsRLxpEWXwFymAifXEiiZMuyhufanJMpsXkDiiubmsUBkiHfMIPoi.pkg	MISSING	UP4108-NPUB30708_00-AVAWO3HIMIKO0000			111152	
NPUB30708	US	UNKNOWN TITLE	http://zeus.dl.playstation.net/cdn/UP4108/NPUB30708_00/mgDmKrWmMHiaPXKVOyBbNleXTFycSofZsaLOnaBewpupASSyFQfRTKKYkTpvsdOSqkMORfLDHPNAOMfnwVrruNUIDotMbBjkqhBAd.pkg	MISSING	UP4108-NPUB30708_00-AVAWO3NUWA000000			129824	
NPUB30708	US	UNKNOWN TITLE	http://zeus.dl.playstation.net/cdn/UP4108/NPUB30708_00/ayANKHdLAEKKvyfylfSlFMPMRtmTlMhAmCjyNeEftVJOoFMNaOjoBdpyzxRyvXIWqWEahGMqhqWVOhFtxoRqDyeOnOXGVzjfZOJje.pkg	MISSING	UP4108-NPUB30708_00-AVAWO3OROCHI0001			137744	
NPUB30708	US	UNKNOWN TITLE	http://zeus.dl.playstation.net/cdn/UP4108/NPUB30708_00/HgqcSGlWTkkeUmfexpmZYzXpUXOjWmeHzveSuZovqiTDwxMhYLyZyDwvUoCVaKwvSnIkOwkeYWyxkUVldBjwWTcxjHsKfIOkKQLYX.pkg	MISSING	UP4108-NPUB30708_00-AVAWO3OROCHI0002			140672	
NPUB30708	US	UNKNOWN TITLE	http://zeus.dl.playstation.net/cdn/UP4108/NPUB30708_00/xTPivEjJNVNlpUuUUKjGbCHfyjfXywiaQVSbkGDYfZcVgYhmGgdBDktGeSUrlVEkNofsdbkcaDdGOibbDFNpaLTRWBNNBDZxLePKr.pkg	MISSING	UP4108-NPUB30708_00-AVAWO3OROCHI0004			149424	
NPUB30708	US	UNKNOWN TITLE	http://zeus.dl.playstation.net/cdn/UP4108/NPUB30708_00/LuWGtHwqyPlpYmpHHkHApdlFflgQGwUflesreDRKPgprslmTEUgxpifJmsAuGkdaUjlHhULuPVxRWNHTZAaTYtjOVCKyXePbFDHJe.pkg	MISSING	UP4108-NPUB30708_00-AVAWO3OROCHI0003			146800	
NPUB30708	US	UNKNOWN TITLE	http://zeus.dl.playstation.net/cdn/UP4108/NPUB30708_00/IEkzrDLpBqPvzGVUSfmBMuuhuIblLrkrMwSpAtSfoqOHqBTrVXksAojkYIqHDgEBIliaGvKXlkoLXbdsFXuWeDzBTBpGtVHnYbNNM.pkg	MISSING	UP4108-NPUB30708_00-AVAWO3OROCHI0005			142208	
NPUB30708	US	UNKNOWN TITLE	http://zeus.dl.playstation.net/cdn/UP4108/NPUB30708_00/kjiwgZanckdqrWNZnlymUXjvAJjYhiZoRKbNUhouKnvmRvitXznTlprwtATNlQNLGyKXimBQeEdXNAKuoTrnKOneaFEyqYkpdCjrY.pkg	MISSING	UP4108-NPUB30708_00-AVAWO3OROCHI0006			148272	
NPUB30708	US	UNKNOWN TITLE	http://zeus.dl.playstation.net/cdn/UP4108/NPUB30708_00/sNxhtOKoFhnFmpdfmddLwpkbPMBSowoXerJOwmPyShFbaCtmWoQIuivVSdBkoAorVBFqxDvDeJiYVsrzcirCzuXVhwAexMmDGVelZ.pkg	MISSING	UP4108-NPUB30708_00-AVAWO3OROCHI0007			146112	
NPUB30708	US	UNKNOWN TITLE	http://zeus.dl.playstation.net/cdn/UP4108/NPUB30708_00/shyjBGzCmoPJGXaIDWlQWpBldbXSpUIsnOlQCrXBGfFGxGWcJVNYkMPfPymZQYFcRqkWqsHwaQVHioTsmkjdIzPKcVCnpwEJegPtQ.pkg	MISSING	UP4108-NPUB30708_00-AVAWO3OROCHI0008			142608	
NPUB30708	US	UNKNOWN TITLE	http://zeus.dl.playstation.net/cdn/UP4108/NPUB30708_00/RNYRFVXUTkMXKDfYPhhfOqAaIQbZYlbFstUiEnOIvemWcgOiStsaPdTKiKYNTUZQDLveKISQgslfPqdrnISKsGXjwyIEPjElcUeNn.pkg	MISSING	UP4108-NPUB30708_00-AVAWO3SANZANG000			123792	
NPUB30708	US	UNKNOWN TITLE	http://zeus.dl.playstation.net/cdn/UP4108/NPUB30708_00/PejllMuJhLzjataHrrSEebBxOkwrBcBWjoHOhFJBhljGEbxOtCEInxaoXmUWiupSrSybsHZAzekwIQgqjyHAzQBBQfNkWYrjaNOLe.pkg	MISSING	UP4108-NPUB30708_00-AVAWO3SUNWUKONG0			123920	
NPUB30708	US	UNKNOWN TITLE	http://zeus.dl.playstation.net/cdn/UP4108/NPUB30708_00/rrTPQvDtStilBQxnDQgsoPiUMrqnbaCWIkGqDSFuUYheOyGuIbLPTEHRkAMXSlpEXZdTHPphmtkXAmkvsrSgWYOERaqNhUzbclisC.pkg	MISSING	UP4108-NPUB30708_00-AVAWO3YOSHITSUNE			135584	
NPUB30708	US	UNKNOWN TITLE	http://zeus.dl.playstation.net/cdn/UP4108/NPUB30708_00/fikyWRfjjPzeSpxMZGZFzqaHmVofNicDiirZKcDkjzdopWWAwYvJpqgTSdDVzAEsUUCuthrycpoJCfpVTLjkQoIwQkYzHKgsaHQtq.pkg	MISSING	UP4108-NPUB30708_00-AVAWO3ZUOCI00000			114224	
BCUS98175	US	UNKNOWN TITLE	http://zeus.dl.playstation.net/cdn/UP9000/BCUS98175_00/ZCaHOYFJGNeGfavZKUBjISRZPdwVHyVovoDwksXFtbujyvvfgjRtSokejqKYrTCqfOjLgXGVSTfFvcdiYCgIStFyfccBELPpTkysq.pkg	MISSING	UP9000-BCUS98175_00-AVARCA4OCLANKREN			102400	
BCUS98175	US	UNKNOWN TITLE	http://zeus.dl.playstation.net/cdn/UP9000/BCUS98175_00/DKQOgGMGzTKjUzXEHTwCnMyrqXWDIAKgxTlsqUXgvKJprIhWVQYrGWziKaJZNtnmXIDRXwqHerIbiZWAowDzTFUxAKqLqcHnftHvZ.pkg	MISSING	UP9000-BCUS98175_00-AVARCA4ONEFARREN			102400	
BCUS98175	US	UNKNOWN TITLE	http://zeus.dl.playstation.net/cdn/UP9000/BCUS98175_00/WNUvZMtFQTfpZstJajMuVtMpzuWIXecmKLKiLntYAyverlcnhJSXCnwAVbHRSKXDurdOeiOzbWjGXtsXzRFGBoXiVrjNQxcUAEouF.pkg	MISSING	UP9000-BCUS98175_00-AVARCA4OQWARKREN			102400	
BCUS98175	US	UNKNOWN TITLE	http://zeus.dl.playstation.net/cdn/UP9000/BCUS98175_00/oFLQWkQlfyJGxMmQYTzAtPoNrtLJkvfHFIHVmvcycOKAntPJNkoWlMdcBwJgAmsvTLvCEwleFUcEkuHRgNUwpopvRwnzPkmffXkoZ.pkg	MISSING	UP9000-BCUS98175_00-AVARCA4ORATCHREN			102400	
BCUS98255	US	UNKNOWN TITLE	http://zeus.dl.playstation.net/cdn/UP9000/BCUS98255_00/uslrViSyQPOsNHmTTIQeWXsSLRCKwWUqevKcYpQrmiNQuZtsMpcvGnAsLAXPPrPTfPGaGeBtbnVbmARmgSErnlFtYYaItbTIQaWoP.pkg	MISSING	UP9000-BCUS98255_00-AVATFLOBRUCEBOSS			104240	
BCUS98295	US	UNKNOWN TITLE	http://zeus.dl.playstation.net/cdn/UP9000/BCUS98295_00/SYfFfcMgokBQwUDyzVUQhzEkWCMmobGfLzCjTPNsnajsAqGqcwENEVLmWxOMdvCYqFeGLOWSIATogCodXGMmpENLzNraiYAjKKGnr.pkg	MISSING	UP9000-BCUS98295_00-AVAMLB12CUBS0000			102400	
NPUB30859	US	UNKNOWN TITLE	http://zeus.dl.playstation.net/cdn/UP4096/NPUB30859_00/RIdyIITtHErTFoqoJYbdPbvsGMNsRkdkLfBUhoJUjXTllJvlZYNpbpnzxbPKZeba.pkg	MISSING	UP4096-NPUB30859_00-UAZOMBIETY000001			121664	
NPUA80900	US	UNKNOWN TITLE	http://zeus.dl.playstation.net/cdn/UP9000/NPUA80900_00/UP9000-NPUA80900_00-UARESOGUNX000011_bg_1_173940eeee6db302b4feee6224fb2f23ae71e6ba.pkg	MISSING	UP9000-NPUA80900_00-UARESOGUNX000011			102400	
NPUA80900	US	UNKNOWN TITLE	http://zeus.dl.playstation.net/cdn/UP9000/NPUA80900_00/UP9000-NPUA80900_00-UARESOGUNX000013_bg_1_19712a40674239240d46b45130aca4d5bc2761c3.pkg	MISSING	UP9000-NPUA80900_00-UARESOGUNX000013			102400	
NPUA80900	US	UNKNOWN TITLE	http://zeus.dl.playstation.net/cdn/UP9000/NPUA80900_00/UP9000-NPUA80900_00-UARESOGUNX000012_bg_1_a1c8c43ce602d3dd1e61d5013ad88f6ef8c1355b.pkg	MISSING	UP9000-NPUA80900_00-UARESOGUNX000012			102400	
NPUA80900	US	UNKNOWN TITLE	http://zeus.dl.playstation.net/cdn/UP9000/NPUA80900_00/UP9000-NPUA80900_00-UARESOGUNX000014_bg_1_4aa5b50730cc03da76e9377884c1806601c8a21c.pkg	MISSING	UP9000-NPUA80900_00-UARESOGUNX000014			102400	
NPUA80900	US	UNKNOWN TITLE	http://zeus.dl.playstation.net/cdn/UP9000/NPUA80900_00/UP9000-NPUA80900_00-UARESOGUNX000015_bg_1_a71a05ac49f374258d7ecc32a7b5aa9a25fd2b3e.pkg	MISSING	UP9000-NPUA80900_00-UARESOGUNX000015			102400	
NPEB00474	EU	Avatar St Patricks Day-Clover	http://zeus.dl.playstation.net/cdn/EP4312/NPEB00474_00/VAZAPHspoyQRwkNbmfiCURyJkBHUtnzDOsKvrhKzDSyLEndMxGDEghKHlEbaDXJD.pkg	MISSING	EP4312-NPEB00474_00-AVSMOBILET000329			102400	
SLES53682	EU	Flower-Avatar	http://zeus.dl.playstation.net/cdn/EP4037/SLES53682_00/NdBgXJgMVoudculbjdbcbgwSVvnQwiGLmYQGVfhDLDXiIDjPLIjTOtxLiqHiIVWQ.pkg	MISSING	EP4037-SLES53682_00-AVJAMESPON000012			102400	
NPEB00196	EU	Aqua Panic! Avatar 1	http://zeus.dl.playstation.net/cdn/EP4129/NPEB00196_00/N1OQhgw4nboWBwwfPijD5XNAe5d3UeswBL2Yv0WcHTxKikEIRUqbovlaLwn2vhiQCQfMiC9WU9F29RHivM1lb2GAihMiJf412PAhy.pkg	MISSING	EP4129-NPEB00196_00-AVAQUAPANI000001			102400	
NPEB00196	EU	Aqua Panic! Avatar 2	http://zeus.dl.playstation.net/cdn/EP4129/NPEB00196_00/Bx4MpV1gII0EmroHmFn39hFRG5sqF1CPNkRa1ei9UmCUs5OsDirTjW71SjvdDsjWKikaVtYB0W0qbhUapBsToXM6D0MJg1kdw8pff.pkg	MISSING	EP4129-NPEB00196_00-AVAQUAPANI000002			102400	
BCES00509	EU	Phurba Dagger Avatar	http://zeus.dl.playstation.net/cdn/EP9000/BCES00509_00/luyV1tgUBf7nR0Wlo11LbCI2CXIM3vaDjXUDowMBoWNTJf3JPCPrAhIHAmg9VJ29AdfIrFs9XremuCKhFRQ5vkLFDAdCkL2KxswSV.pkg	MISSING	EP9000-BCES00509_00-AVAU2ATPHURBADAG			102400	
BLES01225	EU	Disgaea 4: Valvatorez Avatar	http://zeus.dl.playstation.net/cdn/EP1063/BLES01225_00/veiqPxhKLGKVYuCQxVyyIaSNVZTKVgSuMTrmhkdJXcnMhXclUsuFzgFYCMdJAwzg.pkg	07c9ba655357c257f5c1f04b0b057ef0	EP1063-BLES01225_00-AVDISGAEA4000001			102400	
BLES01225	EU	Disgaea 4: Desco Avatar	http://zeus.dl.playstation.net/cdn/EP1063/BLES01225_00/BMjyEUEdzZBWFqKsAqxZhjnNjhzfAmpJWaDCOIlHdyWvTKCpHEnGjNZcsrxnBjfj.pkg	3144a170aae546986ad918ed9b20d92a	EP1063-BLES01225_00-AVDISGAEA4000003			102400	
BLES01225	EU	Disgaea 4 Archer Avatars	http://zeus.dl.playstation.net/cdn/EP1063/BLES01225_00/vfmTTmyamptBQUSBOxbcbOqhftwYEkrSEmAMqGEzpgJcyRZWhxyYjyeHIRgGzGqv.pkg	55c176000450b835d40c83ffe2d6a568	EP1063-BLES01225_00-AVDISGAEA4000006			102400	
BLES01225	EU	Disgaea 4 Magician Avatars	http://zeus.dl.playstation.net/cdn/EP1063/BLES01225_00/CPdxtVZoTYcyMWxkhSCUnKPvcKxtXczIZygrTfCNAjETmOvtnPPwpJeUGlgiQVMV.pkg	c2b47933305b1b45f2b0ddd83c030556	EP1063-BLES01225_00-AVDISGAEA4000008			102400	
BLES01225	EU	Disgaea 4 Raspberyl Avatars	http://zeus.dl.playstation.net/cdn/EP1063/BLES01225_00/ABvzOzGOfVMONLxHSxgNfhHbfsrXxdCEyOJjGJefUoTWnkydlVKNvwjTdKbkHbGp.pkg	425af189c8068b92f7a00c031ce7fce5	EP1063-BLES01225_00-AVDISGAEA4000009			102400	
BLES01225	EU	Disgaea 4 Witch Avatars	http://zeus.dl.playstation.net/cdn/EP1063/BLES01225_00/GovMxyvECQsojtKjNrhqWAXWnSbSRufWGyIsnRvaMkFUEsyxnVCSenHHfpNmjOyR.pkg	8018e4fe9ac3875b60618dd64a16ea76	EP1063-BLES01225_00-AVDISGAEA4000010			102400	
NPUB31488	US	Hatsune Miku: Project DIVA F 2nd - Luka Avatar	http://zeus.dl.playstation.net/cdn/UP0177/NPUB31488_00/uImOQHUgrOOGLzUAlLJZRQuFbiDyikmPUaYfYOEKuFMPGLMaiJTZjCLNNvgcmzOk.pkg	9cb12475fd06ef54efbe2d7d3450fc59	UP0177-NPUB31488_00-UAHATSUNEM000003			109456	
NPUB31488	US	Hatsune Miku: Project DIVA F 2nd - Meiko Avatar	http://zeus.dl.playstation.net/cdn/UP0177/NPUB31488_00/HjVxzpsFoOdwvzmLsGjazAwTKEATXiuIoQNcWekehPYewfGbacguVZHfDeJMLLnQ.pkg	4a1463bb84644d6cf9e0d805c7e0929a	UP0177-NPUB31488_00-UAHATSUNEM000004			102400	
NPUB31488	US	Hatsune Miku: Project DIVA F 2nd - Rin Avatar	http://zeus.dl.playstation.net/cdn/UP0177/NPUB31488_00/uaTvTrMTJZwQBReVkHyYhGXDVeizBWSDZaRbKcqietTVDSBJImyVmxEhwHKgvUlf.pkg	9a0e0966ba5f365081deb3f78d58daba	UP0177-NPUB31488_00-UAHATSUNEM000006			102400	
NPJB00287	JP	初音ミク	http://zeus.dl.playstation.net/cdn/JP0177/NPJB00287_00/hoMwnRBOAfdauUtTyLDEzCbOgEWUsjWVAkWlRvDXauvcXJXvIsgSgjZgiUPGwzIs.pkg	MISSING	JP0177-NPJB00287_00-DIVAFAVATAR00001			102400	
NPJB00287	JP	鏡音リン	http://zeus.dl.playstation.net/cdn/JP0177/NPJB00287_00/dXWkJVmOXvwLTgtPQoJmKnsfaRrYhdiIPCDdGdYPpbpOReSbdGFXikRQbSLSTEvb.pkg	MISSING	JP0177-NPJB00287_00-DIVAFAVATAR00002			102400	
NPJB00287	JP	鏡音レン	http://zeus.dl.playstation.net/cdn/JP0177/NPJB00287_00/xqilgNJsJNjuBHwhKaBbVfCTRGrDvYtxysoIWGmZaOeDBXUPLWnhkMTNFTCFxQSh.pkg	MISSING	JP0177-NPJB00287_00-DIVAFAVATAR00003			102400	
NPJB00287	JP	巡音ルカ	http://zeus.dl.playstation.net/cdn/JP0177/NPJB00287_00/FAKJyCRnWgqZZQzqHUqegopwwMFpibAcWOKJUwgqmoPlveNJLlfXNNyvocmXMXIY.pkg	MISSING	JP0177-NPJB00287_00-DIVAFAVATAR00004			102400	
NPJB00287	JP	MEIKO	http://zeus.dl.playstation.net/cdn/JP0177/NPJB00287_00/hWqkuJZMGDhlVCGYUZhYMKiKyZJxLHjZzOMwFTszFTtmRhQJEXJgEpCyZuCcIwat.pkg	MISSING	JP0177-NPJB00287_00-DIVAFAVATAR00005			102400	
NPJB00287	JP	KAITO	http://zeus.dl.playstation.net/cdn/JP0177/NPJB00287_00/pIoPmCvOMeyncuzuzDjXSRCmfcdhVBwVtNHcuiOpdfeLjBRhKFQwcijROkJxQSgF.pkg	MISSING	JP0177-NPJB00287_00-DIVAFAVATAR00006			102400	
NPJB00287	JP	鏡音リン A	http://zeus.dl.playstation.net/cdn/JP0177/NPJB00287_00/vGARrkKPoLYcUKLCWTehJPoGurGIijlohjMJMTNwYoIowCUBwGToChfgTHbxfVAo.pkg	MISSING	JP0177-NPJB00287_00-DIVAFAVATAR00008			102400	
NPJB00287	JP	初音ミク　A	http://zeus.dl.playstation.net/cdn/JP0177/NPJB00287_00/pYPCAhfSfHeyttSutLdymhdHKHjwyFcqHUkgNTpYtoAmaYTXyFZpJhsVmpLCmtLP.pkg	MISSING	JP0177-NPJB00287_00-DIVAFAVATAR00007			106640	
NPJB00287	JP	鏡音レン　A	http://zeus.dl.playstation.net/cdn/JP0177/NPJB00287_00/SFuXVQoeOlIbzxioaNVNzXyGpVsEVnAqkSjZwIFSRUNgxjQTZQMTArlFlXeBrcri.pkg	MISSING	JP0177-NPJB00287_00-DIVAFAVATAR00009			102400	
NPJB00287	JP	巡音ルカ A	http://zeus.dl.playstation.net/cdn/JP0177/NPJB00287_00/KZCkEYOkhkQesTajLouCJBFqmhcEEuFuxAmuAlHtHNMnHhQXunNAuNAbuWTWcKmG.pkg	MISSING	JP0177-NPJB00287_00-DIVAFAVATAR00010			102400	
NPJB00287	JP	MEIKO A	http://zeus.dl.playstation.net/cdn/JP0177/NPJB00287_00/jCWvkJKpYTlSFVMgDpKICcDDUGGmuGLntkeqvoztEvHpSGCZWPipqCfeHqtejIsp.pkg	MISSING	JP0177-NPJB00287_00-DIVAFAVATAR00011			110400	
NPJB00287	JP	KAITO A	http://zeus.dl.playstation.net/cdn/JP0177/NPJB00287_00/iuXAjAMXfgTLtysJobiJdNQCdPXRVTcncWeKVaTKBXlMYckgBlhNuhZdWGMQPIaP.pkg	MISSING	JP0177-NPJB00287_00-DIVAFAVATAR00012			112448	
BLUS30901	US	UNKNOWN TITLE	http://zeus.dl.playstation.net/cdn/UP1063/BLUS30901_00/gLaqSCnnTDhsGrteDDpiUoycpAqUYfXobXCdGgjujixUnexgbQFshpTunknureev.pkg	MISSING	UP1063-BLUS30901_00-UAHYPERDIM000015			102400	
BLUS31218	US	UNKNOWN TITLE	http://zeus.dl.playstation.net/cdn/UP0102/BLUS31218_00/hfElToNuRvrvyoCrVlPAsuzfnYQPnsToMkSwtismRUNBeJerZWEQdxdJxeFHVxJC.pkg	MISSING	UP0102-BLUS31218_00-UASUPERSTR000008			102400	
BLUS30845	US	UNKNOWN TITLE	http://zeus.dl.playstation.net/cdn/UP0005/BLUS30845_00/BsEyWMPxQadtsevwxUAsmKmMvNIuJUAoxsprtuldGmGryLiwseUuHqkjsOANoirWppKMFfhsPwVJdEeKNjTaPTxwDpfGNlwrIHmdl.pkg	MISSING	UP0005-BLUS30845_00-AVAKOFXIIICLARK0			102400	
NPUB30096	US	UNKNOWN TITLE	http://zeus.dl.playstation.net/cdn/UP0101/NPUB30096_00/jMbAZusYfVTOLSMOsqDTdTrkwMGLWvJdbhHZsRmkPNvNjkhIxJyKjcaOQRpCoVMARsyeFnKIbKseaEKnyoSIazebyfLSzOoxVLVEy.pkg	MISSING	UP0101-NPUB30096_00-AVAHCUBAHAMUT000			102400	
NPUB30666	US	UNKNOWN TITLE	http://zeus.dl.playstation.net/cdn/UP0102/NPUB30666_00/RMLsVkzQbkssoCTElRbgMSxsGcdiYGxnwJiusWMKxRWLLPROqlwsMUqUpwgwQyzl.pkg	MISSING	UP0102-NPUB30666_00-UADARKSTAL000016			105472	
NPUB30769	US	UNKNOWN TITLE	http://zeus.dl.playstation.net/cdn/UP0102/NPUB30769_00/tkypcJprTnezYVGIMeKLySBkUVjtBPcIVMHuHzJxBNYPaUzLLCOsBeVHJJEMlBlm.pkg	MISSING	UP0102-NPUB30769_00-UACAPCOMAR000010			102400	
NPUB30769	US	UNKNOWN TITLE	http://zeus.dl.playstation.net/cdn/UP0102/NPUB30769_00/WFDQhjLTjLGCGqbAvIRHahtFmKKhWnlavVhQZYNnmOoqgrCAjupsOyrSVLKxIEBm.pkg	MISSING	UP0102-NPUB30769_00-UACAPCOMAR000006			113760	
NPUB31139	US	UNKNOWN TITLE	http://zeus.dl.playstation.net/cdn/UP0102/NPUB31139_00/PVRpbOReOaitJxYeHmNeFkoFjvgXmYwrsKRQlQwwQTOXiHSPrHIfaQzdYVTtjkiu.pkg	MISSING	UP0102-NPUB31139_00-UASTRIDERT000008			102400	
BLUS31156	US	UNKNOWN TITLE	http://zeus.dl.playstation.net/cdn/UP1004/BLUS31156_00/FsGMVsiIMsQtHyjpBdTnJKSZojrYMUodxZBfruziMKXQImgnxzOgoxuJgJmWMFYk.pkg	MISSING	UP1004-BLUS31156_00-UAGRANDTHE000002			102400	
BLUS30829	US	UNKNOWN TITLE	http://zeus.dl.playstation.net/cdn/UP1005/BLUS30829_00/WFCgLuVnbBPaVEjQxhODySNSfFPBoHEwgzWxQdibiLIxDBpbtFuMCvnLocbjnDvL.pkg	MISSING	UP1005-BLUS30829_00-AVADARK2DEATHSKU			131072	
PCSE00119	US	UNKNOWN TITLE	http://zeus.dl.playstation.net/cdn/UP1023/PCSE00119_00/dfcdXxgJLvxAhFcldEkVaDlSRBoLRscahtIqbPauCyJAHkMgApDxwCzNrTjDYPIB.pkg	MISSING	UP1023-PCSE00119_00-UARAGNAROK000005			111712	
PCSE00119	US	UNKNOWN TITLE	http://zeus.dl.playstation.net/cdn/UP1023/PCSE00119_00/DfqLIGLUbgxorpROEYTejsuaPLROEWtVLKIXVpZATTgwohwgiDTVtSzJPtNnWebV.pkg	MISSING	UP1023-PCSE00119_00-UARAGNAROK000007			111920	
PCSE00119	US	UNKNOWN TITLE	http://zeus.dl.playstation.net/cdn/UP1023/PCSE00119_00/EOqHdBRTMeFgTtmufEWQceQHdvEPyOrSUzILDuRjfhwtkApvPeLGkyJgcymnSfJo.pkg	MISSING	UP1023-PCSE00119_00-UARAGNAROK000009			102400	
PCSE00119	US	UNKNOWN TITLE	http://zeus.dl.playstation.net/cdn/UP1023/PCSE00119_00/fSHvmNwzDuTDwdnzueSfGrSqDyCiDzSoOGPyNNxGaCqnwEwDaRKXjLqTOmhhLVqC.pkg	MISSING	UP1023-PCSE00119_00-UARAGNAROK000016			119120	
PCSE00119	US	UNKNOWN TITLE	http://zeus.dl.playstation.net/cdn/UP1023/PCSE00119_00/hfIqvAezNXmZccFDFeJfcIoGCUqhCgOPJRBGWPSvKOvrWyYKqrkirrBaZKnwWHNt.pkg	MISSING	UP1023-PCSE00119_00-UARAGNAROK000015			102400	
PCSE00119	US	UNKNOWN TITLE	http://zeus.dl.playstation.net/cdn/UP1023/PCSE00119_00/oqEmFbvHPuWlvZEiuQDWFmVyafesWBLSyNrSlyzgOhphvAFDDEzaAmwWFALivvrQ.pkg	MISSING	UP1023-PCSE00119_00-UARAGNAROK000014			102400	
PCSE00119	US	UNKNOWN TITLE	http://zeus.dl.playstation.net/cdn/UP1023/PCSE00119_00/ovPKLulyXczmkltYlDEkNBrPArFEmNocXewZSHMdueombORdpJrPLcRxsMyZXuNu.pkg	MISSING	UP1023-PCSE00119_00-UARAGNAROK000013			104784	
PCSE00119	US	UNKNOWN TITLE	http://zeus.dl.playstation.net/cdn/UP1023/PCSE00119_00/PSiVHteAcPLgCVuKJXJWSRuCjeUtyDiURGkukfiawaLNKYFXgLeawlCfBDyQLyNZ.pkg	MISSING	UP1023-PCSE00119_00-UARAGNAROK000008			102400	
PCSE00119	US	UNKNOWN TITLE	http://zeus.dl.playstation.net/cdn/UP1023/PCSE00119_00/QJUsRwyyGVsVJnSEGNBowQIIZNrAZSGuYEmmHldCDxeorBMSKKfXvmnJONGhercO.pkg	MISSING	UP1023-PCSE00119_00-UARAGNAROK000006			102400	
PCSE00119	US	UNKNOWN TITLE	http://zeus.dl.playstation.net/cdn/UP1023/PCSE00119_00/uLSXfnjxwShcEehvzkWfPMKmkWigxfuYUHkJvBEyBJvsCfVSuATOAsiJeGLnXrkx.pkg	MISSING	UP1023-PCSE00119_00-UARAGNAROK000010			102400	
PCSE00119	US	UNKNOWN TITLE	http://zeus.dl.playstation.net/cdn/UP1023/PCSE00119_00/QvXecHhRfCNRnTjLdkZvErklZXSUDhCACWrRvgRQFWvgYkpveslvftLOUIcFuyzp.pkg	MISSING	UP1023-PCSE00119_00-UARAGNAROK000002			106576	
PCSE00119	US	UNKNOWN TITLE	http://zeus.dl.playstation.net/cdn/UP1023/PCSE00119_00/vWEwikoLmriiTFklNXBiKtZMAbIoxAvyuDmMxTPudyhSvNmrNlIZYnsoIsPXzTud.pkg	MISSING	UP1023-PCSE00119_00-UARAGNAROK000003			115792	
PCSE00119	US	UNKNOWN TITLE	http://zeus.dl.playstation.net/cdn/UP1023/PCSE00119_00/WcVFxifkaIeBqAONpRvDCqfdKipWqRLMciwLFpYSBBSyKbjazRHkKEqgjoTROFxm.pkg	MISSING	UP1023-PCSE00119_00-UARAGNAROK000012			102400	
PCSE00119	US	UNKNOWN TITLE	http://zeus.dl.playstation.net/cdn/UP1023/PCSE00119_00/wFYJKPwTlBohhiBNeUwYxmIqANxUqXxrsKQtWYEgagXugBpwyjprAzdiofxYpTTV.pkg	MISSING	UP1023-PCSE00119_00-UARAGNAROK000011			102400	
PCSE00119	US	UNKNOWN TITLE	http://zeus.dl.playstation.net/cdn/UP1023/PCSE00119_00/WmJPMgkFigBpWhpZxDCCZxetoVKNSRudvyHEWizWDiPBzBbzWCBlBQWRszwCdoIw.pkg	MISSING	UP1023-PCSE00119_00-UARAGNAROK000001			113136	
PCSE00119	US	UNKNOWN TITLE	http://zeus.dl.playstation.net/cdn/UP1023/PCSE00119_00/yzkGrMCaOwnMOGTzgmqgSNcibQwlhZldXPFiQGYoSyuctClcvjageZgjLXEaNYCz.pkg	MISSING	UP1023-PCSE00119_00-UARAGNAROK000004			102400	
PCSE00240	US	UNKNOWN TITLE	http://zeus.dl.playstation.net/cdn/UP1024/PCSE00240_00/JeHwYyFcvBbLBvdtLoSsCwagwOzFDNNOsxUDcVCjpFTnMrrBtNUZQjxyKpOFQaoA.pkg	MISSING	UP1024-PCSE00240_00-UAMURAMASA000009			102400	
BLUS30181	US	UNKNOWN TITLE	http://zeus.dl.playstation.net/cdn/UP1063/BLUS30181_00/DZseHtFgVQPlPhVSUCuHGEpTPPgpWGITLdHeyADPkCFnHSSYmspBLmSnyJUdzVpb.pkg	MISSING	UP1063-BLUS30181_00-UADISGAEA3000004			102400	
BLUS30181	US	UNKNOWN TITLE	http://zeus.dl.playstation.net/cdn/UP1063/BLUS30181_00/KOGVPWJktyPYbLWCVILSWWQaFqsjcgmAZBHBWWIuLTlCzsVLKggdHmrpPJfbrcSv.pkg	MISSING	UP1063-BLUS30181_00-UADISGAEA3000001			102400	
BLUS30727	US	UNKNOWN TITLE	http://zeus.dl.playstation.net/cdn/UP1063/BLUS30727_00/CxMfnJSMMYXROhTHDHvmrhANdPyTFTQbmQZdHwJvZYDwEnOJqcTzDcDQeFPcMMua.pkg	MISSING	UP1063-BLUS30727_00-UADISGAEA4000033			102400	
BLUS30727	US	UNKNOWN TITLE	http://zeus.dl.playstation.net/cdn/UP1063/BLUS30727_00/bYJUXYaXdPiyfMyzpLzjZNyQxHeXSOFSrkdHSxphDVjOQCYyBRcmqqoVDVaALAgY.pkg	MISSING	UP1063-BLUS30727_00-AVADG4AXEL200000			102400	
BLUS30727	US	UNKNOWN TITLE	http://zeus.dl.playstation.net/cdn/UP1063/BLUS30727_00/gpFJGzQngyXywSTwHKqcqhtiJarWntUCrxjmsSMNxcKRPhwQQeZbOjreiOVevEub.pkg	MISSING	UP1063-BLUS30727_00-UADISGAEA4000012			102400	
BLUS30727	US	UNKNOWN TITLE	http://zeus.dl.playstation.net/cdn/UP1063/BLUS30727_00/QKfopWfBvTfWVnOeCsAAlBGAGLxSnjswWHOYbtsuXhWfTzjgvMJTJnqwkvMWPNXV.pkg	MISSING	UP1063-BLUS30727_00-AVADG4FENRICH000			102400	
BLUS30727	US	UNKNOWN TITLE	http://zeus.dl.playstation.net/cdn/UP1063/BLUS30727_00/msHXtyNSrKdJqKlYrmPIvRwVJINJqHBbUDqTlOeGWKKyxjevczThmwhisIkvfZHy.pkg	MISSING	UP1063-BLUS30727_00-UADISGAEA4000043			102400	
BLUS30727	US	UNKNOWN TITLE	http://zeus.dl.playstation.net/cdn/UP1063/BLUS30727_00/goygiFsXsEeZIaNXdVUriEalQjYsCRwagUHjQjGFbhGIzuEGVwbnMyKMmKRCfulI.pkg	MISSING	UP1063-BLUS30727_00-UADISGAEA4000013			102400	
BLUS30727	US	UNKNOWN TITLE	http://zeus.dl.playstation.net/cdn/UP1063/BLUS30727_00/raKeZwfOVQyzVQSZcgXyEJccTWIzXyTdXZHDJFCuInhnwTknLplYQOyCTxPzTDAp.pkg	MISSING	UP1063-BLUS30727_00-UADISGAEA4000019			102400	
BLUS30727	US	UNKNOWN TITLE	http://zeus.dl.playstation.net/cdn/UP1063/BLUS30727_00/WMfwKntTgeLzwoFCJFIrMRSpTrPdsbwplwzXhdkOCmxPERmDVMgCOArCBeUsrByp.pkg	MISSING	UP1063-BLUS30727_00-UADISGAEA4000031			102400	
BLUS31007	US	UNKNOWN TITLE	http://zeus.dl.playstation.net/cdn/UP1063/BLUS31007_00/QaFouvRvimNtDNumTymKKqKxJirhahuMCHxXKkVsuRZdtJiCTkZRpEHhqyhtnxVR.pkg	MISSING	UP1063-BLUS31007_00-AVAMUGENHYPER000			102400	
BLUS31007	US	UNKNOWN TITLE	http://zeus.dl.playstation.net/cdn/UP1063/BLUS31007_00/talXXhwVUdmvHOJKEQdxDQWBdEXhjhxUDOwiyDlWtjlZXKGfZNzvDuiUwFlJCVJf.pkg	MISSING	UP1063-BLUS31007_00-UAMUGENSOU000008			102400	
BLUS31007	US	UNKNOWN TITLE	http://zeus.dl.playstation.net/cdn/UP1063/BLUS31007_00/TzooFPpbinUPoSsLmCkBfyIsABODWUyTsFyfnpWTsJwfhFeCCsQwQZwYCVQVdQDO.pkg	MISSING	UP1063-BLUS31007_00-AVAMUGENSOULSKYH			102400	
BLUS31007	US	UNKNOWN TITLE	http://zeus.dl.playstation.net/cdn/UP1063/BLUS31007_00/YghXAkilFKRCDSNDNOznDpCpwzgbVAGEZUigxqsVRmptuIwvaMCdQttuWEOcOuIS.pkg	MISSING	UP1063-BLUS31007_00-UAMUGENSOU000005			102400	
BLUS31007	US	UNKNOWN TITLE	http://zeus.dl.playstation.net/cdn/UP1063/BLUS31007_00/zYSsQxMLjObAlfELlpPUaOSqbexNRXdJQjucbYGoVFtCXUDKpWfIDbLLpdMxIYTm.pkg	MISSING	UP1063-BLUS31007_00-UAMUGENSOU000007			102400	
BLUS31150	US	UNKNOWN TITLE	http://zeus.dl.playstation.net/cdn/UP1063/BLUS31150_00/YbnJMWoTSLiwXVTPOuoHLKZXnpLqVbFxyGaXQTPDJZoJpLNcsueshTsNKUVvxhXC.pkg	MISSING	UP1063-BLUS31150_00-UAHYPERDIM000017			102400	
BLUS31417	US	UNKNOWN TITLE	http://zeus.dl.playstation.net/cdn/UP1063/BLUS31417_00/LfPzuBJYuEQFKsXzrlcadyRwNRQTyPFGNKVFToEDvntRksjZZFHjNEmWuoTMxbFF.pkg	MISSING	UP1063-BLUS31417_00-UAMUGENSOU000003			102400	
BLUS31417	US	UNKNOWN TITLE	http://zeus.dl.playstation.net/cdn/UP1063/BLUS31417_00/vsKAqRUwjDtWujuMhsDnzOPvCMPZofBYnQxJYUVUohPMDYajXTeMCECdfRLQYVTz.pkg	MISSING	UP1063-BLUS31417_00-UAMUGENSOU000002			102400	
NPUB30860	US	UNKNOWN TITLE	http://zeus.dl.playstation.net/cdn/UP1063/NPUB30860_00/BSoubIRhkOSMURFidIHbEAPdZFcjuJnflWRxKWgmXbZXAGnzBAThzOjfxQqmLBNc.pkg	MISSING	UP1063-NPUB30860_00-AVALEGALTO000000			102400	
BLUS31500	US	UNKNOWN TITLE	http://zeus.dl.playstation.net/cdn/UP1063/BLUS31500_00/UP1063-BLUS31500_00-UATHEAWAKE000007_bg_1_79dd777bde9ef81b0716db1e8ae4301cd83086d8.pkg	MISSING	UP1063-BLUS31500_00-UATHEAWAKE000007			102400	
NPUB31571	US	UNKNOWN TITLE	http://zeus.dl.playstation.net/cdn/UP2131/NPUB31571_00/QtittZjXIwLDoqZMhcXXdfMEuhvQCsuiPGjgypgmfvjiZmjRcefvRjVvsULZBJPJ.pkg	MISSING	UP2131-NPUB31571_00-UADISRUPTI000051			125888	
NPUB30708	US	UNKNOWN TITLE	http://zeus.dl.playstation.net/cdn/UP4108/NPUB30708_00/HyzDsqTzaVkUxNUrplvoasHJSCeyJwzKNQsNevTPaHkDBeShUlMjsACZdWNZZeFzMQoPlLXOXcGMerogXPUrYOFPMJBeyrMzInEtD.pkg	MISSING	UP4108-NPUB30708_00-AVAWARORONEZHA00			120128	
NPUB30178	US	UNKNOWN TITLE	http://zeus.dl.playstation.net/cdn/UP4272/NPUB30178_00/UEZKHRZyqfEiZTibiITOYGNwiFItNwXrdJqoNEjMsjHDfbUkruNTIrHTkNNVJyzdtGmzKUrjNIDNqFSKgPldSUPbFXVWHlEcLzSmu.pkg	MISSING	UP4272-NPUB30178_00-AVAUSVOID0000000			102400	
NPUA80797	US	UNKNOWN TITLE	http://zeus.dl.playstation.net/cdn/UP9000/NPUA80797_00/waPxtjpwnwzDfTOueeQpQyvZqONVlZfkzPrbrZzpxuwfFoHhgEUIoosZTyrWdKedvDKXqXShvjmvWuYHYAzkUAiImWZrAskTsLCJM.pkg	MISSING	UP9000-NPUA80797_00-AVAMALVALERIA002			102400	
PCSA00155	US	UNKNOWN TITLE	http://zeus.dl.playstation.net/cdn/UP9000/PCSA00155_00/UP9000-PCSA00155_00-UAORESHIKA000004_bg_1_351ae515931c213eab3add6131514a37cf584c01.pkg	MISSING	UP9000-PCSA00155_00-UAORESHIKA000004			102400	
PCSA00155	US	UNKNOWN TITLE	http://zeus.dl.playstation.net/cdn/UP9000/PCSA00155_00/UP9000-PCSA00155_00-UAORESHIKA000005_bg_1_8227b6f660baacb17f766c2a5e30a26ca5f33d04.pkg	MISSING	UP9000-PCSA00155_00-UAORESHIKA000005			102400	
PCSA00155	US	UNKNOWN TITLE	http://zeus.dl.playstation.net/cdn/UP9000/PCSA00155_00/UP9000-PCSA00155_00-UAORESHIKA000003_bg_1_90b84b4e8ce70f4d0008a366cb6325ec5aa137d1.pkg	MISSING	UP9000-PCSA00155_00-UAORESHIKA000003			102400	
NPUB31700	US	UNKNOWN TITLE	http://zeus.dl.playstation.net/cdn/US0044/NPUB31700_00/US0044-NPUB31700_00-UACAPABILT000011_bg_1_4783c9810cf22abf3a7bbd819eea75cf1260b1dc.pkg	MISSING	US0044-NPUB31700_00-UACAPABILT000011			102400	
PCSE00540	US	UNKNOWN TITLE	http://zeus.dl.playstation.net/cdn/UP4501/PCSE00540_00/UP4501-PCSE00540_00-UAAQUAKITT000009_bg_1_b9852e6b9c8f753606b1e7bd2d285177f3da2e2d.pkg	MISSING	UP4501-PCSE00540_00-UAAQUAKITT000009			102400	
NPJQ80009	JP	UNKNOWN TITLE	http://zeus.dl.playstation.net/cdn/JP9003/NPJQ80009_00/AFKWJBWWprHSUjrqTQpzyPDoyHXbWPBIBSXwZFJuIHyxmYeaCisadSAWLgpaCqXBvvRHwQhoyffqoCCuqJlScTxhGgecoXonaVTMp.pkg	MISSING	JP9003-NPJQ80009_00-AVATARSMIO000003			102400	
NPJQ80009	JP	UNKNOWN TITLE	http://zeus.dl.playstation.net/cdn/JP9003/NPJQ80009_00/HcOvAqwwxfKbqaEhuoPrWTgDLVNAeptaZxqmTsYpJXOdrdmwwXMWobLrdJPdrcAbMBUTnXrEkVFynJMPjeOQnRgLZMAxzgBBqyXLs.pkg	MISSING	JP9003-NPJQ80009_00-AVATARSAZUSA0003			102400	
NPJQ80009	JP	UNKNOWN TITLE	http://zeus.dl.playstation.net/cdn/JP9003/NPJQ80009_00/nnQgbsekPZUPYWDCoraKoGyLDAEWhKyyNFyxmDtnSpHkaLHvXshmIpodyHbSFqAgprzYNchTbxICrnwqLZlxleQOUUgPzbjEkzBpv.pkg	MISSING	JP9003-NPJQ80009_00-AVATARSAZUSA0001			102400	
NPJR80006	JP	UNKNOWN TITLE	http://zeus.dl.playstation.net/cdn/JP0005/NPJR80006_00/UdlvqZHOWjpIFElOBxersiQwmlArmBUFCnPOKnKvGflhSgIjHDJYfgnKLtyWAGAetiQWEircRWCCZeIqamKRrYjSsOKoMxTFoloGH.pkg	MISSING	JP0005-NPJR80006_00-AVACATHERINE0001			125520	
NPJR80006	JP	UNKNOWN TITLE	http://zeus.dl.playstation.net/cdn/JP0005/NPJR80006_00/DSTDKgeUGfPSisunssVBNKGjMOnKQySGGGWaUJKZqJdsECrtzYUjYeHVhQPuIffLQUszhIUiTnlmaTFkcahPUOEgRQilkoPUwkfxl.pkg	MISSING	JP0005-NPJR80006_00-AVACATHERINE0002			110464	
NPJR80006	JP	UNKNOWN TITLE	http://zeus.dl.playstation.net/cdn/JP0005/NPJR80006_00/nyPmwWkybWxJcuxLhIjeqRSjoPpJGoMdnTzIFBtJGEHQvLUhleNgrfRizYOiwnzwTtHPRLDkgRAVRvwqUZGdPeQgIXhhZfqRvtQgd.pkg	MISSING	JP0005-NPJR80006_00-AVACATHERINE0003			102400	
NPJR80006	JP	UNKNOWN TITLE	http://zeus.dl.playstation.net/cdn/JP0005/NPJR80006_00/XGSgcSzSXcXAgkvTokzPABLKjWvvblwXVYxNeurlsKMrYTdlPTUpyINkwbeiUzpmyrskRDxxPvLsjYlQBEmlDtAynLeAIqavoeNPN.pkg	MISSING	JP0005-NPJR80006_00-AVACATHERINE0004			102400	
NPJR80006	JP	UNKNOWN TITLE	http://zeus.dl.playstation.net/cdn/JP0005/NPJR80006_00/rWrAqUwqeDjnlYmBtXWiSvaqBxRARyoVvIEtNqEkhkeqixrsjxPzXjxTaVDfkDjIfWpuTIOgGfULOnNEFpDykyqObMarDphXJIOri.pkg	MISSING	JP0005-NPJR80006_00-AVACATHERINE0005			102400	
NPJR80006	JP	UNKNOWN TITLE	http://zeus.dl.playstation.net/cdn/JP0005/NPJR80006_00/vbdfxcDkFQCgEGhohTvObHUpDvGstYTzemMyamPqBopXDzRCTEstvEIJkgdQfTOzLuKgvHaFbxBJjgYujzPzZyogwQNqtUKPjznxB.pkg	MISSING	JP0005-NPJR80006_00-AVACATHERINE0006			102400	
NPJR80006	JP	UNKNOWN TITLE	http://zeus.dl.playstation.net/cdn/JP0005/NPJR80006_00/HskYiVqCyUYrfYnbdEIyQEwwHsAmHnLOKdTWuTedYmxqTbTnQFCUiYyJWlPsQlxMmBwQUDeHmGfPwLfVfsPyteSbSzdoesPxJhHoI.pkg	MISSING	JP0005-NPJR80006_00-AVACATHERINE0007			102400	
NPJR80006	JP	UNKNOWN TITLE	http://zeus.dl.playstation.net/cdn/JP0005/NPJR80006_00/hCBUfExHHtbZHixQHDxOOoMJJCPVdVRYAXZNIAztYGxYYmcbtOENDSENfYVJzxHhLsZlurJZzlGcMZsbogxmjyVZtKkWuYoURjOmN.pkg	MISSING	JP0005-NPJR80006_00-AVACATHERINE0008			114640	
NPJR80006	JP	UNKNOWN TITLE	http://zeus.dl.playstation.net/cdn/JP0005/NPJR80006_00/ZmlrHPLXYPIOvmLskCNLOxAbYRXtzNaJBuXGtKRfYPXevIucfekDpTXRGzZJHswYlhAAnIdPstytogoEOEWFkLCeAqZVcfeyHlLip.pkg	MISSING	JP0005-NPJR80006_00-AVACATHERINE0009			102400	
NPJR80006	JP	UNKNOWN TITLE	http://zeus.dl.playstation.net/cdn/JP0005/NPJR80006_00/fQAshSlpnkSWvrPovqkKTINjwzIFnPmFbTiozGZxOamZriLnuBJeRGewWMjYsbBXOIFjrpiqYFHAPxnQzQOVyjHbWRIIEIuZVlPCr.pkg	MISSING	JP0005-NPJR80006_00-AVACATHERINE0010			102400	
NPJR80006	JP	UNKNOWN TITLE	http://zeus.dl.playstation.net/cdn/JP0005/NPJR80006_00/lQHGXbWtjwYfOiZxgrDrjIpABmbxxYWwjsXNDhUloqyXeRFkHoncPSuiwcgiYjojUiTMGiBshKSwzFFJffJxORPtpceEEdnZqcXML.pkg	MISSING	JP0005-NPJR80006_00-AVACATHERINE0011			102400	
NPUB31445	US	UNKNOWN TITLE	http://zeus.dl.playstation.net/cdn/UP2032/NPUB31445_00/PomiroOULululrGmRQsAlPWhKdPVfWmkBsAuQAsmQdoIbNDEaZCCXaCuoNkgJYjD.pkg	MISSING	UP2032-NPUB31445_00-UASKULLGIR000003			102400	
PCSB00226	EU	UNKNOWN TITLE	http://zeus.dl.playstation.net/cdn/EP0747/PCSB00226_00/FvgJlryqCZopzMWtdWvqRqcpxDFICGYOYkRvUPmdnaEEmSDkWOzWwcDDCgbGpLJj.pkg	MISSING	EP0747-PCSB00226_00-AVRAGNAROK000014			104784	
PCSB00226	EU	UNKNOWN TITLE	http://zeus.dl.playstation.net/cdn/EP0747/PCSB00226_00/GjHWBSkVwJzBdYtgbIGZgLplcJUArcwQlWqWhhxdbnunClzVfqxBDHptNtBmANxu.pkg	MISSING	EP0747-PCSB00226_00-AVRAGNAROK000006			102400	
PCSB00226	EU	UNKNOWN TITLE	http://zeus.dl.playstation.net/cdn/EP0747/PCSB00226_00/JXeTVxTgeEeyKjYhqFrfqYvsskUEhYdBfCLkBlOIJOXGpwGJPpqXBZbCUjCRCUiL.pkg	MISSING	EP0747-PCSB00226_00-AVRAGNAROK000010			102400	
PCSB00226	EU	UNKNOWN TITLE	http://zeus.dl.playstation.net/cdn/EP0747/PCSB00226_00/QcNNaQBeGkJPzZlpwOwxQrSSMTGnhQAexktSUHdFtAkwRmHdahkjUbKRrHLPGRDD.pkg	MISSING	EP0747-PCSB00226_00-AVRAGNAROK000012			102400	
PCSB00226	EU	UNKNOWN TITLE	http://zeus.dl.playstation.net/cdn/EP0747/PCSB00226_00/VZfvPFzMfIbvIXmPauBjhTFbwksIrjvNMrnVrBpbNSFYdlSUFUliaFVNpfWvvFLC.pkg	MISSING	EP0747-PCSB00226_00-AVRAGNAROK000013			102400	
PCSB00226	EU	UNKNOWN TITLE	http://zeus.dl.playstation.net/cdn/EP0747/PCSB00226_00/VmuDmSLDNdStRgPePGkJtfDWtFLiDPnUdSpkZAvZfwaItPvpgyJDJMEmiMhgNPJO.pkg	MISSING	EP0747-PCSB00226_00-AVRAGNAROK000009			113136	
PCSB00226	EU	UNKNOWN TITLE	http://zeus.dl.playstation.net/cdn/EP0747/PCSB00226_00/XiGqWYVadCmdovgNswsnOKtZftwXeiQONqzOWhzHgKYJkxWQAjeoUoGWFnBIXAjC.pkg	MISSING	EP0747-PCSB00226_00-AVRAGNAROK000003			111712	
PCSB00226	EU	UNKNOWN TITLE	http://zeus.dl.playstation.net/cdn/EP0747/PCSB00226_00/hPUnmWeNTDUOauSQFSoHnOmbvPByxNVmFCzROPbvJAwdYpGxskdiaHtdpKmwNvhx.pkg	MISSING	EP0747-PCSB00226_00-AVRAGNAROK000015			102400	
PCSB00226	EU	UNKNOWN TITLE	http://zeus.dl.playstation.net/cdn/EP0747/PCSB00226_00/lpgpVluWEKULlXysXlPiLfxhLYJNkpdtVgvRyFtKxPHWMVMpOeIXEEgAjBGUbisL.pkg	MISSING	EP0747-PCSB00226_00-AVRAGNAROK000011			102400	
PCSB00226	EU	UNKNOWN TITLE	http://zeus.dl.playstation.net/cdn/EP0747/PCSB00226_00/uqWjkPXMwJmZwIpyEmWJGgJMrAaXAOtOtwLVoTuTDbdBIgQRVPTDTIZApEsuDQcw.pkg	MISSING	EP0747-PCSB00226_00-AVRAGNAROK000005			111920	
PCSB00226	EU	UNKNOWN TITLE	http://zeus.dl.playstation.net/cdn/EP0747/PCSB00226_00/weadbLtpmjWrFdgxRSbxbaxcAhfwLNOaBdVjULHKKGsycGEXNWwQizJshdMQJvfU.pkg	MISSING	EP0747-PCSB00226_00-AVRAGNAROK000004			102400	
PCSB00346	EU	UNKNOWN TITLE	http://zeus.dl.playstation.net/cdn/EP1063/PCSB00346_00/PpdPPvzIvtPxktzwNVrKNFZPMeYuAkHgQNyyLOmAwFBEoWEavAyIblKaBMGtJtMB.pkg	MISSING	EP1063-PCSB00346_00-AVDANGANRO000004			125088	
PCSB00226	EU	UNKNOWN TITLE	http://zeus.dl.playstation.net/cdn/EP0747/PCSB00226_00/yzphQivAwvHyRPklgjqCTVVzcydTvdBDsGYWRELdhEgEvwKEUIEFQsBnVMoWHPUr.pkg	MISSING	EP0747-PCSB00226_00-AVRAGNAROK000002			102400	
PCSB00346	EU	UNKNOWN TITLE	http://zeus.dl.playstation.net/cdn/EP1063/PCSB00346_00/TbpXIIDWnfxUcATxxysuFQksjzgGpTSEYNMdjvOAZZvIYykEBZfZsceWEwAhAvIs.pkg	MISSING	EP1063-PCSB00346_00-AVDANGANRO000014			102400	
PCSB00205	EU	UNKNOWN TITLE	http://zeus.dl.playstation.net/cdn/EP4034/PCSB00205_00/VQzTvAGMFShkKRxrAMsnRIPVGueREGAYymWUBFRhsOwULHgyMHDTavCSNtujWTxk.pkg	MISSING	EP4034-PCSB00205_00-AVVIRTUESL000008			134416	
PCSB00514	EU	UNKNOWN TITLE	http://zeus.dl.playstation.net/cdn/EP1063/PCSB00514_00/uHqCOWcFihDUOsEwWBLudZATwbtChLUJgeyNDQTHnRDmQbOanfWqIcUltlthXvHG.pkg	MISSING	EP1063-PCSB00514_00-AVDANGANRO000015			125152	
PCSG00182	JP	UNKNOWN TITLE	http://zeus.dl.playstation.net/cdn/JP0082/PCSG00182_00/CTbzlkxDYAliGUkfjlaDlFIdBWXfKfHpJFqFwlElOpfEAkMNoUdIqNAsGgzCHJIf.pkg	MISSING	JP0082-PCSG00182_00-AVATAR1401MA0044			134928	
PCSG00182	JP	UNKNOWN TITLE	http://zeus.dl.playstation.net/cdn/JP0082/PCSG00182_00/DWoTBZIzBzlCwlFoHuRaIOyLxUuaiSPywcqURlQfpBoCdyOvzwmPopQPEkxreFJg.pkg	MISSING	JP0082-PCSG00182_00-AVATAR1401MA0041			145040	
PCSG00182	JP	UNKNOWN TITLE	http://zeus.dl.playstation.net/cdn/JP0082/PCSG00182_00/EYkVLsLZrMCdaqovfNFkqCBnkeHijcxgfyXeVUsBFggwaxJbZDmZNsMDvpJlJtIU.pkg	MISSING	JP0082-PCSG00182_00-AVATAR1401MA0037			122000	
PCSG00182	JP	UNKNOWN TITLE	http://zeus.dl.playstation.net/cdn/JP0082/PCSG00182_00/GNtUHzosHEGNIbogWIbXUdRgrXZDHfUctmWSyFUHBQBsqbfCtvZPpFXKuzrcZmxB.pkg	MISSING	JP0082-PCSG00182_00-AVATAR1401MA0042			109568	
PCSG00182	JP	UNKNOWN TITLE	http://zeus.dl.playstation.net/cdn/JP0082/PCSG00182_00/MKeAGtEUgYLRceyujcxsytUkpHFlrJIIWlxRsooqASaqVVAZHIzqulmleqZBgkFB.pkg	MISSING	JP0082-PCSG00182_00-AVATAR1401MA0033			107888	
PCSG00182	JP	UNKNOWN TITLE	http://zeus.dl.playstation.net/cdn/JP0082/PCSG00182_00/MdKMZRyFTzfYbHdbwlQZUszKuLypXselDjjFqygwDBrYbluAdsWhGCTZDWZpIBKw.pkg	MISSING	JP0082-PCSG00182_00-AVATAR1401MA0032			118320	
PCSG00182	JP	UNKNOWN TITLE	http://zeus.dl.playstation.net/cdn/JP0082/PCSG00182_00/bixpHXrzbTrFMbGsftPttGqLjDTKgZBjPwdBrHvmXheVExqfkUsdPxPTtqwdLSMS.pkg	MISSING	JP0082-PCSG00182_00-AVATAR1401MA0030			102400	
PCSG00182	JP	UNKNOWN TITLE	http://zeus.dl.playstation.net/cdn/JP0082/PCSG00182_00/PBsrVvWkdvkDJIoeQMPZTUxBWuzHbmzifpgPHTlmpxOPoBwzBHReohWWZolkOnoE.pkg	MISSING	JP0082-PCSG00182_00-AVATAR1401MA0043			125392	
PCSG00182	JP	UNKNOWN TITLE	http://zeus.dl.playstation.net/cdn/JP0082/PCSG00182_00/dIdJmVUFABcJwQTVeJdyTJIjQelZQNWPHITojahZRdmjgNNYYjMONRUbRYAZCmcV.pkg	MISSING	JP0082-PCSG00182_00-AVATAR1401MA0029			102400	
PCSG00182	JP	UNKNOWN TITLE	http://zeus.dl.playstation.net/cdn/JP0082/PCSG00182_00/eZSFbCFkNZIeceTCfBQwynHVWSstfEURqUKktCYCLxNRHEcBHoLXZEMiXrdZaBoH.pkg	MISSING	JP0082-PCSG00182_00-AVATAR1401MA0028			102400	
PCSG00182	JP	UNKNOWN TITLE	http://zeus.dl.playstation.net/cdn/JP0082/PCSG00182_00/kAeVSrGuCxtOmAxbDgpARZKLqVJqIgutNrvWAujrzHLwTmtECSEZIGuFPRnXGrXY.pkg	MISSING	JP0082-PCSG00182_00-AVATAR1401MA0039			102400	
PCSG00182	JP	UNKNOWN TITLE	http://zeus.dl.playstation.net/cdn/JP0082/PCSG00182_00/knNxyAZRjNopeUyRHOFFKSvtMExpdRKMrzNXfYgwpiQAoNYrnwArdltmBnivJnNo.pkg	MISSING	JP0082-PCSG00182_00-AVATAR1401MA0027			102400	
PCSG00182	JP	UNKNOWN TITLE	http://zeus.dl.playstation.net/cdn/JP0082/PCSG00182_00/nLtoroYNbluZpUlZTMatExxbZCwBFUiVWTThcyoUKQtNvarkRjFjadRvMGQKnsNR.pkg	MISSING	JP0082-PCSG00182_00-AVATAR1401MA0034			113232	
PCSG00182	JP	UNKNOWN TITLE	http://zeus.dl.playstation.net/cdn/JP0082/PCSG00182_00/sWTcqxjdNLECzklgtfMZxGJdranOCxRSmCOeGqXJcswfOBPvlGkPPjzqWhlywcQJ.pkg	MISSING	JP0082-PCSG00182_00-AVATAR1401MA0035			102400	
PCSG00182	JP	UNKNOWN TITLE	http://zeus.dl.playstation.net/cdn/JP0082/PCSG00182_00/sZwXehzHwYgnwhRqfHrnHdLONzaPnnBKGmKolLfcHRdlLKzzJrsPvFYCsErcfqnD.pkg	MISSING	JP0082-PCSG00182_00-AVATAR1401MA0025			119040	
PCSG00182	JP	UNKNOWN TITLE	http://zeus.dl.playstation.net/cdn/JP0082/PCSG00182_00/ywfdrkgLwTqfQOoLqSHvYCTiCIgoOjHbmmrjtqWqETTcPdeCeDxWyaEhusfSdcVZ.pkg	MISSING	JP0082-PCSG00182_00-AVATAR1401MA0031			104416	
PCSG00182	JP	UNKNOWN TITLE	http://zeus.dl.playstation.net/cdn/JP0082/PCSG00182_00/wxzVWhEiCBHRRaetrlvliGBFeTeckCJoBrrRfctothMuFsnLwtBhYdmykwIwtFIg.pkg	MISSING	JP0082-PCSG00182_00-AVATAR1401MA0026			102400	
PCSG00133	JP	UNKNOWN TITLE	http://zeus.dl.playstation.net/cdn/JP0507/PCSG00133_00/iMRuBRzLoftUmHacIpfitUgqEtanAnznokFOOxWTgFYpRNHhtwdRlLvfBzJONpAQdxmVgDdtCRHPCApaueywtRRNvUWaCHQyxqCiS.pkg	MISSING	JP0507-PCSG00133_00-AVATAR1301MRS001			102400	
BLUS31423	US	UNKNOWN TITLE	http://zeus.dl.playstation.net/cdn/UP1063/BLUS31423_00/AiRBdaHRpimNPwnvHKkphotWDpyEUCEfnQkUGnCJhUdvZOMtHebgdFelZyeVDAux.pkg	MISSING	UP1063-BLUS31423_00-UAFAIRYFEN000019			102400	
BLUS31423	US	UNKNOWN TITLE	http://zeus.dl.playstation.net/cdn/UP1063/BLUS31423_00/AqSQWEeKTobrTgCtoxkGlWfyMNqRlmllfYpVECvnucLPUwHKHfBQCcKjkyXHOiTK.pkg	MISSING	UP1063-BLUS31423_00-UAFAIRYFEN000009			102400	
BLUS31423	US	UNKNOWN TITLE	http://zeus.dl.playstation.net/cdn/UP1063/BLUS31423_00/EswcGcAtftGPQGdSATDFcegDSPRRcAEloZylVApSpKplXTOhUFEznXKTKcTMabZC.pkg	MISSING	UP1063-BLUS31423_00-UAFAIRYFEN000008			102400	
BLUS31423	US	UNKNOWN TITLE	http://zeus.dl.playstation.net/cdn/UP1063/BLUS31423_00/LDCMgTgSsyEzjGdeGJtplHmQDHUxQfmhZAecwEpjQfmqChAeBsATgFEQzFIphyTI.pkg	MISSING	UP1063-BLUS31423_00-UAFAIRYFEN000023			109184	
BLUS31423	US	UNKNOWN TITLE	http://zeus.dl.playstation.net/cdn/UP1063/BLUS31423_00/OwilAwxlrNpldcEuQomLbBNLVKhFIIiFxleqHdOOPgPBrqELnbPcGUcWRQyJXdmy.pkg	MISSING	UP1063-BLUS31423_00-UAFAIRYFEN000018			102400	
BLUS31423	US	UNKNOWN TITLE	http://zeus.dl.playstation.net/cdn/UP1063/BLUS31423_00/TUZvWCFlHtTaOTxmgsrcjkXAjADuyfIDILAJIdmEExyvhyfQJYAFZltrkOtbEmOi.pkg	MISSING	UP1063-BLUS31423_00-UAFAIRYFEN000007			102400	
BLUS31423	US	UNKNOWN TITLE	http://zeus.dl.playstation.net/cdn/UP1063/BLUS31423_00/ZKhZbUBpSQbdrDBJuZUjbEEwkXDnSvkxrFFzEGoFIjvHkqjmsLNvcqUhybeSFmgZ.pkg	MISSING	UP1063-BLUS31423_00-UAFAIRYFEN000006			102400	
BLUS31423	US	UNKNOWN TITLE	http://zeus.dl.playstation.net/cdn/UP1063/BLUS31423_00/dCIZiAkGQadZPQXxzBwurkZDuKUxGademNTRjqDUpGMClVcnRqgMFPZzybSwDfwY.pkg	MISSING	UP1063-BLUS31423_00-UAFAIRYFEN000015			105328	
BLUS31423	US	UNKNOWN TITLE	http://zeus.dl.playstation.net/cdn/UP1063/BLUS31423_00/dMlLjwUgkcfECITEihEFktZhRwNysNwqdFLjXOLLPezJpXOzmrrcsQRFlUppRFrO.pkg	MISSING	UP1063-BLUS31423_00-UAFAIRYFEN000010			102400	
BLUS31423	US	UNKNOWN TITLE	http://zeus.dl.playstation.net/cdn/UP1063/BLUS31423_00/fNvjsdYoBhMjnqVnMAZHofZhdcoWxptMfgaYMRdkePZXQjuWvSTOuQRLWNaykvLJ.pkg	MISSING	UP1063-BLUS31423_00-UAFAIRYFEN000016			102400	
BLUS31423	US	UNKNOWN TITLE	http://zeus.dl.playstation.net/cdn/UP1063/BLUS31423_00/qgrvgMqPfVYzNhlneRPuSLaDQhojrlpVlHkMYshVNfqaUSxZGmcbEHfawewYWlsO.pkg	MISSING	UP1063-BLUS31423_00-UAFAIRYFEN000013			102400	
BLUS31423	US	UNKNOWN TITLE	http://zeus.dl.playstation.net/cdn/UP1063/BLUS31423_00/rikSJEHuYxSSzoekROuBMyVTKEcJKKeLoXoeXdnZVIPCwXyCjKmVSIRMnzOJuRoP.pkg	MISSING	UP1063-BLUS31423_00-UAFAIRYFEN000024			102400	
BLUS31423	US	UNKNOWN TITLE	http://zeus.dl.playstation.net/cdn/UP1063/BLUS31423_00/twnpXVdAbJkbcwJXYxUMLRwfEuwajSXuIeHdIdyvSdtceefUQpkFsKKafNLEvhnG.pkg	MISSING	UP1063-BLUS31423_00-UAFAIRYFEN000011			102400	
BLUS31423	US	UNKNOWN TITLE	http://zeus.dl.playstation.net/cdn/UP1063/BLUS31423_00/vFCiVGQCuxskNHOoJTyaipZyLMvhyylBDKgRcvZRDYuVptqNMbYGkKtgieodGWZk.pkg	MISSING	UP1063-BLUS31423_00-UAFAIRYFEN000017			102400	
BLUS31423	US	UNKNOWN TITLE	http://zeus.dl.playstation.net/cdn/UP1063/BLUS31423_00/xQpkZDkzYViBFIEpHfvZsFDxIkszYmatmxaYCrpCgwkoJAPwXhIfoOthGqLuEZbE.pkg	MISSING	UP1063-BLUS31423_00-UAFAIRYFEN000004			102400	
BLES01409	EU	THE KING OF FIGHTERS XIII - Ash	http://zeus.dl.playstation.net/cdn/EP4034/BLES01409_00/CEsmqKybosuVlUJKwKfxvngDSPgqKjnxMzVQKisSEJdGgYhDvhIdjRclCifnJfOV.pkg	MISSING	EP4034-BLES01409_00-AVTHEKINGO000001			107408	
BLES01409	EU	THE KING OF FIGHTERS XIII - Athena	http://zeus.dl.playstation.net/cdn/EP4034/BLES01409_00/AoTfPUxvGDPqlHHogdvTZVElEmCtiUMNMbqLnBYusrwPOBvmsosVPXYNTYNyAMhY.pkg	MISSING	EP4034-BLES01409_00-AVTHEKINGO000002			102400	
BLES01409	EU	THE KING OF FIGHTERS XIII - Benimaru	http://zeus.dl.playstation.net/cdn/EP4034/BLES01409_00/paqzjQsttWPjedtvtJDOFNdNZMMUjVBJzyLOfhEyOWeuSsQLudIZPZGFrGDGgzIp.pkg	MISSING	EP4034-BLES01409_00-AVTHEKINGO000003			102400	
BLES01409	EU	THE KING OF FIGHTERS XIII - Chin	http://zeus.dl.playstation.net/cdn/EP4034/BLES01409_00/AAAspiRncwrzdQDgfhuknAAJPUjJsAsyKZNuAAAkiosZXpDgfkISavYbSGTcZtDu.pkg	MISSING	EP4034-BLES01409_00-AVTHEKINGO000005			102400	
BLES01409	EU	THE KING OF FIGHTERS XIII - Billy	http://zeus.dl.playstation.net/cdn/EP4034/BLES01409_00/zhzdOllYSbVaEBdXOAlWEKWAnwhBiQSvdoOHsRSYekxvIOVKZUbgIhmeZrOANOzY.pkg	MISSING	EP4034-BLES01409_00-AVTHEKINGO000004			102400	
BLES01409	EU	THE KING OF FIGHTERS XIII - Andy	http://zeus.dl.playstation.net/cdn/EP4034/BLES01409_00/CSLkREhyPrxUawVSvnveRUustpDfggeMQVFQFfCgIVMYlwAnMomKKddKgGKiYFlU.pkg	MISSING	EP4034-BLES01409_00-AVTHEKINGO000006			102400	
BLES01409	EU	THE KING OF FIGHTERS XIII - Clark	http://zeus.dl.playstation.net/cdn/EP4034/BLES01409_00/dEEZMOiXrqhNGAHTxXJoanFaisynspVAqICYaxwrmMUswtGnskOYwFKtovoekAPY.pkg	MISSING	EP4034-BLES01409_00-AVTHEKINGO000007			102400	
BLES01409	EU	THE KING OF FIGHTERS XIII - Daimon	http://zeus.dl.playstation.net/cdn/EP4034/BLES01409_00/jHvoKFqnVWRfKznqyMdBhUdHXeraKhEWldnkcRMaXolZJZBqYGjAXOyqRetwRhdY.pkg	MISSING	EP4034-BLES01409_00-AVTHEKINGO000008			102400	
BLES01409	EU	THE KING OF FIGHTERS XIII - Dark Ash	http://zeus.dl.playstation.net/cdn/EP4034/BLES01409_00/YPXdUEjQiwAjVPGlUKQQeiIYMcPNvdISkRxYcMACCDaoOgGuEAcNfLIUXQglmwCM.pkg	MISSING	EP4034-BLES01409_00-AVTHEKINGO000009			110416	
BLES01409	EU	THE KING OF FIGHTERS XIII - Duo Lon	http://zeus.dl.playstation.net/cdn/EP4034/BLES01409_00/mZDJvZBqlmdjYLndwZTKyiaXAddUECCaNebyTytoIGNXYMKYrsVqjmHIdkDkgVze.pkg	MISSING	EP4034-BLES01409_00-AVTHEKINGO000010			115216	
BLES01409	EU	THE KING OF FIGHTERS XIII - Elisabeth	http://zeus.dl.playstation.net/cdn/EP4034/BLES01409_00/EzzHQUFmbrvCWkPGTnclxfOzyhdqZcndgkmRjbxRwNAAOoaFzJjimkYYqgnpccXM.pkg	MISSING	EP4034-BLES01409_00-AVTHEKINGO000011			102400	
BLES01409	EU	THE KING OF FIGHTERS XIII - Iori With The Power Of Flames	http://zeus.dl.playstation.net/cdn/EP4034/BLES01409_00/HBaJCozVovZAPnwYlpoKZhwrUvuRPlGWFDsvSaUFHsJEdfaCGTKGRzZCpbmvLyTp.pkg	MISSING	EP4034-BLES01409_00-AVTHEKINGO000012			115072	
BLES01409	EU	THE KING OF FIGHTERS XIII - Hwa Jai	http://zeus.dl.playstation.net/cdn/EP4034/BLES01409_00/MjRDZUAgiKDcBHiGIKgHNZmErVXSPqhCLHLIQDdpmqGFJLfcgYHsTZooTJKFPZUq.pkg	MISSING	EP4034-BLES01409_00-AVTHEKINGO000013			102400	
BLES01409	EU	THE KING OF FIGHTERS XIII - Iori	http://zeus.dl.playstation.net/cdn/EP4034/BLES01409_00/SSFNSQNTagzVglKKAXxBuspwgPadSXaPWWNUroNwtLMHrOBNUIgKVCMCmxMhgpPQ.pkg	MISSING	EP4034-BLES01409_00-AVTHEKINGO000014			102400	
BLES01409	EU	THE KING OF FIGHTERS XIII - Joe	http://zeus.dl.playstation.net/cdn/EP4034/BLES01409_00/YjgQtLbUiZqIKDvnohyhzssYwSCbhmqrEVmLXcCslYZdSLcFmyUEtsklJUYPCMHA.pkg	MISSING	EP4034-BLES01409_00-AVTHEKINGO000015			102400	
BLES01409	EU	THE KING OF FIGHTERS XIII - K'	http://zeus.dl.playstation.net/cdn/EP4034/BLES01409_00/VgCympwYSwBfDkIpbleXCcxvRaqsqPwCZzzggsmqSIXRgLdbaueSfOcWcraUksMk.pkg	MISSING	EP4034-BLES01409_00-AVTHEKINGO000016			102400	
BLES01409	EU	THE KING OF FIGHTERS XIII - Mr Karate	http://zeus.dl.playstation.net/cdn/EP4034/BLES01409_00/kbrMesyszhyCWLpbkYwXcCMNIFUrYnbvjFpPvwPigNeqWSLFbeBpByGVaJYjJznl.pkg	MISSING	EP4034-BLES01409_00-AVTHEKINGO000017			102400	
BLES01409	EU	THE KING OF FIGHTERS XIII - Kensou	http://zeus.dl.playstation.net/cdn/EP4034/BLES01409_00/YsYHOHWMvOxisHSfmZzHAHZJgSNZNYytIyluOwiqEhXxykpThdWIvOPWptpghXKd.pkg	MISSING	EP4034-BLES01409_00-AVTHEKINGO000018			102400	
BLES01409	EU	THE KING OF FIGHTERS XIII - Kim	http://zeus.dl.playstation.net/cdn/EP4034/BLES01409_00/GyvvvnHViTGIWajZruEuRYLqPVyqGRUbdnpMwLNqoGrboyGuJhYGxXUVowDWtebh.pkg	MISSING	EP4034-BLES01409_00-AVTHEKINGO000019			102400	
BLES01409	EU	THE KING OF FIGHTERS XIII - King	http://zeus.dl.playstation.net/cdn/EP4034/BLES01409_00/LbFjUDnyfAqEfBAHIjRcGdYWtenfcwiLMkQKUiMyGYDOaenNNQWJWuHwSBcyBBKh.pkg	MISSING	EP4034-BLES01409_00-AVTHEKINGO000020			102400	
BLES01409	EU	THE KING OF FIGHTERS XIII - Kula	http://zeus.dl.playstation.net/cdn/EP4034/BLES01409_00/eWVWOlFEhICkivHoIhJUsdEvjnPCIlvBPccouYKygjPoZvtGFBWfhNVAdQociUTa.pkg	MISSING	EP4034-BLES01409_00-AVTHEKINGO000021			108096	
BLES01409	EU	THE KING OF FIGHTERS XIII - Kyo	http://zeus.dl.playstation.net/cdn/EP4034/BLES01409_00/EZlzGQhpzdDDtPMLSXrwUgoWQuijhVIvlDLHdThUYhQloCtsraVEZmSkeVqsKLsk.pkg	MISSING	EP4034-BLES01409_00-AVTHEKINGO000022			102400	
BLES01409	EU	THE KING OF FIGHTERS XIII - Leona	http://zeus.dl.playstation.net/cdn/EP4034/BLES01409_00/PIgDHrtoQahDNfiMSCHQiYBQJbedaPTLAMvmeLbvsEaWZXuxPSBDloEOsRnSyThQ.pkg	MISSING	EP4034-BLES01409_00-AVTHEKINGO000023			116208	
BLES01409	EU	THE KING OF FIGHTERS XIII - Mature	http://zeus.dl.playstation.net/cdn/EP4034/BLES01409_00/glOLJxoWykFsNsIXNHCrxMrxdckXxWyOHSvvEqstBqkfwpxdoxibtgDoZYEvjNlv.pkg	MISSING	EP4034-BLES01409_00-AVTHEKINGO000025			102400	
BLES01409	EU	THE KING OF FIGHTERS XIII - Raiden	http://zeus.dl.playstation.net/cdn/EP4034/BLES01409_00/gKlOAxiiBBoqlQjqcCHPcbRRPKdCByBXypcdmckkkauyyPKhHVZbTfpRmUkgsKMk.pkg	MISSING	EP4034-BLES01409_00-AVTHEKINGO000028			102400	
BLES01409	EU	THE KING OF FIGHTERS XIII - NESTs Style Kyo	http://zeus.dl.playstation.net/cdn/EP4034/BLES01409_00/dmMfAVTrPItVxztLSaQayEwznHHGvSQzxIcdVAqeyRXoFDuUFSGnyZncnzOykgTF.pkg	MISSING	EP4034-BLES01409_00-AVTHEKINGO000027			111520	
BLES01409	EU	THE KING OF FIGHTERS XIII - Ralf	http://zeus.dl.playstation.net/cdn/EP4034/BLES01409_00/dwVgGQddOilqvDMkFEYJLvFhKllPvxDvhaACxRJfBSyUXiormojYTrHtZLexJXAC.pkg	MISSING	EP4034-BLES01409_00-AVTHEKINGO000029			102400	
BLES01409	EU	THE KING OF FIGHTERS XIII - Robert	http://zeus.dl.playstation.net/cdn/EP4034/BLES01409_00/JbNQxJhqlJKFxiorcTMnalNvBHoiydZubHLcBZMYBtfTFFcjTLXEuqYklhpgbnET.pkg	MISSING	EP4034-BLES01409_00-AVTHEKINGO000030			102400	
BLES01409	EU	THE KING OF FIGHTERS XIII - Ryo	http://zeus.dl.playstation.net/cdn/EP4034/BLES01409_00/fqYsZouHFnNSqngPpNXosBhwWYpohKrofzLNweZIUxopDnjwqRPWACzdAvMQaDdD.pkg	MISSING	EP4034-BLES01409_00-AVTHEKINGO000031			102400	
BLES01409	EU	THE KING OF FIGHTERS XIII - Saiki	http://zeus.dl.playstation.net/cdn/EP4034/BLES01409_00/NzMIogJUCZfzmAAeoPmeabIFhTKccfCzGgNpSMzmKCpGwnQUagUufJFiLddZEBmE.pkg	MISSING	EP4034-BLES01409_00-AVTHEKINGO000032			129072	
BLES01409	EU	THE KING OF FIGHTERS XIII - Shen	http://zeus.dl.playstation.net/cdn/EP4034/BLES01409_00/QYYSwdyIwrGBaUXPRyuRcSqMyeciWYcTOymfLFlEYHOesfnozRGkdmtDTBsQWpWK.pkg	MISSING	EP4034-BLES01409_00-AVTHEKINGO000033			102400	
BLES01409	EU	THE KING OF FIGHTERS XIII - Takuma	http://zeus.dl.playstation.net/cdn/EP4034/BLES01409_00/JyQyrEnixhbwApAHYuqppXRrAvLLPftTUmjfZhalxtyupbzljruliMpNoZKnsFoA.pkg	MISSING	EP4034-BLES01409_00-AVTHEKINGO000035			102400	
BLES01409	EU	THE KING OF FIGHTERS XIII - Saiki After Transformation	http://zeus.dl.playstation.net/cdn/EP4034/BLES01409_00/NMnTYbJcQnLZDkdmBCgBUhxkaJzKdnNpTwTsRXWzybxFQOQhndZvPnCvHMhuKEwB.pkg	MISSING	EP4034-BLES01409_00-AVTHEKINGO000034			109488	
BLES01409	EU	THE KING OF FIGHTERS XIII - Terry	http://zeus.dl.playstation.net/cdn/EP4034/BLES01409_00/leSEegEWdECYMDcXCjdLotdDZpSLRHOYmWDISJNzSbIPGIZagnMsKpVxAKCVYbAz.pkg	MISSING	EP4034-BLES01409_00-AVTHEKINGO000036			102400	
BLES01409	EU	THE KING OF FIGHTERS XIII - Yuri	http://zeus.dl.playstation.net/cdn/EP4034/BLES01409_00/SHtXaPhlROJIXBoFSavZSnFMGPZSjxAsHcBtmDqZFsNbqqzjlsUvhprQgorVhRFa.pkg	MISSING	EP4034-BLES01409_00-AVTHEKINGO000038			102400	
BLES01409	EU	THE KING OF FIGHTERS XIII - Maxima	http://zeus.dl.playstation.net/cdn/EP4034/BLES01409_00/tDibfDguuWFdRShPUIXFuMzZjOVSXoUkBEFqsOajDLdNIbsFrqMrDGoLSmOUmCVa.pkg	MISSING	EP4034-BLES01409_00-AVTHEKINGO000039			104128	
BLES01409	EU	THE KING OF FIGHTERS XIII - Vice	http://zeus.dl.playstation.net/cdn/EP4034/BLES01409_00/BgppnwqIZjEyugWlLEBQRRPFuivylYxbbEfTBCQUkjObmSvUmhYMmgjhvuwRZDId.pkg	MISSING	EP4034-BLES01409_00-AVTHEKINGO000037			102400	
BLES01225	EU	Disgaea 4: Beast Avatar	http://zeus.dl.playstation.net/cdn/EP1063/BLES01225_00/ywlIWfUhfexqvvUTcJTEioCdfTUTTAmfyoImlVNdThbgCloGcyCdZvRkRjslfLRx.pkg	MISSING	EP1063-BLES01225_00-AVDISGAEA4000035			102400	
BLES01723	EU	Mugen Souls: Hyper Avatar	http://zeus.dl.playstation.net/cdn/EP1063/BLES01723_00/ISIeKDUCFaQoJcoCmfSttbylFJvStnVJHXxOzItLOjWXzlOcpTHUhqzuYHFnnSFH.pkg	49118b56349071080a056569403fee73	EP1063-BLES01723_00-AVMUGENSOU000006			102400	
BLES01723	EU	Mugen Souls: Sandy Avatar	http://zeus.dl.playstation.net/cdn/EP1063/BLES01723_00/ORlgfxUEvbJVunHYhBzUIzEWMvrGNevFGmLcEgqbqOjjAzejpWnvUnjJTMAwJiCf.pkg	c36ea710f16dc149c777d718bce37bd3	EP1063-BLES01723_00-AVMUGENSOU000009			102400	
BLES02022	EU	Mugen Souls Z: Onluka	http://zeus.dl.playstation.net/cdn/EP1063/BLES02022_00/ieFALeJDUPtpwZRmdgRCATUoKEaiFwoqTHjutPUqNnGRwJGiDKcCSOFBCzympBUI.pkg	b5d96f399a090874192e84679bfe176e	EP1063-BLES02022_00-AVMUGENSOU000004			103728	
NPJQ00043	JP	『フリーダムウォーズ』 「マティアス」アバター	http://zeus.dl.playstation.net/cdn/JP9003/NPJQ00043_00/EBVWZKtakRESTQZliBdusXyLceOqDuzsQkeaSlyzQDDzAFCVNOFWuWsGDszsItQC.pkg	MISSING	JP9003-NPJQ00043_00-AVATAR1402FW0009			102400	
NPJQ00043	JP	『フリーダムウォーズ』 「アリエス」アバター	http://zeus.dl.playstation.net/cdn/JP9003/NPJQ00043_00/GFxJPBEUywpEAadBRTkqYaJwRsWzFFtMGUEPsDxnAIXjfWCheiFZhScEsiNCQzho.pkg	MISSING	JP9003-NPJQ00043_00-AVATAR1402FW0007			102400	
NPJQ00043	JP	『フリーダムウォーズ』 「ナタリア」アバター	http://zeus.dl.playstation.net/cdn/JP9003/NPJQ00043_00/bMPeLDLEgceKfagfoCVkSPHhypoMbwGuGeNwkgHYNxLpuYRnIEQQVhAEapkIBFmC.pkg	MISSING	JP9003-NPJQ00043_00-AVATAR1402FW0010			102400	
NPJQ00043	JP	『フリーダムウォーズ』 「ベアトリーチェ」アバター	http://zeus.dl.playstation.net/cdn/JP9003/NPJQ00043_00/fLPTbXmekWOVtopXknJjYiQXumFIggtNrKFHBrHOJEEUUCgvSsSDHcosRlTdStqU.pkg	MISSING	JP9003-NPJQ00043_00-AVATAR1402FW0011			102400	
NPJQ00043	JP	『フリーダムウォーズ』 「エルフリーデ」アバター	http://zeus.dl.playstation.net/cdn/JP9003/NPJQ00043_00/WxNqmSbmPlBmyjVPDwyjirJfUSLlcQvCPodmIWVNBGtBVhfoLWAiAidRwKyjqWsE.pkg	MISSING	JP9003-NPJQ00043_00-AVATAR1403FW0015			102400	
NPUA80536	US	UNKNOWN TITLE	http://zeus.dl.playstation.net/cdn/UP9000/NPUA80536_00/QeCUBjwxBRBVGxvpQYKqUtlfvnEqqgZfqyNnmdrbteQUbPaZNXHTlKyMYTsTAKtHNjQBArbDIHrPtgtqHgizTFDExcDrtMWuiqlGP.pkg	MISSING	UP9000-NPUA80536_00-AVAPSMAPETSUKUHI			102400	